CountryName,CountryCode,Jurisdiction,Date,C1_School closing,C1_Flag,C2_Workplace closing,C2_Flag,C3_Cancel public events,C3_Flag,C4_Restrictions on gatherings,C4_Flag,C5_Close public transport,C5_Flag,C6_Stay at home requirements,C6_Flag,C7_Restrictions on internal movement,C7_Flag,C8_International travel controls,E1_Income support,E1_Flag,E2_Debt/contract relief,E3_Fiscal measures,E4_International support,H1_Public information campaigns,H1_Flag,H2_Testing policy,H3_Contact tracing,H4_Emergency investment in healthcare,H5_Investment in vaccines,H6_Facial Coverings,H6_Flag,M1_Wildcard,ConfirmedCases,ConfirmedDeaths,StringencyIndex,StringencyIndexForDisplay,StringencyLegacyIndex,StringencyLegacyIndexForDisplay,GovernmentResponseIndex,GovernmentResponseIndexForDisplay,ContainmentHealthIndex,ContainmentHealthIndexForDisplay,EconomicSupportIndex,EconomicSupportIndexForDisplay
United States,USA,NAT_TOTAL,2020-01-01,0.00,,0.00,,0.00,,0.00,,0.00,,0.00,,0.00,,0.00,0.00,,0.00,0.00,0.00,0.00,,0.00,0.00,0.00,0.00,0.00,,,0,0,0.00,0.00,0.00,0.00,0.00,0.00,0.00,0.00,0.00,0.00
United States,USA,NAT_TOTAL,2020-01-02,0.00,,0.00,,0.00,,0.00,,0.00,,0.00,,0.00,,0.00,0.00,,0.00,0.00,0.00,0.00,,0.00,0.00,0.00,0.00,0.00,,,0,0,0.00,0.00,0.00,0.00,0.00,0.00,0.00,0.00,0.00,0.00
United States,USA,NAT_TOTAL,2020-01-03,0.00,,0.00,,0.00,,0.00,,0.00,,0.00,,0.00,,0.00,0.00,,0.00,0.00,0.00,0.00,,0.00,0.00,0.00,0.00,0.00,,,0,0,0.00,0.00,0.00,0.00,0.00,0.00,0.00,0.00,0.00,0.00
United States,USA,NAT_TOTAL,2020-01-04,0.00,,0.00,,0.00,,0.00,,0.00,,0.00,,0.00,,0.00,0.00,,0.00,0.00,0.00,0.00,,0.00,0.00,0.00,0.00,0.00,,,0,0,0.00,0.00,0.00,0.00,0.00,0.00,0.00,0.00,0.00,0.00
United States,USA,NAT_TOTAL,2020-01-05,0.00,,0.00,,0.00,,0.00,,0.00,,0.00,,0.00,,0.00,0.00,,0.00,0.00,0.00,0.00,,0.00,0.00,0.00,0.00,0.00,,,0,0,0.00,0.00,0.00,0.00,0.00,0.00,0.00,0.00,0.00,0.00
United States,USA,NAT_TOTAL,2020-01-06,0.00,,0.00,,0.00,,0.00,,0.00,,0.00,,0.00,,0.00,0.00,,0.00,0.00,0.00,0.00,,0.00,0.00,0.00,0.00,0.00,,,0,0,0.00,0.00,0.00,0.00,0.00,0.00,0.00,0.00,0.00,0.00
United States,USA,NAT_TOTAL,2020-01-07,0.00,,0.00,,0.00,,0.00,,0.00,,0.00,,0.00,,0.00,0.00,,0.00,0.00,0.00,0.00,,0.00,0.00,0.00,0.00,0.00,,,0,0,0.00,0.00,0.00,0.00,0.00,0.00,0.00,0.00,0.00,0.00
United States,USA,NAT_TOTAL,2020-01-08,0.00,,0.00,,0.00,,0.00,,0.00,,0.00,,0.00,,0.00,0.00,,0.00,0.00,0.00,0.00,,0.00,0.00,0.00,0.00,0.00,,,0,0,0.00,0.00,0.00,0.00,0.00,0.00,0.00,0.00,0.00,0.00
United States,USA,NAT_TOTAL,2020-01-09,0.00,,0.00,,0.00,,0.00,,0.00,,0.00,,0.00,,0.00,0.00,,0.00,0.00,0.00,0.00,,0.00,0.00,0.00,0.00,0.00,,,0,0,0.00,0.00,0.00,0.00,0.00,0.00,0.00,0.00,0.00,0.00
United States,USA,NAT_TOTAL,2020-01-10,0.00,,0.00,,0.00,,0.00,,0.00,,0.00,,0.00,,0.00,0.00,,0.00,0.00,0.00,0.00,,0.00,0.00,0.00,0.00,0.00,,,0,0,0.00,0.00,0.00,0.00,0.00,0.00,0.00,0.00,0.00,0.00
United States,USA,NAT_TOTAL,2020-01-11,0.00,,0.00,,0.00,,0.00,,0.00,,0.00,,0.00,,0.00,0.00,,0.00,0.00,0.00,0.00,,0.00,0.00,0.00,0.00,0.00,,,0,0,0.00,0.00,0.00,0.00,0.00,0.00,0.00,0.00,0.00,0.00
United States,USA,NAT_TOTAL,2020-01-12,0.00,,0.00,,0.00,,0.00,,0.00,,0.00,,0.00,,0.00,0.00,,0.00,0.00,0.00,0.00,,0.00,0.00,0.00,0.00,0.00,,,0,0,0.00,0.00,0.00,0.00,0.00,0.00,0.00,0.00,0.00,0.00
United States,USA,NAT_TOTAL,2020-01-13,0.00,,0.00,,0.00,,0.00,,0.00,,0.00,,0.00,,0.00,0.00,,0.00,0.00,0.00,0.00,,0.00,0.00,0.00,0.00,0.00,,,0,0,0.00,0.00,0.00,0.00,0.00,0.00,0.00,0.00,0.00,0.00
United States,USA,NAT_TOTAL,2020-01-14,0.00,,0.00,,0.00,,0.00,,0.00,,0.00,,0.00,,0.00,0.00,,0.00,0.00,0.00,0.00,,0.00,0.00,0.00,0.00,0.00,,,0,0,0.00,0.00,0.00,0.00,0.00,0.00,0.00,0.00,0.00,0.00
United States,USA,NAT_TOTAL,2020-01-15,0.00,,0.00,,0.00,,0.00,,0.00,,0.00,,0.00,,0.00,0.00,,0.00,0.00,0.00,0.00,,0.00,0.00,0.00,0.00,0.00,,,0,0,0.00,0.00,0.00,0.00,0.00,0.00,0.00,0.00,0.00,0.00
United States,USA,NAT_TOTAL,2020-01-16,0.00,,0.00,,0.00,,0.00,,0.00,,0.00,,0.00,,0.00,0.00,,0.00,0.00,0.00,0.00,,0.00,0.00,0.00,0.00,0.00,,,0,0,0.00,0.00,0.00,0.00,0.00,0.00,0.00,0.00,0.00,0.00
United States,USA,NAT_TOTAL,2020-01-17,0.00,,0.00,,0.00,,0.00,,0.00,,0.00,,0.00,,0.00,0.00,,0.00,0.00,0.00,0.00,,0.00,0.00,0.00,0.00,0.00,,,0,0,0.00,0.00,0.00,0.00,0.00,0.00,0.00,0.00,0.00,0.00
United States,USA,NAT_TOTAL,2020-01-18,0.00,,0.00,,0.00,,0.00,,0.00,,0.00,,0.00,,0.00,0.00,,0.00,0.00,0.00,0.00,,0.00,0.00,0.00,0.00,0.00,,,0,0,0.00,0.00,0.00,0.00,0.00,0.00,0.00,0.00,0.00,0.00
United States,USA,NAT_TOTAL,2020-01-19,0.00,,0.00,,0.00,,0.00,,0.00,,0.00,,0.00,,0.00,0.00,,0.00,0.00,0.00,0.00,,0.00,0.00,0.00,0.00,0.00,,,0,0,0.00,0.00,0.00,0.00,0.00,0.00,0.00,0.00,0.00,0.00
United States,USA,NAT_TOTAL,2020-01-20,0.00,,0.00,,0.00,,0.00,,0.00,,0.00,,0.00,,0.00,0.00,,0.00,0.00,0.00,0.00,,0.00,0.00,0.00,0.00,0.00,,,0,0,0.00,0.00,0.00,0.00,0.00,0.00,0.00,0.00,0.00,0.00
United States,USA,NAT_TOTAL,2020-01-21,0.00,,0.00,,0.00,,0.00,,0.00,,0.00,,0.00,,0.00,0.00,,0.00,0.00,0.00,0.00,,0.00,1.00,0.00,0.00,0.00,,,1,0,0.00,0.00,0.00,0.00,3.57,3.57,4.17,4.17,0.00,0.00
United States,USA,NAT_TOTAL,2020-01-22,0.00,,0.00,,0.00,,0.00,,0.00,,0.00,,0.00,,0.00,0.00,,0.00,0.00,0.00,0.00,,0.00,1.00,0.00,0.00,0.00,,,1,0,0.00,0.00,0.00,0.00,3.57,3.57,4.17,4.17,0.00,0.00
United States,USA,NAT_TOTAL,2020-01-23,0.00,,0.00,,0.00,,0.00,,0.00,,0.00,,0.00,,0.00,0.00,,0.00,0.00,0.00,0.00,,0.00,1.00,0.00,0.00,0.00,,,1,0,0.00,0.00,0.00,0.00,3.57,3.57,4.17,4.17,0.00,0.00
United States,USA,NAT_TOTAL,2020-01-24,0.00,,0.00,,0.00,,0.00,,0.00,,0.00,,0.00,,0.00,0.00,,0.00,0.00,0.00,0.00,,0.00,1.00,0.00,0.00,0.00,,,1,0,0.00,0.00,0.00,0.00,3.57,3.57,4.17,4.17,0.00,0.00
United States,USA,NAT_TOTAL,2020-01-25,0.00,,0.00,,0.00,,0.00,,0.00,,0.00,,0.00,,0.00,0.00,,0.00,0.00,0.00,0.00,,0.00,1.00,0.00,0.00,0.00,,,2,0,0.00,0.00,0.00,0.00,3.57,3.57,4.17,4.17,0.00,0.00
United States,USA,NAT_TOTAL,2020-01-26,0.00,,0.00,,0.00,,0.00,,0.00,,0.00,,0.00,,0.00,0.00,,0.00,0.00,0.00,0.00,,0.00,1.00,0.00,0.00,0.00,,,2,0,0.00,0.00,0.00,0.00,3.57,3.57,4.17,4.17,0.00,0.00
United States,USA,NAT_TOTAL,2020-01-27,0.00,,0.00,,0.00,,0.00,,0.00,,0.00,,0.00,,0.00,0.00,,0.00,0.00,0.00,0.00,,0.00,1.00,0.00,0.00,0.00,,,5,0,0.00,0.00,0.00,0.00,3.57,3.57,4.17,4.17,0.00,0.00
United States,USA,NAT_TOTAL,2020-01-28,0.00,,0.00,,0.00,,0.00,,0.00,,0.00,,0.00,,0.00,0.00,,0.00,0.00,0.00,0.00,,0.00,1.00,0.00,0.00,0.00,,,5,0,0.00,0.00,0.00,0.00,3.57,3.57,4.17,4.17,0.00,0.00
United States,USA,NAT_TOTAL,2020-01-29,0.00,,0.00,,0.00,,0.00,,0.00,,0.00,,0.00,,0.00,0.00,,0.00,0.00,0.00,0.00,,0.00,1.00,0.00,0.00,0.00,,,5,0,0.00,0.00,0.00,0.00,3.57,3.57,4.17,4.17,0.00,0.00
United States,USA,NAT_TOTAL,2020-01-30,0.00,,0.00,,0.00,,0.00,,0.00,,0.00,,0.00,,0.00,0.00,,0.00,0.00,0.00,0.00,,0.00,1.00,0.00,0.00,0.00,,,5,0,0.00,0.00,0.00,0.00,3.57,3.57,4.17,4.17,0.00,0.00
United States,USA,NAT_TOTAL,2020-01-31,0.00,,0.00,,0.00,,0.00,,0.00,,0.00,,0.00,,0.00,0.00,,0.00,0.00,0.00,0.00,,0.00,1.00,0.00,0.00,0.00,,,6,0,0.00,0.00,0.00,0.00,3.57,3.57,4.17,4.17,0.00,0.00
United States,USA,NAT_TOTAL,2020-02-01,0.00,,0.00,,0.00,,0.00,,0.00,,0.00,,0.00,,0.00,0.00,,0.00,0.00,0.00,0.00,,0.00,1.00,0.00,0.00,0.00,,,7,0,0.00,0.00,0.00,0.00,3.57,3.57,4.17,4.17,0.00,0.00
United States,USA,NAT_TOTAL,2020-02-02,0.00,,0.00,,0.00,,0.00,,0.00,,0.00,,0.00,,2.00,0.00,,0.00,0.00,0.00,0.00,,0.00,1.00,0.00,0.00,0.00,,,8,0,5.56,5.56,7.14,7.14,7.14,7.14,8.33,8.33,0.00,0.00
United States,USA,NAT_TOTAL,2020-02-03,0.00,,0.00,,0.00,,0.00,,0.00,,0.00,,0.00,,2.00,0.00,,0.00,0.00,0.00,0.00,,0.00,1.00,0.00,0.00,0.00,,,11,0,5.56,5.56,7.14,7.14,7.14,7.14,8.33,8.33,0.00,0.00
United States,USA,NAT_TOTAL,2020-02-04,0.00,,0.00,,0.00,,0.00,,0.00,,0.00,,0.00,,2.00,0.00,,0.00,0.00,0.00,0.00,,0.00,1.00,0.00,0.00,0.00,,,11,0,5.56,5.56,7.14,7.14,7.14,7.14,8.33,8.33,0.00,0.00
United States,USA,NAT_TOTAL,2020-02-05,0.00,,0.00,,0.00,,0.00,,0.00,,0.00,,0.00,,2.00,0.00,,0.00,0.00,0.00,0.00,,0.00,1.00,0.00,0.00,0.00,,,11,0,5.56,5.56,7.14,7.14,7.14,7.14,8.33,8.33,0.00,0.00
United States,USA,NAT_TOTAL,2020-02-06,0.00,,0.00,,0.00,,0.00,,0.00,,0.00,,0.00,,2.00,0.00,,0.00,0.00,0.00,0.00,,0.00,1.00,0.00,0.00,0.00,,,12,0,5.56,5.56,7.14,7.14,7.14,7.14,8.33,8.33,0.00,0.00
United States,USA,NAT_TOTAL,2020-02-07,0.00,,0.00,,0.00,,0.00,,0.00,,0.00,,0.00,,2.00,0.00,,0.00,0.00,100000000.00,0.00,,0.00,1.00,0.00,0.00,0.00,,,12,0,5.56,5.56,7.14,7.14,7.14,7.14,8.33,8.33,0.00,0.00
United States,USA,NAT_TOTAL,2020-02-08,0.00,,0.00,,0.00,,0.00,,0.00,,0.00,,0.00,,2.00,0.00,,0.00,0.00,0.00,0.00,,0.00,1.00,0.00,0.00,0.00,,,12,0,5.56,5.56,7.14,7.14,7.14,7.14,8.33,8.33,0.00,0.00
United States,USA,NAT_TOTAL,2020-02-09,0.00,,0.00,,0.00,,0.00,,0.00,,0.00,,0.00,,2.00,0.00,,0.00,0.00,0.00,0.00,,0.00,1.00,0.00,0.00,0.00,,,12,0,5.56,5.56,7.14,7.14,7.14,7.14,8.33,8.33,0.00,0.00
United States,USA,NAT_TOTAL,2020-02-10,0.00,,0.00,,0.00,,0.00,,0.00,,0.00,,0.00,,2.00,0.00,,0.00,0.00,0.00,0.00,,0.00,1.00,0.00,0.00,0.00,,,12,0,5.56,5.56,7.14,7.14,7.14,7.14,8.33,8.33,0.00,0.00
United States,USA,NAT_TOTAL,2020-02-11,0.00,,0.00,,0.00,,0.00,,0.00,,0.00,,0.00,,2.00,0.00,,0.00,0.00,0.00,0.00,,0.00,1.00,0.00,0.00,0.00,,,13,0,5.56,5.56,7.14,7.14,7.14,7.14,8.33,8.33,0.00,0.00
United States,USA,NAT_TOTAL,2020-02-12,0.00,,0.00,,0.00,,0.00,,0.00,,0.00,,0.00,,2.00,0.00,,0.00,0.00,0.00,0.00,,0.00,1.00,0.00,0.00,0.00,,,13,0,5.56,5.56,7.14,7.14,7.14,7.14,8.33,8.33,0.00,0.00
United States,USA,NAT_TOTAL,2020-02-13,0.00,,0.00,,0.00,,0.00,,0.00,,0.00,,0.00,,2.00,0.00,,0.00,0.00,0.00,0.00,,0.00,1.00,0.00,0.00,0.00,,,14,0,5.56,5.56,7.14,7.14,7.14,7.14,8.33,8.33,0.00,0.00
United States,USA,NAT_TOTAL,2020-02-14,0.00,,0.00,,0.00,,0.00,,0.00,,0.00,,0.00,,2.00,0.00,,0.00,0.00,0.00,0.00,,0.00,1.00,0.00,0.00,0.00,,,15,0,5.56,5.56,7.14,7.14,7.14,7.14,8.33,8.33,0.00,0.00
United States,USA,NAT_TOTAL,2020-02-15,0.00,,0.00,,0.00,,0.00,,0.00,,0.00,,0.00,,2.00,0.00,,0.00,0.00,0.00,0.00,,0.00,1.00,0.00,0.00,0.00,,,15,0,5.56,5.56,7.14,7.14,7.14,7.14,8.33,8.33,0.00,0.00
United States,USA,NAT_TOTAL,2020-02-16,0.00,,0.00,,0.00,,0.00,,0.00,,0.00,,0.00,,2.00,0.00,,0.00,0.00,0.00,0.00,,0.00,1.00,0.00,0.00,0.00,,,15,0,5.56,5.56,7.14,7.14,7.14,7.14,8.33,8.33,0.00,0.00
United States,USA,NAT_TOTAL,2020-02-17,0.00,,0.00,,0.00,,0.00,,0.00,,0.00,,0.00,,2.00,0.00,,0.00,0.00,0.00,0.00,,0.00,1.00,0.00,0.00,0.00,,,15,0,5.56,5.56,7.14,7.14,7.14,7.14,8.33,8.33,0.00,0.00
United States,USA,NAT_TOTAL,2020-02-18,0.00,,0.00,,0.00,,0.00,,0.00,,0.00,,0.00,,2.00,0.00,,0.00,0.00,0.00,0.00,,0.00,1.00,0.00,0.00,0.00,,,15,0,5.56,5.56,7.14,7.14,7.14,7.14,8.33,8.33,0.00,0.00
United States,USA,NAT_TOTAL,2020-02-19,0.00,,0.00,,0.00,,0.00,,0.00,,0.00,,0.00,,2.00,0.00,,0.00,0.00,0.00,0.00,,0.00,1.00,0.00,0.00,0.00,,,15,0,5.56,5.56,7.14,7.14,7.14,7.14,8.33,8.33,0.00,0.00
United States,USA,NAT_TOTAL,2020-02-20,0.00,,0.00,,0.00,,0.00,,0.00,,0.00,,0.00,,2.00,0.00,,0.00,0.00,0.00,0.00,,0.00,1.00,0.00,0.00,0.00,,,15,0,5.56,5.56,7.14,7.14,7.14,7.14,8.33,8.33,0.00,0.00
United States,USA,NAT_TOTAL,2020-02-21,0.00,,0.00,,0.00,,0.00,,0.00,,0.00,,0.00,,2.00,0.00,,0.00,0.00,0.00,0.00,,0.00,1.00,0.00,0.00,0.00,,,16,0,5.56,5.56,7.14,7.14,7.14,7.14,8.33,8.33,0.00,0.00
United States,USA,NAT_TOTAL,2020-02-22,0.00,,0.00,,0.00,,0.00,,0.00,,0.00,,0.00,,2.00,0.00,,0.00,0.00,0.00,0.00,,0.00,1.00,0.00,0.00,0.00,,,35,0,5.56,5.56,7.14,7.14,7.14,7.14,8.33,8.33,0.00,0.00
United States,USA,NAT_TOTAL,2020-02-23,0.00,,0.00,,0.00,,0.00,,0.00,,0.00,,0.00,,2.00,0.00,,0.00,0.00,0.00,0.00,,0.00,1.00,0.00,0.00,0.00,,,35,0,5.56,5.56,7.14,7.14,7.14,7.14,8.33,8.33,0.00,0.00
United States,USA,NAT_TOTAL,2020-02-24,0.00,,0.00,,0.00,,0.00,,0.00,,0.00,,0.00,,2.00,0.00,,0.00,0.00,0.00,0.00,,0.00,1.00,0.00,0.00,0.00,,,35,0,5.56,5.56,7.14,7.14,7.14,7.14,8.33,8.33,0.00,0.00
United States,USA,NAT_TOTAL,2020-02-25,0.00,,0.00,,0.00,,0.00,,0.00,,0.00,,0.00,,2.00,0.00,,0.00,0.00,0.00,0.00,,0.00,1.00,0.00,0.00,0.00,,,53,0,5.56,5.56,7.14,7.14,7.14,7.14,8.33,8.33,0.00,0.00
United States,USA,NAT_TOTAL,2020-02-26,0.00,,0.00,,0.00,,0.00,,0.00,,0.00,,0.00,,2.00,0.00,,0.00,0.00,0.00,0.00,,0.00,1.00,0.00,0.00,0.00,,,53,0,5.56,5.56,7.14,7.14,7.14,7.14,8.33,8.33,0.00,0.00
United States,USA,NAT_TOTAL,2020-02-27,0.00,,0.00,,0.00,,0.00,,0.00,,0.00,,0.00,,2.00,0.00,,0.00,0.00,0.00,0.00,,0.00,1.00,0.00,0.00,0.00,,,59,0,5.56,5.56,7.14,7.14,7.14,7.14,8.33,8.33,0.00,0.00
United States,USA,NAT_TOTAL,2020-02-28,0.00,,0.00,,0.00,,0.00,,0.00,,0.00,,0.00,,2.00,0.00,,0.00,0.00,0.00,0.00,,1.00,1.00,0.00,0.00,0.00,,,60,0,5.56,5.56,7.14,7.14,9.52,9.52,11.11,11.11,0.00,0.00
United States,USA,NAT_TOTAL,2020-02-29,0.00,,0.00,,0.00,,0.00,,0.00,,0.00,,0.00,,2.00,0.00,,0.00,0.00,0.00,0.00,,1.00,1.00,0.00,0.00,0.00,,,66,0,5.56,5.56,7.14,7.14,9.52,9.52,11.11,11.11,0.00,0.00
United States,USA,NAT_TOTAL,2020-03-01,0.00,,0.00,,1.00,0,0.00,,0.00,,0.00,,0.00,,2.00,0.00,,0.00,0.00,0.00,0.00,,1.00,1.00,0.00,0.00,0.00,,,69,1,8.33,8.33,11.90,11.90,11.31,11.31,13.19,13.19,0.00,0.00
United States,USA,NAT_TOTAL,2020-03-02,0.00,,0.00,,1.00,0,0.00,,0.00,,0.00,,0.00,,3.00,0.00,,0.00,0.00,0.00,0.00,,1.00,1.00,0.00,0.00,0.00,,,89,2,11.11,11.11,15.48,15.48,13.10,13.10,15.28,15.28,0.00,0.00
United States,USA,NAT_TOTAL,2020-03-03,0.00,,0.00,,1.00,0,0.00,,0.00,,0.00,,0.00,,3.00,0.00,,0.00,0.00,0.00,0.00,,1.00,1.00,0.00,0.00,0.00,,,103,6,11.11,11.11,15.48,15.48,13.10,13.10,15.28,15.28,0.00,0.00
United States,USA,NAT_TOTAL,2020-03-04,0.00,,0.00,,1.00,0,0.00,,0.00,,0.00,,0.00,,3.00,0.00,,0.00,0.00,0.00,0.00,,2.00,1.00,0.00,0.00,0.00,,,125,9,11.11,11.11,15.48,15.48,15.48,15.48,18.06,18.06,0.00,0.00
United States,USA,NAT_TOTAL,2020-03-05,3.00,0,0.00,,1.00,0,0.00,,0.00,,0.00,,0.00,,3.00,0.00,,0.00,0.00,0.00,0.00,,2.00,1.00,0.00,0.00,0.00,,,159,11,20.37,20.37,26.19,26.19,21.43,21.43,25.00,25.00,0.00,0.00
United States,USA,NAT_TOTAL,2020-03-06,3.00,0,0.00,,1.00,0,0.00,,0.00,,0.00,,0.00,,3.00,0.00,,0.00,1600000000.00,1300000000.00,0.00,,2.00,1.00,6700000000.00,826000000.00,0.00,,,233,12,20.37,20.37,26.19,26.19,21.43,21.43,25.00,25.00,0.00,0.00
United States,USA,NAT_TOTAL,2020-03-07,3.00,0,0.00,,1.00,0,0.00,,0.00,,0.00,,0.00,,3.00,0.00,,0.00,0.00,0.00,0.00,,2.00,1.00,0.00,0.00,0.00,,,338,14,20.37,20.37,26.19,26.19,21.43,21.43,25.00,25.00,0.00,0.00
United States,USA,NAT_TOTAL,2020-03-08,3.00,0,0.00,,1.00,0,0.00,,0.00,,0.00,,0.00,,3.00,0.00,,0.00,0.00,0.00,0.00,,2.00,1.00,0.00,0.00,0.00,,,433,17,20.37,20.37,26.19,26.19,21.43,21.43,25.00,25.00,0.00,0.00
United States,USA,NAT_TOTAL,2020-03-09,3.00,0,0.00,,1.00,0,0.00,,0.00,,0.00,,0.00,,3.00,0.00,,0.00,0.00,0.00,0.00,,2.00,1.00,0.00,0.00,0.00,,,554,21,20.37,20.37,26.19,26.19,21.43,21.43,25.00,25.00,0.00,0.00
United States,USA,NAT_TOTAL,2020-03-10,3.00,0,0.00,,1.00,0,0.00,,0.00,,0.00,,0.00,,3.00,0.00,,0.00,0.00,0.00,0.00,,2.00,1.00,0.00,0.00,1.00,0,,754,26,20.37,20.37,26.19,26.19,22.32,22.32,26.04,26.04,0.00,0.00
United States,USA,NAT_TOTAL,2020-03-11,3.00,0,0.00,,1.00,0,1.00,0,0.00,,0.00,,0.00,,3.00,0.00,,0.00,0.00,0.00,0.00,,2.00,1.00,0.00,0.00,1.00,0,,1025,28,21.76,21.76,26.19,26.19,23.21,23.21,27.08,27.08,0.00,0.00
United States,USA,NAT_TOTAL,2020-03-12,3.00,0,0.00,,2.00,0,2.00,0,0.00,,0.00,,0.00,,3.00,0.00,,0.00,0.00,0.00,0.00,,2.00,1.00,0.00,0.00,1.00,0,,1312,30,30.09,30.09,30.95,30.95,28.57,28.57,33.33,33.33,0.00,0.00
United States,USA,NAT_TOTAL,2020-03-13,3.00,0,0.00,,2.00,0,2.00,0,0.00,,0.00,,0.00,,3.00,0.00,,0.00,0.00,0.00,0.00,,2.00,1.00,0.00,0.00,1.00,0,,1663,40,30.09,30.09,30.95,30.95,28.57,28.57,33.33,33.33,0.00,0.00
United States,USA,NAT_TOTAL,2020-03-14,3.00,0,0.00,,2.00,0,2.00,0,0.00,,0.00,,1.00,1,3.00,0.00,,0.00,0.00,0.00,0.00,,3.00,1.00,0.00,0.00,1.00,0,,2174,47,35.65,35.65,40.48,40.48,34.52,34.52,40.28,40.28,0.00,0.00
United States,USA,NAT_TOTAL,2020-03-15,3.00,0,0.00,,2.00,0,2.00,0,0.00,,2.00,0,1.00,1,3.00,0.00,,0.00,0.00,0.00,0.00,,3.00,1.00,0.00,0.00,1.00,0,,2951,57,41.20,41.20,40.48,40.48,38.10,38.10,44.44,44.44,0.00,0.00
United States,USA,NAT_TOTAL,2020-03-16,3.00,0,0.00,,2.00,0,2.00,0,0.00,,2.00,0,1.00,1,3.00,0.00,,0.00,0.00,0.00,2.00,1,3.00,1.00,0.00,0.00,1.00,0,,3774,69,52.31,52.31,54.76,54.76,45.24,45.24,52.78,52.78,0.00,0.00
United States,USA,NAT_TOTAL,2020-03-17,3.00,0,0.00,,2.00,0,2.00,0,1.00,0,2.00,0,1.00,1,3.00,0.00,,0.00,0.00,0.00,2.00,1,3.00,1.00,0.00,0.00,1.00,0,,4661,85,55.09,55.09,59.52,59.52,47.02,47.02,54.86,54.86,0.00,0.00
United States,USA,NAT_TOTAL,2020-03-18,3.00,0,0.00,,2.00,0,2.00,0,1.00,0,2.00,0,1.00,1,3.00,0.00,,0.00,192000000000.00,0.00,2.00,1,3.00,1.00,57458000000.00,0.00,1.00,0,,6427,108,55.09,55.09,59.52,59.52,47.02,47.02,54.86,54.86,0.00,0.00
United States,USA,NAT_TOTAL,2020-03-19,3.00,0,3.00,0,2.00,0,2.00,0,1.00,0,2.00,0,2.00,0,3.00,0.00,,0.00,0.00,0.00,2.00,1,3.00,1.00,0.00,0.00,1.00,0,,9415,150,67.13,67.13,70.24,70.24,54.76,54.76,63.89,63.89,0.00,0.00
United States,USA,NAT_TOTAL,2020-03-20,3.00,0,3.00,0,2.00,0,2.00,0,1.00,0,2.00,0,2.00,0,3.00,0.00,,0.00,0.00,0.00,2.00,1,3.00,1.00,0.00,0.00,1.00,0,,14250,150,67.13,67.13,70.24,70.24,54.76,54.76,63.89,63.89,0.00,0.00
United States,USA,NAT_TOTAL,2020-03-21,3.00,0,3.00,0,2.00,0,4.00,0,1.00,0,2.00,0,2.00,0,3.00,0.00,,0.00,0.00,0.00,2.00,1,3.00,1.00,0.00,0.00,1.00,0,,19624,260,72.69,72.69,72.14,72.14,58.33,58.33,68.06,68.06,0.00,0.00
United States,USA,NAT_TOTAL,2020-03-22,3.00,0,3.00,0,2.00,0,4.00,0,1.00,0,2.00,0,2.00,0,3.00,0.00,,0.00,0.00,0.00,2.00,1,3.00,1.00,0.00,0.00,1.00,0,,26747,340,72.69,72.69,72.14,72.14,58.33,58.33,68.06,68.06,0.00,0.00
United States,USA,NAT_TOTAL,2020-03-23,3.00,0,3.00,0,2.00,0,4.00,0,1.00,0,2.00,0,2.00,0,3.00,0.00,,0.00,0.00,0.00,2.00,1,3.00,1.00,0.00,0.00,1.00,0,,35206,471,72.69,72.69,72.14,72.14,58.33,58.33,68.06,68.06,0.00,0.00
United States,USA,NAT_TOTAL,2020-03-24,3.00,0,3.00,0,2.00,0,4.00,0,1.00,0,2.00,0,2.00,0,3.00,0.00,,0.00,0.00,0.00,2.00,1,3.00,1.00,0.00,0.00,1.00,0,,46442,590,72.69,72.69,72.14,72.14,58.33,58.33,68.06,68.06,0.00,0.00
United States,USA,NAT_TOTAL,2020-03-25,3.00,0,3.00,0,2.00,0,4.00,0,1.00,0,2.00,0,2.00,0,3.00,0.00,,0.00,0.00,0.00,2.00,1,3.00,1.00,0.00,0.00,1.00,0,,55231,801,72.69,72.69,72.14,72.14,58.33,58.33,68.06,68.06,0.00,0.00
United States,USA,NAT_TOTAL,2020-03-26,3.00,0,3.00,0,2.00,0,4.00,0,1.00,0,2.00,0,2.00,0,3.00,0.00,,0.00,0.00,274000000.00,2.00,1,3.00,1.00,0.00,0.00,1.00,0,,69194,1050,72.69,72.69,72.14,72.14,58.33,58.33,68.06,68.06,0.00,0.00
United States,USA,NAT_TOTAL,2020-03-27,3.00,0,3.00,0,2.00,0,4.00,0,1.00,0,2.00,0,2.00,0,3.00,2.00,0,1.00,1957600000000.00,0.00,2.00,1,3.00,1.00,242400000000.00,0.00,1.00,0,,85991,1296,72.69,72.69,72.14,72.14,67.26,67.26,68.06,68.06,62.50,62.50
United States,USA,NAT_TOTAL,2020-03-28,3.00,0,3.00,0,2.00,0,4.00,0,1.00,0,2.00,0,2.00,0,3.00,2.00,0,1.00,0.00,0.00,2.00,1,3.00,1.00,0.00,0.00,1.00,0,,104686,1707,72.69,72.69,72.14,72.14,67.26,67.26,68.06,68.06,62.50,62.50
United States,USA,NAT_TOTAL,2020-03-29,3.00,0,3.00,0,2.00,0,4.00,0,1.00,0,2.00,0,2.00,0,3.00,2.00,0,1.00,0.00,0.00,2.00,1,3.00,1.00,0.00,0.00,1.00,0,,124665,2191,72.69,72.69,72.14,72.14,67.26,67.26,68.06,68.06,62.50,62.50
United States,USA,NAT_TOTAL,2020-03-30,3.00,0,3.00,0,2.00,0,4.00,0,1.00,0,2.00,0,2.00,0,3.00,2.00,0,1.00,0.00,0.00,2.00,1,3.00,1.00,0.00,0.00,1.00,0,,143025,2509,72.69,72.69,72.14,72.14,67.26,67.26,68.06,68.06,62.50,62.50
United States,USA,NAT_TOTAL,2020-03-31,3.00,0,3.00,0,2.00,0,4.00,0,1.00,0,2.00,0,2.00,0,3.00,2.00,0,1.00,0.00,0.00,2.00,1,3.00,1.00,0.00,0.00,1.00,0,,164620,3170,72.69,72.69,72.14,72.14,67.26,67.26,68.06,68.06,62.50,62.50
United States,USA,NAT_TOTAL,2020-04-01,3.00,0,3.00,0,2.00,0,4.00,0,1.00,0,2.00,0,2.00,0,3.00,2.00,0,1.00,0.00,0.00,2.00,1,3.00,1.00,0.00,0.00,1.00,0,,189618,4079,72.69,72.69,72.14,72.14,67.26,67.26,68.06,68.06,62.50,62.50
United States,USA,NAT_TOTAL,2020-04-02,3.00,0,3.00,0,2.00,0,4.00,0,1.00,0,2.00,0,2.00,0,3.00,2.00,0,1.00,0.00,0.00,2.00,1,3.00,1.00,0.00,0.00,1.00,0,,216721,5138,72.69,72.69,72.14,72.14,67.26,67.26,68.06,68.06,62.50,62.50
United States,USA,NAT_TOTAL,2020-04-03,3.00,0,3.00,0,2.00,0,4.00,0,1.00,0,2.00,0,2.00,0,3.00,2.00,0,1.00,0.00,0.00,2.00,1,3.00,1.00,0.00,0.00,1.00,0,,245540,6053,72.69,72.69,72.14,72.14,67.26,67.26,68.06,68.06,62.50,62.50
United States,USA,NAT_TOTAL,2020-04-04,3.00,0,3.00,0,2.00,0,4.00,0,1.00,0,2.00,0,2.00,0,3.00,2.00,0,1.00,0.00,0.00,2.00,1,3.00,1.00,0.00,0.00,2.00,0,,277965,7157,72.69,72.69,72.14,72.14,69.05,69.05,70.14,70.14,62.50,62.50
United States,USA,NAT_TOTAL,2020-04-05,3.00,0,3.00,0,2.00,0,4.00,0,1.00,0,2.00,0,2.00,0,3.00,2.00,0,1.00,0.00,0.00,2.00,1,3.00,1.00,0.00,0.00,2.00,0,,312237,8501,72.69,72.69,72.14,72.14,69.05,69.05,70.14,70.14,62.50,62.50
United States,USA,NAT_TOTAL,2020-04-06,3.00,0,3.00,0,2.00,0,4.00,0,1.00,0,2.00,0,2.00,0,3.00,2.00,0,1.00,0.00,0.00,2.00,1,3.00,1.00,0.00,0.00,3.00,0,,337635,9647,72.69,72.69,72.14,72.14,70.83,70.83,72.22,72.22,62.50,62.50
United States,USA,NAT_TOTAL,2020-04-07,3.00,0,3.00,0,2.00,0,4.00,0,1.00,0,2.00,0,2.00,0,3.00,2.00,0,1.00,0.00,0.00,2.00,1,3.00,1.00,0.00,0.00,3.00,0,,368196,10989,72.69,72.69,72.14,72.14,70.83,70.83,72.22,72.22,62.50,62.50
United States,USA,NAT_TOTAL,2020-04-08,3.00,0,3.00,0,2.00,0,4.00,0,1.00,0,2.00,0,2.00,0,3.00,2.00,0,1.00,0.00,225000000.00,2.00,1,3.00,1.00,0.00,0.00,3.00,0,,398809,12895,72.69,72.69,72.14,72.14,70.83,70.83,72.22,72.22,62.50,62.50
United States,USA,NAT_TOTAL,2020-04-09,3.00,0,3.00,0,2.00,0,4.00,0,1.00,0,2.00,0,2.00,0,3.00,2.00,0,1.00,0.00,0.00,2.00,1,3.00,1.00,0.00,0.00,3.00,0,,432132,14817,72.69,72.69,72.14,72.14,70.83,70.83,72.22,72.22,62.50,62.50
United States,USA,NAT_TOTAL,2020-04-10,3.00,0,3.00,0,2.00,0,4.00,0,1.00,0,2.00,0,2.00,0,3.00,2.00,0,1.00,0.00,0.00,2.00,1,3.00,1.00,0.00,0.00,3.00,0,,466033,16690,72.69,72.69,72.14,72.14,70.83,70.83,72.22,72.22,62.50,62.50
United States,USA,NAT_TOTAL,2020-04-11,3.00,0,3.00,0,2.00,0,4.00,0,1.00,0,2.00,0,2.00,0,3.00,2.00,0,1.00,0.00,0.00,2.00,1,3.00,1.00,0.00,0.00,3.00,0,,501560,18777,72.69,72.69,72.14,72.14,70.83,70.83,72.22,72.22,62.50,62.50
United States,USA,NAT_TOTAL,2020-04-12,3.00,0,3.00,0,2.00,0,4.00,0,1.00,0,2.00,0,2.00,0,3.00,2.00,0,1.00,0.00,0.00,2.00,1,3.00,1.00,0.00,0.00,3.00,0,,529951,20608,72.69,72.69,72.14,72.14,70.83,70.83,72.22,72.22,62.50,62.50
United States,USA,NAT_TOTAL,2020-04-13,3.00,0,3.00,0,2.00,0,4.00,0,1.00,0,2.00,0,2.00,0,3.00,2.00,0,1.00,0.00,0.00,2.00,1,3.00,1.00,0.00,0.00,3.00,0,,557571,22108,72.69,72.69,72.14,72.14,70.83,70.83,72.22,72.22,62.50,62.50
United States,USA,NAT_TOTAL,2020-04-14,3.00,0,3.00,0,2.00,0,4.00,0,1.00,0,2.00,0,2.00,0,3.00,2.00,0,1.00,0.00,0.00,2.00,1,3.00,1.00,0.00,0.00,3.00,0,,582594,23649,72.69,72.69,72.14,72.14,70.83,70.83,72.22,72.22,62.50,62.50
United States,USA,NAT_TOTAL,2020-04-15,3.00,0,3.00,0,2.00,0,4.00,0,1.00,0,2.00,0,2.00,0,3.00,2.00,0,1.00,0.00,0.00,2.00,1,3.00,1.00,0.00,0.00,3.00,0,,609516,26057,72.69,72.69,72.14,72.14,70.83,70.83,72.22,72.22,62.50,62.50
United States,USA,NAT_TOTAL,2020-04-16,3.00,0,3.00,0,2.00,0,4.00,0,1.00,0,2.00,0,2.00,0,3.00,2.00,0,1.00,0.00,0.00,2.00,1,3.00,1.00,0.00,0.00,3.00,0,,639664,30985,72.69,72.69,72.14,72.14,70.83,70.83,72.22,72.22,62.50,62.50
United States,USA,NAT_TOTAL,2020-04-17,3.00,0,3.00,0,2.00,0,4.00,0,1.00,0,2.00,0,2.00,0,3.00,2.00,0,1.00,0.00,0.00,2.00,1,3.00,1.00,0.00,0.00,3.00,0,,671331,33284,72.69,72.69,72.14,72.14,70.83,70.83,72.22,72.22,62.50,62.50
United States,USA,NAT_TOTAL,2020-04-18,3.00,0,3.00,0,2.00,0,4.00,0,1.00,0,2.00,0,2.00,0,3.00,2.00,0,1.00,0.00,0.00,2.00,1,3.00,1.00,0.00,0.00,3.00,0,,702164,37054,72.69,72.69,72.14,72.14,70.83,70.83,72.22,72.22,62.50,62.50
United States,USA,NAT_TOTAL,2020-04-19,3.00,0,3.00,0,2.00,0,4.00,0,1.00,0,2.00,0,2.00,0,3.00,2.00,0,1.00,0.00,0.00,2.00,1,3.00,1.00,0.00,0.00,3.00,0,,735086,38910,72.69,72.69,72.14,72.14,70.83,70.83,72.22,72.22,62.50,62.50
United States,USA,NAT_TOTAL,2020-04-20,3.00,0,3.00,0,2.00,0,4.00,0,1.00,0,2.00,0,2.00,0,3.00,2.00,0,1.00,0.00,0.00,2.00,1,3.00,1.00,0.00,0.00,3.00,0,,759687,40682,72.69,72.69,72.14,72.14,70.83,70.83,72.22,72.22,62.50,62.50
United States,USA,NAT_TOTAL,2020-04-21,3.00,0,3.00,0,2.00,0,4.00,0,1.00,0,2.00,0,2.00,0,3.00,2.00,0,1.00,0.00,0.00,2.00,1,3.00,1.00,0.00,0.00,3.00,0,,787752,42539,72.69,72.69,72.14,72.14,70.83,70.83,72.22,72.22,62.50,62.50
United States,USA,NAT_TOTAL,2020-04-22,3.00,0,3.00,0,2.00,0,4.00,0,1.00,0,2.00,0,2.00,0,3.00,2.00,0,1.00,0.00,270000000.00,2.00,1,3.00,1.00,0.00,0.00,3.00,0,,825041,45063,72.69,72.69,72.14,72.14,70.83,70.83,72.22,72.22,62.50,62.50
United States,USA,NAT_TOTAL,2020-04-23,3.00,0,3.00,0,2.00,0,4.00,0,1.00,0,2.00,0,2.00,0,3.00,2.00,0,1.00,0.00,0.00,2.00,1,3.00,1.00,0.00,0.00,3.00,0,,842629,46784,72.69,72.69,72.14,72.14,70.83,70.83,72.22,72.22,62.50,62.50
United States,USA,NAT_TOTAL,2020-04-24,3.00,0,3.00,0,2.00,0,4.00,0,1.00,0,2.00,0,2.00,0,3.00,2.00,0,1.00,384000000000.00,0.00,2.00,1,3.00,1.00,100000000000.00,0.00,3.00,0,,869172,49963,72.69,72.69,72.14,72.14,70.83,70.83,72.22,72.22,62.50,62.50
United States,USA,NAT_TOTAL,2020-04-25,3.00,0,3.00,0,2.00,0,4.00,0,1.00,0,2.00,0,2.00,0,3.00,2.00,0,1.00,0.00,0.00,2.00,1,3.00,1.00,0.00,0.00,3.00,0,,890524,51017,72.69,72.69,72.14,72.14,70.83,70.83,72.22,72.22,62.50,62.50
United States,USA,NAT_TOTAL,2020-04-26,3.00,0,3.00,0,2.00,0,4.00,0,1.00,0,2.00,0,2.00,0,3.00,2.00,0,1.00,0.00,0.00,2.00,1,3.00,1.00,0.00,0.00,3.00,0,,939053,53189,72.69,72.69,72.14,72.14,70.83,70.83,72.22,72.22,62.50,62.50
United States,USA,NAT_TOTAL,2020-04-27,3.00,0,3.00,0,2.00,0,4.00,0,1.00,0,2.00,0,2.00,0,3.00,2.00,0,1.00,0.00,0.00,2.00,1,3.00,1.00,0.00,0.00,3.00,0,,965910,54876,72.69,72.69,72.14,72.14,70.83,70.83,72.22,72.22,62.50,62.50
United States,USA,NAT_TOTAL,2020-04-28,3.00,0,3.00,0,2.00,0,4.00,0,1.00,0,2.00,0,2.00,0,3.00,2.00,0,1.00,0.00,0.00,2.00,1,3.00,1.00,0.00,0.00,3.00,0,,988451,56245,72.69,72.69,72.14,72.14,70.83,70.83,72.22,72.22,62.50,62.50
United States,USA,NAT_TOTAL,2020-04-29,3.00,0,3.00,0,2.00,0,4.00,0,1.00,0,2.00,0,2.00,0,3.00,2.00,0,1.00,0.00,0.00,2.00,1,3.00,1.00,0.00,0.00,3.00,0,,1012583,58355,72.69,72.69,72.14,72.14,70.83,70.83,72.22,72.22,62.50,62.50
United States,USA,NAT_TOTAL,2020-04-30,3.00,0,3.00,0,2.00,0,4.00,0,1.00,0,2.00,0,2.00,0,3.00,2.00,0,1.00,0.00,0.00,2.00,1,3.00,1.00,0.00,0.00,3.00,0,,1039909,60966,72.69,72.69,72.14,72.14,70.83,70.83,72.22,72.22,62.50,62.50
United States,USA,NAT_TOTAL,2020-05-01,3.00,0,3.00,0,2.00,0,4.00,0,1.00,0,2.00,0,2.00,0,3.00,2.00,0,1.00,0.00,0.00,2.00,1,3.00,1.00,0.00,0.00,3.00,0,,1069826,63006,72.69,72.69,72.14,72.14,70.83,70.83,72.22,72.22,62.50,62.50
United States,USA,NAT_TOTAL,2020-05-02,3.00,0,3.00,0,2.00,0,4.00,0,1.00,0,2.00,0,2.00,0,3.00,2.00,0,1.00,0.00,0.00,2.00,1,3.00,1.00,0.00,0.00,3.00,0,,1103781,65068,72.69,72.69,72.14,72.14,70.83,70.83,72.22,72.22,62.50,62.50
United States,USA,NAT_TOTAL,2020-05-03,3.00,0,3.00,0,2.00,0,4.00,0,1.00,0,2.00,0,2.00,0,3.00,2.00,0,1.00,0.00,0.00,2.00,1,3.00,1.00,0.00,0.00,3.00,0,,1133069,66385,72.69,72.69,72.14,72.14,70.83,70.83,72.22,72.22,62.50,62.50
United States,USA,NAT_TOTAL,2020-05-04,3.00,0,3.00,0,2.00,0,4.00,0,1.00,0,2.00,0,2.00,0,3.00,2.00,0,1.00,0.00,0.00,2.00,1,3.00,1.00,0.00,0.00,3.00,0,,1158041,67682,72.69,72.69,72.14,72.14,70.83,70.83,72.22,72.22,62.50,62.50
United States,USA,NAT_TOTAL,2020-05-05,3.00,0,3.00,0,2.00,0,4.00,0,1.00,0,2.00,0,2.00,0,3.00,2.00,0,1.00,0.00,0.00,2.00,1,3.00,1.00,0.00,0.00,3.00,0,,1180634,68934,72.69,72.69,72.14,72.14,70.83,70.83,72.22,72.22,62.50,62.50
United States,USA,NAT_TOTAL,2020-05-06,3.00,0,3.00,0,2.00,0,4.00,0,1.00,0,2.00,0,2.00,0,3.00,2.00,0,1.00,0.00,0.00,2.00,1,3.00,1.00,0.00,0.00,3.00,0,,1204475,71078,72.69,72.69,72.14,72.14,70.83,70.83,72.22,72.22,62.50,62.50
United States,USA,NAT_TOTAL,2020-05-07,3.00,0,3.00,0,2.00,0,4.00,0,1.00,0,2.00,0,2.00,0,3.00,2.00,0,1.00,0.00,0.00,2.00,1,3.00,1.00,0.00,0.00,3.00,0,,1228603,73431,72.69,72.69,72.14,72.14,70.83,70.83,72.22,72.22,62.50,62.50
United States,USA,NAT_TOTAL,2020-05-08,3.00,0,3.00,0,2.00,0,4.00,0,1.00,0,2.00,0,2.00,0,3.00,2.00,0,1.00,0.00,0.00,2.00,1,3.00,1.00,0.00,0.00,3.00,0,,1256972,75670,72.69,72.69,72.14,72.14,70.83,70.83,72.22,72.22,62.50,62.50
United States,USA,NAT_TOTAL,2020-05-09,3.00,0,3.00,0,2.00,0,4.00,0,1.00,0,2.00,0,2.00,0,3.00,2.00,0,1.00,0.00,0.00,2.00,1,3.00,1.00,0.00,0.00,3.00,0,,1283929,77180,72.69,72.69,72.14,72.14,70.83,70.83,72.22,72.22,62.50,62.50
United States,USA,NAT_TOTAL,2020-05-10,3.00,0,3.00,0,2.00,0,4.00,0,1.00,0,2.00,0,2.00,0,3.00,2.00,0,1.00,0.00,0.00,2.00,1,3.00,1.00,0.00,0.00,3.00,0,,1309541,78794,72.69,72.69,72.14,72.14,70.83,70.83,72.22,72.22,62.50,62.50
United States,USA,NAT_TOTAL,2020-05-11,3.00,0,3.00,0,2.00,0,4.00,0,1.00,0,2.00,0,2.00,0,3.00,2.00,0,1.00,0.00,0.00,2.00,1,3.00,1.00,0.00,0.00,3.00,0,,1329799,79528,72.69,72.69,72.14,72.14,70.83,70.83,72.22,72.22,62.50,62.50
United States,USA,NAT_TOTAL,2020-05-12,3.00,0,3.00,0,2.00,0,4.00,0,1.00,0,2.00,0,2.00,0,3.00,2.00,0,1.00,0.00,0.00,2.00,1,3.00,1.00,0.00,0.00,3.00,0,,1347916,80684,72.69,72.69,72.14,72.14,70.83,70.83,72.22,72.22,62.50,62.50
United States,USA,NAT_TOTAL,2020-05-13,3.00,0,3.00,0,2.00,0,4.00,0,1.00,0,2.00,0,2.00,0,3.00,2.00,0,1.00,0.00,0.00,2.00,1,3.00,1.00,0.00,0.00,3.00,0,,1369964,82387,72.69,72.69,72.14,72.14,70.83,70.83,72.22,72.22,62.50,62.50
United States,USA,NAT_TOTAL,2020-05-14,3.00,0,3.00,0,2.00,0,4.00,0,1.00,0,2.00,0,2.00,0,3.00,2.00,0,1.00,0.00,0.00,2.00,1,3.00,1.00,0.00,0.00,3.00,0,,1390746,84133,72.69,72.69,72.14,72.14,70.83,70.83,72.22,72.22,62.50,62.50
United States,USA,NAT_TOTAL,2020-05-15,3.00,0,3.00,0,2.00,0,4.00,0,1.00,0,2.00,0,2.00,0,3.00,2.00,0,1.00,0.00,0.00,2.00,1,3.00,1.00,0.00,0.00,3.00,0,,1417889,85906,72.69,72.69,72.14,72.14,70.83,70.83,72.22,72.22,62.50,62.50
United States,USA,NAT_TOTAL,2020-05-16,3.00,0,3.00,0,2.00,0,4.00,0,1.00,0,2.00,0,2.00,0,3.00,2.00,0,1.00,0.00,0.00,2.00,1,3.00,1.00,0.00,0.00,3.00,0,,1443397,87568,72.69,72.69,72.14,72.14,70.83,70.83,72.22,72.22,62.50,62.50
United States,USA,NAT_TOTAL,2020-05-17,3.00,0,3.00,0,2.00,0,4.00,0,1.00,0,2.00,0,2.00,0,3.00,2.00,0,1.00,0.00,0.00,2.00,1,3.00,1.00,0.00,0.00,3.00,0,,1467884,88754,72.69,72.69,72.14,72.14,70.83,70.83,72.22,72.22,62.50,62.50
United States,USA,NAT_TOTAL,2020-05-18,3.00,0,3.00,0,2.00,0,4.00,0,1.00,0,2.00,0,2.00,0,3.00,2.00,0,1.00,0.00,0.00,2.00,1,3.00,1.00,0.00,0.00,3.00,0,,1486757,89562,72.69,72.69,72.14,72.14,70.83,70.83,72.22,72.22,62.50,62.50
United States,USA,NAT_TOTAL,2020-05-19,3.00,0,3.00,0,2.00,0,4.00,0,1.00,0,2.00,0,2.00,0,3.00,2.00,0,1.00,0.00,0.00,2.00,1,3.00,1.00,0.00,0.00,3.00,0,,1508598,90353,72.69,72.69,72.14,72.14,70.83,70.83,72.22,72.22,62.50,62.50
United States,USA,NAT_TOTAL,2020-05-20,3.00,0,3.00,0,2.00,0,4.00,0,1.00,0,2.00,0,2.00,0,3.00,2.00,0,1.00,0.00,0.00,2.00,1,3.00,1.00,0.00,0.00,3.00,0,,1528568,91921,72.69,72.69,72.14,72.14,70.83,70.83,72.22,72.22,62.50,62.50
United States,USA,NAT_TOTAL,2020-05-21,3.00,0,3.00,0,2.00,0,4.00,0,1.00,0,2.00,0,2.00,0,3.00,2.00,0,1.00,0.00,0.00,2.00,1,3.00,1.00,0.00,1200000000.00,3.00,0,,1551853,93439,72.69,72.69,72.14,72.14,70.83,70.83,72.22,72.22,62.50,62.50
United States,USA,NAT_TOTAL,2020-05-22,3.00,0,3.00,0,2.00,0,4.00,0,1.00,0,2.00,0,2.00,0,3.00,2.00,0,1.00,0.00,0.00,2.00,1,3.00,1.00,0.00,0.00,3.00,0,,1577287,94702,72.69,72.69,72.14,72.14,70.83,70.83,72.22,72.22,62.50,62.50
United States,USA,NAT_TOTAL,2020-05-23,3.00,0,3.00,0,2.00,0,4.00,0,1.00,0,2.00,0,2.00,0,3.00,2.00,0,1.00,0.00,0.00,2.00,1,3.00,1.00,0.00,0.00,3.00,0,,1601434,96007,72.69,72.69,72.14,72.14,70.83,70.83,72.22,72.22,62.50,62.50
United States,USA,NAT_TOTAL,2020-05-24,3.00,0,3.00,0,2.00,0,4.00,0,1.00,0,2.00,0,2.00,0,3.00,2.00,0,1.00,0.00,0.00,2.00,1,3.00,1.00,0.00,0.00,3.00,0,,1622670,97087,72.69,72.69,72.14,72.14,70.83,70.83,72.22,72.22,62.50,62.50
United States,USA,NAT_TOTAL,2020-05-25,3.00,0,3.00,0,2.00,0,4.00,0,1.00,0,2.00,0,2.00,0,3.00,2.00,0,1.00,0.00,0.00,2.00,1,3.00,1.00,0.00,0.00,3.00,0,,1643238,97720,72.69,72.69,72.14,72.14,70.83,70.83,72.22,72.22,62.50,62.50
United States,USA,NAT_TOTAL,2020-05-26,3.00,0,3.00,0,2.00,0,4.00,0,1.00,0,2.00,0,2.00,0,3.00,2.00,0,1.00,0.00,0.00,2.00,1,3.00,1.00,0.00,0.00,3.00,0,,1662302,98220,72.69,72.69,72.14,72.14,70.83,70.83,72.22,72.22,62.50,62.50
United States,USA,NAT_TOTAL,2020-05-27,3.00,0,3.00,0,2.00,0,4.00,0,1.00,0,2.00,0,2.00,0,3.00,2.00,0,1.00,0.00,0.00,2.00,1,3.00,1.00,0.00,0.00,3.00,0,,1681212,98916,72.69,72.69,72.14,72.14,70.83,70.83,72.22,72.22,62.50,62.50
United States,USA,NAT_TOTAL,2020-05-28,3.00,0,3.00,0,2.00,0,4.00,0,1.00,0,2.00,0,2.00,0,3.00,2.00,0,1.00,0.00,0.00,2.00,1,3.00,1.00,0.00,0.00,3.00,0,,1699933,100442,72.69,72.69,72.14,72.14,70.83,70.83,72.22,72.22,62.50,62.50
United States,USA,NAT_TOTAL,2020-05-29,3.00,0,3.00,0,2.00,0,4.00,0,1.00,0,2.00,0,2.00,0,3.00,2.00,0,1.00,0.00,0.00,2.00,1,3.00,1.00,0.00,0.00,3.00,0,,1721750,101617,72.69,72.69,72.14,72.14,70.83,70.83,72.22,72.22,62.50,62.50
United States,USA,NAT_TOTAL,2020-05-30,3.00,0,3.00,0,2.00,0,4.00,0,1.00,0,2.00,0,2.00,0,3.00,2.00,0,1.00,0.00,0.00,2.00,1,3.00,1.00,0.00,0.00,3.00,0,,1747087,102836,72.69,72.69,72.14,72.14,70.83,70.83,72.22,72.22,62.50,62.50
United States,USA,NAT_TOTAL,2020-05-31,3.00,0,3.00,0,2.00,0,4.00,0,1.00,0,2.00,0,2.00,0,3.00,2.00,0,1.00,0.00,0.00,2.00,1,3.00,1.00,0.00,0.00,3.00,0,,1770384,103781,72.69,72.69,72.14,72.14,70.83,70.83,72.22,72.22,62.50,62.50
United States,USA,NAT_TOTAL,2020-06-01,3.00,0,3.00,0,2.00,0,4.00,0,1.00,0,2.00,0,2.00,0,3.00,2.00,0,1.00,0.00,0.00,2.00,1,3.00,1.00,0.00,0.00,3.00,0,,1790191,104383,72.69,72.69,72.14,72.14,70.83,70.83,72.22,72.22,62.50,62.50
United States,USA,NAT_TOTAL,2020-06-02,3.00,0,3.00,0,2.00,0,4.00,0,1.00,0,2.00,0,2.00,0,3.00,2.00,0,1.00,0.00,0.00,2.00,1,3.00,1.00,0.00,0.00,3.00,0,,1811277,105147,72.69,72.69,72.14,72.14,70.83,70.83,72.22,72.22,62.50,62.50
United States,USA,NAT_TOTAL,2020-06-03,3.00,0,3.00,0,2.00,0,4.00,0,1.00,0,2.00,0,2.00,0,3.00,2.00,0,1.00,0.00,0.00,2.00,1,3.00,1.00,0.00,0.00,3.00,0,,1831821,106181,72.69,72.69,72.14,72.14,70.83,70.83,72.22,72.22,62.50,62.50
United States,USA,NAT_TOTAL,2020-06-04,3.00,0,3.00,0,2.00,0,4.00,0,1.00,0,2.00,0,2.00,0,3.00,2.00,0,1.00,0.00,0.00,2.00,1,3.00,1.00,0.00,0.00,3.00,0,,1851520,107175,72.69,72.69,72.14,72.14,70.83,70.83,72.22,72.22,62.50,62.50
United States,USA,NAT_TOTAL,2020-06-05,3.00,0,3.00,0,2.00,0,4.00,0,1.00,0,2.00,0,2.00,0,3.00,2.00,0,1.00,0.00,0.00,2.00,1,3.00,1.00,0.00,0.00,3.00,0,,1872660,108211,72.69,72.69,72.14,72.14,70.83,70.83,72.22,72.22,62.50,62.50
United States,USA,NAT_TOTAL,2020-06-06,3.00,0,3.00,0,2.00,0,4.00,0,1.00,0,2.00,0,2.00,0,3.00,2.00,0,1.00,0.00,0.00,2.00,1,3.00,1.00,0.00,0.00,3.00,0,,1897838,109143,72.69,72.69,72.14,72.14,70.83,70.83,72.22,72.22,62.50,62.50
United States,USA,NAT_TOTAL,2020-06-07,3.00,0,3.00,0,2.00,0,4.00,0,1.00,0,2.00,0,2.00,0,3.00,2.00,0,1.00,0.00,0.00,2.00,1,3.00,1.00,0.00,0.00,3.00,0,,1920061,109802,72.69,72.69,72.14,72.14,70.83,70.83,72.22,72.22,62.50,62.50
United States,USA,NAT_TOTAL,2020-06-08,3.00,0,3.00,0,2.00,0,4.00,0,1.00,0,2.00,0,2.00,0,3.00,2.00,0,1.00,0.00,0.00,2.00,1,3.00,1.00,0.00,0.00,3.00,0,,1942363,110514,72.69,72.69,72.14,72.14,70.83,70.83,72.22,72.22,62.50,62.50
United States,USA,NAT_TOTAL,2020-06-09,3.00,0,3.00,0,2.00,0,4.00,0,1.00,0,2.00,0,2.00,0,3.00,2.00,0,1.00,0.00,0.00,2.00,1,3.00,1.00,0.00,0.00,3.00,0,,1961185,111007,72.69,72.69,72.14,72.14,70.83,70.83,72.22,72.22,62.50,62.50
United States,USA,NAT_TOTAL,2020-06-10,3.00,0,3.00,0,2.00,0,4.00,0,1.00,0,2.00,0,2.00,0,3.00,2.00,0,1.00,0.00,0.00,2.00,1,3.00,1.00,0.00,0.00,3.00,0,,1979850,112006,72.69,72.69,72.14,72.14,70.83,70.83,72.22,72.22,62.50,62.50
United States,USA,NAT_TOTAL,2020-06-11,3.00,0,3.00,0,2.00,0,4.00,0,1.00,0,2.00,0,2.00,0,3.00,2.00,0,1.00,0.00,0.00,2.00,1,3.00,1.00,0.00,0.00,3.00,0,,2000464,112924,72.69,72.69,72.14,72.14,70.83,70.83,72.22,72.22,62.50,62.50
United States,USA,NAT_TOTAL,2020-06-12,3.00,0,3.00,0,2.00,0,4.00,0,1.00,0,2.00,0,2.00,0,3.00,2.00,0,1.00,0.00,0.00,2.00,1,3.00,1.00,0.00,0.00,3.00,0,,2023347,113820,72.69,72.69,72.14,72.14,70.83,70.83,72.22,72.22,62.50,62.50
United States,USA,NAT_TOTAL,2020-06-13,3.00,0,3.00,0,2.00,0,4.00,0,1.00,0,2.00,0,2.00,0,3.00,2.00,0,1.00,0.00,0.00,2.00,1,3.00,1.00,0.00,0.00,3.00,0,,2048986,114669,72.69,72.69,72.14,72.14,70.83,70.83,72.22,72.22,62.50,62.50
United States,USA,NAT_TOTAL,2020-06-14,3.00,0,3.00,0,2.00,0,4.00,0,1.00,0,2.00,0,2.00,0,3.00,2.00,0,1.00,0.00,0.00,2.00,1,3.00,1.00,0.00,0.00,3.00,0,,2074526,115436,72.69,72.69,72.14,72.14,70.83,70.83,72.22,72.22,62.50,62.50
United States,USA,NAT_TOTAL,2020-06-15,3.00,0,2.00,0,2.00,0,4.00,0,1.00,0,2.00,0,2.00,0,3.00,2.00,0,1.00,0.00,0.00,2.00,1,3.00,1.00,0.00,0.00,3.00,0,,2094069,115732,68.98,68.98,68.57,68.57,68.45,68.45,69.44,69.44,62.50,62.50
United States,USA,NAT_TOTAL,2020-06-16,3.00,0,2.00,0,2.00,0,4.00,0,1.00,0,2.00,0,2.00,0,3.00,2.00,0,1.00,0.00,0.00,2.00,1,3.00,1.00,0.00,0.00,3.00,0,,2114026,116127,68.98,68.98,68.57,68.57,68.45,68.45,69.44,69.44,62.50,62.50
United States,USA,NAT_TOTAL,2020-06-17,3.00,0,2.00,0,2.00,0,4.00,0,1.00,0,2.00,0,2.00,0,3.00,2.00,0,1.00,0.00,0.00,2.00,1,3.00,1.00,0.00,0.00,3.00,0,,2137731,116963,68.98,68.98,68.57,68.57,68.45,68.45,69.44,69.44,62.50,62.50
United States,USA,NAT_TOTAL,2020-06-18,3.00,0,2.00,0,2.00,0,4.00,0,1.00,0,2.00,0,2.00,0,3.00,2.00,0,1.00,0.00,0.00,2.00,1,3.00,1.00,0.00,0.00,3.00,0,,2163290,117717,68.98,68.98,68.57,68.57,68.45,68.45,69.44,69.44,62.50,62.50
United States,USA,NAT_TOTAL,2020-06-19,3.00,0,2.00,0,2.00,0,4.00,0,1.00,0,2.00,0,2.00,0,3.00,2.00,0,1.00,0.00,0.00,2.00,1,3.00,1.00,0.00,0.00,3.00,0,,2191052,118434,68.98,68.98,68.57,68.57,68.45,68.45,69.44,69.44,62.50,62.50
United States,USA,NAT_TOTAL,2020-06-20,3.00,0,2.00,0,2.00,0,4.00,0,1.00,0,2.00,0,2.00,0,3.00,2.00,0,1.00,0.00,0.00,2.00,1,3.00,1.00,0.00,0.00,3.00,0,,2220961,119112,68.98,68.98,68.57,68.57,68.45,68.45,69.44,69.44,62.50,62.50
United States,USA,NAT_TOTAL,2020-06-21,3.00,0,2.00,0,2.00,0,4.00,0,1.00,0,2.00,0,2.00,0,3.00,2.00,0,1.00,0.00,0.00,2.00,1,3.00,1.00,0.00,0.00,3.00,0,,2255119,119719,68.98,68.98,68.57,68.57,68.45,68.45,69.44,69.44,62.50,62.50
United States,USA,NAT_TOTAL,2020-06-22,3.00,0,2.00,0,2.00,0,4.00,0,1.00,0,2.00,0,2.00,0,3.00,2.00,0,1.00,0.00,0.00,2.00,1,3.00,1.00,0.00,0.00,3.00,0,,2280912,119975,68.98,68.98,68.57,68.57,68.45,68.45,69.44,69.44,62.50,62.50
United States,USA,NAT_TOTAL,2020-06-23,3.00,0,2.00,0,2.00,0,4.00,0,1.00,0,2.00,0,2.00,0,3.00,2.00,0,1.00,0.00,0.00,2.00,1,3.00,1.00,0.00,0.00,3.00,0,,2312302,120402,68.98,68.98,68.57,68.57,68.45,68.45,69.44,69.44,62.50,62.50
United States,USA,NAT_TOTAL,2020-06-24,3.00,0,2.00,0,2.00,0,4.00,0,1.00,0,2.00,0,2.00,0,3.00,2.00,0,1.00,0.00,0.00,2.00,1,3.00,1.00,0.00,0.00,3.00,0,,2347022,121228,68.98,68.98,68.57,68.57,68.45,68.45,69.44,69.44,62.50,62.50
United States,USA,NAT_TOTAL,2020-06-25,3.00,0,2.00,0,2.00,0,4.00,0,1.00,0,2.00,0,2.00,0,3.00,2.00,0,1.00,0.00,0.00,2.00,1,3.00,1.00,0.00,0.00,3.00,0,,2381361,121979,68.98,68.98,68.57,68.57,68.45,68.45,69.44,69.44,62.50,62.50
United States,USA,NAT_TOTAL,2020-06-26,3.00,0,2.00,0,2.00,0,4.00,0,1.00,0,2.00,0,2.00,0,3.00,2.00,0,1.00,0.00,0.00,2.00,1,3.00,1.00,0.00,0.00,3.00,0,,2422310,124416,68.98,68.98,68.57,68.57,68.45,68.45,69.44,69.44,62.50,62.50
United States,USA,NAT_TOTAL,2020-06-27,3.00,0,2.00,0,2.00,0,4.00,0,1.00,0,2.00,0,2.00,0,3.00,2.00,0,1.00,0.00,0.00,2.00,1,3.00,1.00,0.00,0.00,3.00,0,,2467837,125039,68.98,68.98,68.57,68.57,68.45,68.45,69.44,69.44,62.50,62.50
United States,USA,NAT_TOTAL,2020-06-28,3.00,0,2.00,0,2.00,0,4.00,0,1.00,0,2.00,0,2.00,0,3.00,2.00,0,1.00,0.00,0.00,2.00,1,3.00,1.00,0.00,0.00,3.00,0,,2510323,125539,68.98,68.98,68.57,68.57,68.45,68.45,69.44,69.44,62.50,62.50
United States,USA,NAT_TOTAL,2020-06-29,3.00,0,2.00,0,2.00,0,4.00,0,1.00,0,2.00,0,2.00,0,3.00,2.00,0,1.00,0.00,0.00,2.00,1,3.00,1.00,0.00,0.00,3.00,0,,2548996,125804,68.98,68.98,68.57,68.57,68.45,68.45,69.44,69.44,62.50,62.50
United States,USA,NAT_TOTAL,2020-06-30,3.00,0,2.00,0,2.00,0,4.00,0,1.00,0,2.00,0,2.00,0,3.00,2.00,0,1.00,0.00,0.00,2.00,1,3.00,1.00,0.00,0.00,3.00,0,,2590552,126140,68.98,68.98,68.57,68.57,68.45,68.45,69.44,69.44,62.50,62.50
United States,USA,NAT_TOTAL,2020-07-01,3.00,0,2.00,0,2.00,0,4.00,0,1.00,0,2.00,0,2.00,0,3.00,2.00,0,1.00,0.00,0.00,2.00,1,3.00,1.00,0.00,0.00,4.00,0,,2634432,127410,68.98,68.98,68.57,68.57,70.24,70.24,71.53,71.53,62.50,62.50
United States,USA,NAT_TOTAL,2020-07-02,3.00,0,2.00,0,2.00,0,4.00,0,1.00,0,2.00,0,2.00,0,3.00,2.00,0,1.00,0.00,0.00,2.00,1,3.00,1.00,0.00,0.00,4.00,0,,2686480,128062,68.98,68.98,68.57,68.57,70.24,70.24,71.53,71.53,62.50,62.50
United States,USA,NAT_TOTAL,2020-07-03,3.00,0,2.00,0,2.00,0,4.00,0,1.00,0,2.00,0,2.00,0,3.00,2.00,0,1.00,0.00,0.00,2.00,1,3.00,1.00,0.00,0.00,4.00,0,,2739879,128740,68.98,68.98,68.57,68.57,70.24,70.24,71.53,71.53,62.50,62.50
United States,USA,NAT_TOTAL,2020-07-04,3.00,0,2.00,0,2.00,0,4.00,0,1.00,0,2.00,0,2.00,0,3.00,2.00,0,1.00,0.00,0.00,2.00,1,3.00,1.00,0.00,0.00,4.00,0,,2794321,129434,68.98,68.98,68.57,68.57,70.24,70.24,71.53,71.53,62.50,62.50
United States,USA,NAT_TOTAL,2020-07-05,3.00,0,2.00,0,2.00,0,4.00,0,1.00,0,2.00,0,2.00,0,3.00,2.00,0,1.00,0.00,0.00,2.00,1,3.00,1.00,0.00,0.00,4.00,0,,2839542,129676,68.98,68.98,68.57,68.57,70.24,70.24,71.53,71.53,62.50,62.50
United States,USA,NAT_TOTAL,2020-07-06,3.00,0,2.00,0,2.00,0,4.00,0,1.00,0,2.00,0,2.00,0,3.00,2.00,0,1.00,0.00,0.00,2.00,1,3.00,1.00,0.00,0.00,4.00,0,,2888635,129947,68.98,68.98,68.57,68.57,70.24,70.24,71.53,71.53,62.50,62.50
United States,USA,NAT_TOTAL,2020-07-07,3.00,0,2.00,0,2.00,0,4.00,0,1.00,0,2.00,0,2.00,0,3.00,2.00,0,1.00,0.00,0.00,2.00,1,3.00,1.00,0.00,1600000000.00,4.00,0,,2938625,130306,68.98,68.98,68.57,68.57,70.24,70.24,71.53,71.53,62.50,62.50
United States,USA,NAT_TOTAL,2020-07-08,3.00,0,2.00,0,2.00,0,4.00,0,1.00,0,2.00,0,2.00,0,3.00,2.00,0,1.00,0.00,0.00,2.00,1,3.00,1.00,0.00,0.00,4.00,0,,2996098,131480,68.98,68.98,68.57,68.57,70.24,70.24,71.53,71.53,62.50,62.50
United States,USA,NAT_TOTAL,2020-07-09,3.00,0,2.00,0,2.00,0,4.00,0,1.00,0,2.00,0,2.00,0,3.00,2.00,0,1.00,0.00,0.00,2.00,1,3.00,1.00,0.00,0.00,4.00,0,,3055004,132309,68.98,68.98,68.57,68.57,70.24,70.24,71.53,71.53,62.50,62.50
United States,USA,NAT_TOTAL,2020-07-10,3.00,0,2.00,0,2.00,0,4.00,0,1.00,0,2.00,0,2.00,0,3.00,2.00,0,1.00,0.00,0.00,2.00,1,3.00,1.00,0.00,0.00,4.00,0,,3118008,133291,68.98,68.98,68.57,68.57,70.24,70.24,71.53,71.53,62.50,62.50
United States,USA,NAT_TOTAL,2020-07-11,3.00,0,2.00,0,2.00,0,4.00,0,1.00,0,2.00,0,2.00,0,3.00,2.00,0,1.00,0.00,0.00,2.00,1,3.00,1.00,0.00,0.00,4.00,0,,3184633,134097,68.98,68.98,68.57,68.57,70.24,70.24,71.53,71.53,62.50,62.50
United States,USA,NAT_TOTAL,2020-07-12,3.00,0,2.00,0,2.00,0,4.00,0,1.00,0,2.00,0,2.00,0,3.00,2.00,0,1.00,0.00,0.00,2.00,1,3.00,1.00,0.00,0.00,4.00,0,,3247684,134814,68.98,68.98,68.57,68.57,70.24,70.24,71.53,71.53,62.50,62.50
United States,USA,NAT_TOTAL,2020-07-13,3.00,0,2.00,0,2.00,0,4.00,0,1.00,0,2.00,0,2.00,0,3.00,2.00,0,1.00,0.00,0.00,2.00,1,3.00,1.00,0.00,0.00,4.00,0,,3304942,135205,68.98,68.98,68.57,68.57,70.24,70.24,71.53,71.53,62.50,62.50
United States,USA,NAT_TOTAL,2020-07-14,3.00,0,2.00,0,2.00,0,4.00,0,1.00,0,2.00,0,2.00,0,3.00,2.00,0,1.00,0.00,0.00,2.00,1,3.00,1.00,0.00,0.00,4.00,0,,3363056,135605,68.98,68.98,68.57,68.57,70.24,70.24,71.53,71.53,62.50,62.50
United States,USA,NAT_TOTAL,2020-07-15,3.00,0,2.00,0,2.00,0,4.00,0,1.00,0,2.00,0,2.00,0,3.00,2.00,0,1.00,0.00,0.00,2.00,1,3.00,1.00,0.00,0.00,4.00,0,,3431574,136466,68.98,68.98,68.57,68.57,70.24,70.24,71.53,71.53,62.50,62.50
United States,USA,NAT_TOTAL,2020-07-16,3.00,0,2.00,0,2.00,0,4.00,0,1.00,0,2.00,0,2.00,0,3.00,2.00,0,1.00,0.00,0.00,2.00,1,3.00,1.00,0.00,0.00,4.00,0,,3499291,137419,68.98,68.98,68.57,68.57,70.24,70.24,71.53,71.53,62.50,62.50
United States,USA,NAT_TOTAL,2020-07-17,3.00,0,2.00,0,2.00,0,4.00,0,1.00,0,2.00,0,2.00,0,3.00,2.00,0,1.00,0.00,0.00,2.00,1,3.00,1.00,0.00,0.00,4.00,0,,3576221,138358,68.98,68.98,68.57,68.57,70.24,70.24,71.53,71.53,62.50,62.50
United States,USA,NAT_TOTAL,2020-07-18,3.00,0,2.00,0,2.00,0,4.00,0,1.00,0,2.00,0,2.00,0,3.00,2.00,0,1.00,0.00,0.00,2.00,1,3.00,1.00,0.00,0.00,4.00,0,,3647715,139266,68.98,68.98,68.57,68.57,70.24,70.24,71.53,71.53,62.50,62.50
United States,USA,NAT_TOTAL,2020-07-19,3.00,0,2.00,0,2.00,0,4.00,0,1.00,0,2.00,0,2.00,0,3.00,2.00,0,1.00,0.00,0.00,2.00,1,3.00,1.00,0.00,0.00,4.00,0,,3711464,140119,68.98,68.98,68.57,68.57,70.24,70.24,71.53,71.53,62.50,62.50
United States,USA,NAT_TOTAL,2020-07-20,3.00,0,2.00,0,2.00,0,4.00,0,1.00,0,1.00,1,2.00,0,3.00,2.00,0,1.00,0.00,0.00,2.00,1,3.00,1.00,0.00,0.00,4.00,0,,3773260,140534,67.13,67.13,68.57,68.57,69.05,69.05,70.14,70.14,62.50,62.50
United States,USA,NAT_TOTAL,2020-07-21,3.00,0,2.00,0,2.00,0,4.00,0,1.00,0,1.00,1,2.00,0,3.00,2.00,0,1.00,0.00,0.00,2.00,1,3.00,1.00,0.00,0.00,4.00,0,,3830010,140906,67.13,67.13,68.57,68.57,69.05,69.05,70.14,70.14,62.50,62.50
United States,USA,NAT_TOTAL,2020-07-22,3.00,0,2.00,0,2.00,0,4.00,0,1.00,0,1.00,1,2.00,0,3.00,2.00,0,1.00,0.00,1950000.00,2.00,1,3.00,1.00,0.00,1950000000.00,4.00,0,,3902058,142066,67.13,67.13,68.57,68.57,69.05,69.05,70.14,70.14,62.50,62.50
United States,USA,NAT_TOTAL,2020-07-23,3.00,0,2.00,0,2.00,0,4.00,0,1.00,0,1.00,1,2.00,0,3.00,2.00,0,1.00,0.00,0.00,2.00,1,3.00,1.00,0.00,0.00,4.00,0,,3970906,143190,67.13,67.13,68.57,68.57,69.05,69.05,70.14,70.14,62.50,62.50
United States,USA,NAT_TOTAL,2020-07-24,3.00,0,2.00,0,2.00,0,4.00,0,1.00,0,1.00,1,2.00,0,3.00,2.00,0,1.00,0.00,0.00,2.00,1,3.00,1.00,0.00,0.00,4.00,0,,4034102,144242,67.13,67.13,68.57,68.57,69.05,69.05,70.14,70.14,62.50,62.50
United States,USA,NAT_TOTAL,2020-07-25,3.00,0,2.00,0,2.00,0,4.00,0,1.00,0,1.00,1,2.00,0,3.00,2.00,0,1.00,0.00,0.00,2.00,1,3.00,1.00,0.00,0.00,4.00,0,,4112529,145546,67.13,67.13,68.57,68.57,69.05,69.05,70.14,70.14,62.50,62.50
United States,USA,NAT_TOTAL,2020-07-26,3.00,0,2.00,0,2.00,0,4.00,0,1.00,0,1.00,1,2.00,0,3.00,2.00,0,1.00,0.00,0.00,2.00,1,3.00,1.00,0.00,472000000.00,4.00,0,,4178027,146460,67.13,67.13,68.57,68.57,69.05,69.05,70.14,70.14,62.50,62.50
United States,USA,NAT_TOTAL,2020-07-27,3.00,0,2.00,0,2.00,0,4.00,0,1.00,0,1.00,1,2.00,0,3.00,2.00,0,1.00,0.00,0.00,2.00,1,3.00,1.00,0.00,,4.00,0,,4234020,146935,67.13,67.13,68.57,68.57,69.05,69.05,70.14,70.14,62.50,62.50
United States,USA,NAT_TOTAL,2020-07-28,3.00,0,2.00,0,2.00,0,4.00,0,1.00,0,1.00,1,2.00,0,3.00,2.00,0,1.00,0.00,0.00,2.00,1,3.00,1.00,0.00,0.00,4.00,0,,4290263,148011,67.13,67.13,68.57,68.57,69.05,69.05,70.14,70.14,62.50,62.50
United States,USA,NAT_TOTAL,2020-07-29,3.00,0,2.00,0,2.00,0,4.00,0,1.00,0,1.00,1,2.00,0,3.00,2.00,0,1.00,0.00,0.00,2.00,1,3.00,1.00,0.00,0.00,4.00,0,,4351997,149256,67.13,67.13,68.57,68.57,69.05,69.05,70.14,70.14,62.50,62.50
United States,USA,NAT_TOTAL,2020-07-30,3.00,0,2.00,0,2.00,0,4.00,0,1.00,0,1.00,1,2.00,0,3.00,2.00,0,1.00,0.00,0.00,2.00,1,3.00,1.00,0.00,0.00,4.00,0,,4426982,150713,67.13,67.13,68.57,68.57,69.05,69.05,70.14,70.14,62.50,62.50
United States,USA,NAT_TOTAL,2020-07-31,3.00,0,2.00,0,2.00,0,4.00,0,1.00,0,1.00,1,2.00,0,3.00,2.00,0,1.00,0.00,0.00,2.00,1,3.00,1.00,0.00,0.00,4.00,0,,4495014,152070,67.13,67.13,68.57,68.57,69.05,69.05,70.14,70.14,62.50,62.50
United States,USA,NAT_TOTAL,2020-08-01,3.00,0,2.00,0,2.00,0,4.00,0,1.00,0,1.00,1,2.00,0,3.00,2.00,0,1.00,0.00,0.00,2.00,1,3.00,1.00,0.00,0.00,4.00,0,,4562037,153314,67.13,67.13,68.57,68.57,69.05,69.05,70.14,70.14,62.50,62.50
United States,USA,NAT_TOTAL,2020-08-02,3.00,0,2.00,0,2.00,0,4.00,0,1.00,0,1.00,1,2.00,0,3.00,2.00,0,1.00,0.00,0.00,2.00,1,3.00,1.00,0.00,0.00,4.00,0,,4620444,154447,67.13,67.13,68.57,68.57,69.05,69.05,70.14,70.14,62.50,62.50
United States,USA,NAT_TOTAL,2020-08-03,3.00,0,2.00,0,2.00,0,4.00,0,1.00,0,1.00,1,2.00,0,3.00,2.00,0,1.00,0.00,0.00,2.00,1,3.00,1.00,0.00,,4.00,0,,4667955,154860,67.13,67.13,68.57,68.57,69.05,69.05,70.14,70.14,62.50,62.50
United States,USA,NAT_TOTAL,2020-08-04,3.00,0,2.00,0,2.00,0,4.00,0,1.00,0,1.00,1,2.00,0,3.00,2.00,0,1.00,0.00,0.00,2.00,1,3.00,1.00,0.00,,4.00,0,,4713562,155403,67.13,67.13,68.57,68.57,69.05,69.05,70.14,70.14,62.50,62.50
United States,USA,NAT_TOTAL,2020-08-05,3.00,0,2.00,0,2.00,0,4.00,0,1.00,0,1.00,1,2.00,0,3.00,2.00,0,1.00,0.00,0.00,2.00,1,3.00,1.00,0.00,1000000000.00,4.00,0,,4771087,156806,67.13,67.13,68.57,68.57,69.05,69.05,70.14,70.14,62.50,62.50
United States,USA,NAT_TOTAL,2020-08-06,3.00,0,2.00,0,2.00,0,4.00,0,1.00,0,1.00,1,2.00,0,3.00,2.00,0,1.00,,0.00,2.00,1,3.00,1.00,0.00,0.00,4.00,0,,4823891,158256,67.13,67.13,68.57,68.57,69.05,69.05,70.14,70.14,62.50,62.50
United States,USA,NAT_TOTAL,2020-08-07,3.00,0,2.00,0,2.00,0,4.00,0,1.00,0,1.00,1,2.00,0,3.00,2.00,0,1.00,0.00,0.00,2.00,1,3.00,1.00,0.00,0.00,4.00,0,,4883646,160104,67.13,67.13,68.57,68.57,69.05,69.05,70.14,70.14,62.50,62.50
United States,USA,NAT_TOTAL,2020-08-08,3.00,0,2.00,0,2.00,0,4.00,0,1.00,0,1.00,1,2.00,0,3.00,2.00,0,1.00,0.00,0.00,2.00,1,3.00,1.00,0.00,0.00,4.00,0,,4941796,161356,67.13,67.13,68.57,68.57,69.05,69.05,70.14,70.14,62.50,62.50
United States,USA,NAT_TOTAL,2020-08-09,3.00,0,2.00,0,2.00,0,4.00,0,1.00,0,1.00,1,2.00,0,3.00,2.00,0,1.00,0.00,0.00,2.00,1,3.00,1.00,0.00,0.00,4.00,0,,4998017,162425,67.13,67.13,68.57,68.57,69.05,69.05,70.14,70.14,62.50,62.50
United States,USA,NAT_TOTAL,2020-08-10,3.00,0,2.00,0,2.00,0,4.00,0,1.00,0,1.00,1,2.00,0,3.00,2.00,0,1.00,0.00,0.00,2.00,1,3.00,1.00,0.00,0.00,4.00,0,,5044864,162938,67.13,67.13,68.57,68.57,69.05,69.05,70.14,70.14,62.50,62.50
United States,USA,NAT_TOTAL,2020-08-11,3.00,0,2.00,0,2.00,0,4.00,0,1.00,0,1.00,1,2.00,0,3.00,2.00,0,1.00,0.00,0.00,2.00,1,3.00,1.00,0.00,0.00,4.00,0,,5094394,163461,67.13,67.13,68.57,68.57,69.05,69.05,70.14,70.14,62.50,62.50
United States,USA,NAT_TOTAL,2020-08-12,3.00,0,2.00,0,2.00,0,4.00,0,1.00,0,1.00,1,2.00,0,3.00,2.00,0,1.00,0.00,0.00,2.00,1,3.00,1.00,0.00,0.00,4.00,0,,5141207,164537,67.13,67.13,68.57,68.57,69.05,69.05,70.14,70.14,62.50,62.50
United States,USA,NAT_TOTAL,2020-08-13,3.00,0,2.00,0,2.00,0,4.00,0,1.00,0,1.00,1,2.00,0,3.00,2.00,0,1.00,0.00,0.00,2.00,1,3.00,1.00,0.00,0.00,4.00,0,,5197148,166027,67.13,67.13,68.57,68.57,69.05,69.05,70.14,70.14,62.50,62.50
United States,USA,NAT_TOTAL,2020-08-14,3.00,0,2.00,0,2.00,0,4.00,0,1.00,0,1.00,1,2.00,0,3.00,2.00,0,1.00,0.00,0.00,2.00,1,3.00,1.00,0.00,0.00,4.00,0,,5248242,167110,67.13,67.13,68.57,68.57,69.05,69.05,70.14,70.14,62.50,62.50
United States,USA,NAT_TOTAL,2020-08-15,3.00,0,2.00,0,2.00,0,4.00,0,1.00,0,1.00,1,2.00,0,3.00,2.00,0,1.00,0.00,0.00,2.00,1,3.00,1.00,0.00,0.00,4.00,0,,5313080,168446,67.13,67.13,68.57,68.57,69.05,69.05,70.14,70.14,62.50,62.50
United States,USA,NAT_TOTAL,2020-08-16,3.00,0,2.00,0,2.00,0,4.00,0,1.00,0,1.00,1,2.00,0,3.00,2.00,0,1.00,0.00,0.00,2.00,1,3.00,1.00,0.00,0.00,4.00,0,,5361165,169481,67.13,67.13,68.57,68.57,69.05,69.05,70.14,70.14,62.50,62.50
United States,USA,NAT_TOTAL,2020-08-17,3.00,0,2.00,0,2.00,0,4.00,0,1.00,0,1.00,1,2.00,0,3.00,2.00,0,1.00,0.00,0.00,2.00,1,3.00,1.00,750000.00,0.00,4.00,0,,5403269,170052,67.13,67.13,68.57,68.57,69.05,69.05,70.14,70.14,62.50,62.50
United States,USA,NAT_TOTAL,2020-08-18,3.00,0,2.00,0,2.00,0,4.00,0,1.00,0,1.00,1,2.00,0,3.00,2.00,0,1.00,0.00,0.00,2.00,1,3.00,1.00,,0.00,4.00,0,,5438325,170497,67.13,67.13,68.57,68.57,69.05,69.05,70.14,70.14,62.50,62.50
United States,USA,NAT_TOTAL,2020-08-19,3.00,0,2.00,0,2.00,0,4.00,0,1.00,0,1.00,1,2.00,0,3.00,2.00,0,1.00,0.00,0.00,2.00,1,3.00,1.00,,0.00,4.00,0,,5482416,171821,67.13,67.13,68.57,68.57,69.05,69.05,70.14,70.14,62.50,62.50
United States,USA,NAT_TOTAL,2020-08-20,3.00,0,2.00,0,2.00,0,4.00,0,1.00,0,1.00,1,2.00,0,3.00,2.00,0,1.00,0.00,0.00,2.00,1,3.00,1.00,,0.00,4.00,0,,5529842,173177,67.13,67.13,68.57,68.57,69.05,69.05,70.14,70.14,62.50,62.50
United States,USA,NAT_TOTAL,2020-08-21,3.00,0,2.00,0,2.00,0,4.00,0,1.00,0,1.00,1,2.00,0,3.00,2.00,0,1.00,0.00,0.00,2.00,1,3.00,1.00,,0.00,4.00,0,,5573847,174255,67.13,67.13,68.57,68.57,69.05,69.05,70.14,70.14,62.50,62.50
United States,USA,NAT_TOTAL,2020-08-22,3.00,0,2.00,0,2.00,0,4.00,0,1.00,0,1.00,1,2.00,0,3.00,2.00,0,1.00,0.00,0.00,2.00,1,3.00,1.00,,0.00,4.00,0,,5623727,175406,67.13,67.13,68.57,68.57,69.05,69.05,70.14,70.14,62.50,62.50
United States,USA,NAT_TOTAL,2020-08-23,3.00,0,2.00,0,2.00,0,4.00,0,1.00,0,1.00,1,2.00,0,3.00,2.00,0,1.00,0.00,0.00,2.00,1,3.00,1.00,,0.00,4.00,0,,5668105,176362,67.13,67.13,68.57,68.57,69.05,69.05,70.14,70.14,62.50,62.50
United States,USA,NAT_TOTAL,2020-08-24,3.00,0,2.00,0,2.00,0,4.00,0,1.00,0,1.00,1,2.00,0,3.00,2.00,0,1.00,0.00,0.00,2.00,1,3.00,1.00,,0.00,4.00,0,,5702611,176806,67.13,67.13,68.57,68.57,69.05,69.05,70.14,70.14,62.50,62.50
United States,USA,NAT_TOTAL,2020-08-25,3.00,0,2.00,0,2.00,0,4.00,0,1.00,0,1.00,1,2.00,0,3.00,2.00,0,1.00,0.00,0.00,2.00,1,3.00,1.00,,0.00,4.00,0,,5740909,177279,67.13,67.13,68.57,68.57,69.05,69.05,70.14,70.14,62.50,62.50
United States,USA,NAT_TOTAL,2020-08-26,3.00,0,2.00,0,2.00,0,4.00,0,1.00,0,1.00,1,2.00,0,3.00,2.00,0,1.00,0.00,0.00,2.00,1,3.00,1.00,,0.00,4.00,0,,5779028,178486,67.13,67.13,68.57,68.57,69.05,69.05,70.14,70.14,62.50,62.50
United States,USA,NAT_TOTAL,2020-08-27,3.00,0,2.00,0,2.00,0,4.00,0,1.00,0,1.00,1,2.00,0,3.00,2.00,0,1.00,0.00,0.00,2.00,1,3.00,1.00,,0.00,4.00,0,,5821876,179714,67.13,67.13,68.57,68.57,69.05,69.05,70.14,70.14,62.50,62.50
United States,USA,NAT_TOTAL,2020-08-28,3.00,0,2.00,0,2.00,0,4.00,0,1.00,0,1.00,1,2.00,0,3.00,2.00,0,1.00,0.00,0.00,2.00,1,3.00,1.00,,0.00,4.00,0,,5867785,180824,67.13,67.13,68.57,68.57,69.05,69.05,70.14,70.14,62.50,62.50
United States,USA,NAT_TOTAL,2020-08-29,3.00,0,2.00,0,2.00,0,4.00,0,1.00,0,1.00,1,2.00,0,3.00,2.00,0,1.00,0.00,0.00,2.00,1,3.00,1.00,,0.00,4.00,0,,5917439,181773,67.13,67.13,68.57,68.57,69.05,69.05,70.14,70.14,62.50,62.50
United States,USA,NAT_TOTAL,2020-08-30,3.00,0,2.00,0,2.00,0,4.00,0,1.00,0,1.00,1,2.00,0,3.00,2.00,0,1.00,0.00,0.00,2.00,1,3.00,1.00,,0.00,4.00,0,,5961582,182779,67.13,67.13,68.57,68.57,69.05,69.05,70.14,70.14,62.50,62.50
United States,USA,NAT_TOTAL,2020-08-31,3.00,0,2.00,0,2.00,0,4.00,0,1.00,0,1.00,1,2.00,0,3.00,2.00,0,1.00,0.00,0.00,2.00,1,3.00,1.00,,0.00,4.00,0,,5997163,183069,67.13,67.13,68.57,68.57,69.05,69.05,70.14,70.14,62.50,62.50
United States,USA,NAT_TOTAL,2020-09-01,3.00,0,2.00,0,2.00,0,4.00,0,1.00,0,1.00,1,2.00,0,3.00,2.00,0,1.00,0.00,0.00,2.00,1,3.00,1.00,,0.00,4.00,0,,6031013,183598,67.13,67.13,68.57,68.57,69.05,69.05,70.14,70.14,62.50,62.50
United States,USA,NAT_TOTAL,2020-09-02,3.00,0,2.00,0,2.00,0,4.00,0,1.00,0,1.00,1,2.00,0,3.00,2.00,0,1.00,0.00,0.00,2.00,1,3.00,1.00,,0.00,4.00,0,,6075652,184689,67.13,67.13,68.57,68.57,69.05,69.05,70.14,70.14,62.50,62.50
United States,USA,NAT_TOTAL,2020-09-03,3.00,0,2.00,0,2.00,0,4.00,0,1.00,0,1.00,1,2.00,0,3.00,2.00,0,1.00,0.00,0.00,2.00,1,3.00,1.00,,0.00,4.00,0,,6114406,185744,67.13,67.13,68.57,68.57,69.05,69.05,70.14,70.14,62.50,62.50
United States,USA,NAT_TOTAL,2020-09-04,3.00,0,2.00,0,2.00,0,4.00,0,1.00,0,1.00,1,2.00,0,3.00,2.00,0,1.00,0.00,0.00,2.00,1,3.00,1.00,,0.00,4.00,0,,6150655,186797,67.13,67.13,68.57,68.57,69.05,69.05,70.14,70.14,62.50,62.50
United States,USA,NAT_TOTAL,2020-09-05,3.00,0,2.00,0,2.00,0,4.00,0,1.00,0,1.00,1,2.00,0,3.00,2.00,0,1.00,0.00,0.00,2.00,1,3.00,1.00,,0.00,4.00,0,,6201726,187765,67.13,67.13,68.57,68.57,69.05,69.05,70.14,70.14,62.50,62.50
United States,USA,NAT_TOTAL,2020-09-06,3.00,0,2.00,0,2.00,0,4.00,0,1.00,0,1.00,1,2.00,0,3.00,2.00,0,1.00,0.00,0.00,2.00,1,3.00,1.00,,0.00,4.00,0,,6245866,188538,67.13,67.13,68.57,68.57,69.05,69.05,70.14,70.14,62.50,62.50
United States,USA,NAT_TOTAL,2020-09-07,3.00,0,2.00,0,2.00,0,4.00,0,1.00,0,1.00,1,2.00,0,3.00,2.00,0,1.00,0.00,0.00,2.00,1,3.00,1.00,,0.00,4.00,0,,6276421,188941,67.13,67.13,68.57,68.57,69.05,69.05,70.14,70.14,62.50,62.50
United States,USA,NAT_TOTAL,2020-09-08,3.00,0,2.00,0,2.00,0,4.00,0,1.00,0,1.00,1,2.00,0,3.00,2.00,0,1.00,0.00,0.00,2.00,1,3.00,1.00,,0.00,4.00,0,,6300671,189208,67.13,67.13,68.57,68.57,69.05,69.05,70.14,70.14,62.50,62.50
United States,USA,NAT_TOTAL,2020-09-09,3.00,0,2.00,0,2.00,0,4.00,0,1.00,0,1.00,1,2.00,0,3.00,2.00,0,1.00,0.00,0.00,2.00,1,3.00,1.00,,0.00,4.00,0,,6327793,189679,67.13,67.13,68.57,68.57,69.05,69.05,70.14,70.14,62.50,62.50
United States,USA,NAT_TOTAL,2020-09-10,3.00,0,2.00,0,2.00,0,4.00,0,1.00,0,1.00,1,2.00,0,3.00,2.00,0,1.00,0.00,0.00,2.00,1,3.00,1.00,,0.00,4.00,0,,6359720,190815,67.13,67.13,68.57,68.57,69.05,69.05,70.14,70.14,62.50,62.50
United States,USA,NAT_TOTAL,2020-09-11,3.00,0,2.00,0,2.00,0,4.00,0,1.00,0,1.00,1,2.00,0,3.00,2.00,0,1.00,0.00,0.00,2.00,1,3.00,1.00,,0.00,4.00,0,,6397227,191789,67.13,67.13,68.57,68.57,69.05,69.05,70.14,70.14,62.50,62.50
United States,USA,NAT_TOTAL,2020-09-12,3.00,0,2.00,0,2.00,0,3.00,0,1.00,0,1.00,0,2.00,0,3.00,2.00,0,1.00,0.00,0.00,2.00,1,3.00,1.00,0.00,0.00,4.00,0,,6445288,193016,62.50,62.50,66.67,66.67,66.07,66.07,66.67,66.67,62.50,62.50
United States,USA,NAT_TOTAL,2020-09-13,3.00,0,2.00,0,2.00,0,3.00,0,1.00,0,1.00,0,2.00,0,3.00,2.00,0,1.00,0.00,0.00,2.00,1,3.00,1.00,0.00,0.00,4.00,0,,6486108,193701,62.50,62.50,66.67,66.67,66.07,66.07,66.67,66.67,62.50,62.50
United States,USA,NAT_TOTAL,2020-09-14,3.00,0,2.00,0,2.00,0,3.00,0,1.00,0,1.00,0,2.00,0,3.00,2.00,0,1.00,0.00,0.00,2.00,1,3.00,1.00,0.00,0.00,4.00,0,,6519979,194079,62.50,62.50,66.67,66.67,66.07,66.07,66.67,66.67,62.50,62.50
United States,USA,NAT_TOTAL,2020-09-15,3.00,0,2.00,0,2.00,0,3.00,0,1.00,0,1.00,0,2.00,0,3.00,2.00,0,1.00,0.00,0.00,2.00,1,3.00,1.00,0.00,0.00,4.00,0,,6554820,194530,62.50,62.50,66.67,66.67,66.07,66.07,66.67,66.67,62.50,62.50
United States,USA,NAT_TOTAL,2020-09-16,3.00,0,2.00,0,2.00,0,3.00,0,1.00,0,1.00,0,2.00,0,3.00,2.00,0,1.00,0.00,0.00,2.00,1,3.00,1.00,0.00,0.00,4.00,0,,6606293,195937,62.50,62.50,66.67,66.67,66.07,66.07,66.67,66.67,62.50,62.50
United States,USA,NAT_TOTAL,2020-09-17,3.00,0,2.00,0,2.00,0,3.00,0,1.00,0,1.00,0,2.00,0,3.00,2.00,0,1.00,0.00,0.00,2.00,1,3.00,1.00,0.00,0.00,4.00,0,,6630891,196802,62.50,62.50,66.67,66.67,66.07,66.07,66.67,66.67,62.50,62.50
United States,USA,NAT_TOTAL,2020-09-18,3.00,0,2.00,0,2.00,0,3.00,0,1.00,0,1.00,0,2.00,0,3.00,2.00,0,1.00,0.00,0.00,2.00,1,3.00,1.00,0.00,0.00,4.00,0,,6674458,197633,62.50,62.50,66.67,66.67,66.07,66.07,66.67,66.67,62.50,62.50
United States,USA,NAT_TOTAL,2020-09-19,3.00,0,2.00,0,2.00,0,3.00,0,1.00,0,1.00,0,2.00,0,3.00,2.00,0,1.00,0.00,0.00,2.00,1,3.00,1.00,0.00,0.00,4.00,0,,6724667,198589,62.50,62.50,66.67,66.67,66.07,66.07,66.67,66.67,62.50,62.50
United States,USA,NAT_TOTAL,2020-09-20,3.00,0,2.00,0,2.00,0,3.00,0,1.00,0,1.00,0,2.00,0,3.00,2.00,0,1.00,0.00,0.00,2.00,1,3.00,1.00,0.00,0.00,4.00,0,,6764962,199258,62.50,62.50,66.67,66.67,66.07,66.07,66.67,66.67,62.50,62.50
United States,USA,NAT_TOTAL,2020-09-21,3.00,0,2.00,0,2.00,0,3.00,0,1.00,0,1.00,0,2.00,0,3.00,2.00,0,1.00,0.00,0.00,2.00,1,3.00,1.00,0.00,0.00,4.00,0,,6804814,199509,62.50,62.50,66.67,66.67,66.07,66.07,66.67,66.67,62.50,62.50
United States,USA,NAT_TOTAL,2020-09-22,3.00,0,2.00,0,2.00,0,3.00,0,1.00,0,1.00,0,2.00,0,3.00,2.00,0,1.00,0.00,0.00,2.00,1,3.00,1.00,0.00,0.00,4.00,0,,6857967,199881,62.50,62.50,66.67,66.67,66.07,66.07,66.67,66.67,62.50,62.50
United States,USA,NAT_TOTAL,2020-09-23,3.00,0,2.00,0,2.00,0,3.00,0,1.00,0,1.00,0,2.00,0,3.00,2.00,0,1.00,0.00,0.00,2.00,1,3.00,1.00,0.00,0.00,4.00,0,,6896274,200807,62.50,62.50,66.67,66.67,66.07,66.07,66.67,66.67,62.50,62.50
United States,USA,NAT_TOTAL,2020-09-24,3.00,0,2.00,0,2.00,0,3.00,0,1.00,0,1.00,0,2.00,0,3.00,2.00,0,1.00,0.00,0.00,2.00,1,3.00,1.00,0.00,0.00,4.00,0,,6934204,201909,62.50,62.50,66.67,66.67,66.07,66.07,66.67,66.67,62.50,62.50
United States,USA,NAT_TOTAL,2020-09-25,3.00,0,2.00,0,2.00,0,3.00,0,1.00,0,1.00,0,2.00,0,3.00,2.00,0,1.00,0.00,0.00,2.00,1,3.00,1.00,0.00,0.00,4.00,0,,6978417,202810,62.50,62.50,66.67,66.67,66.07,66.07,66.67,66.67,62.50,62.50
United States,USA,NAT_TOTAL,2020-09-26,3.00,0,2.00,0,2.00,0,3.00,0,1.00,0,1.00,0,2.00,0,3.00,2.00,0,1.00,0.00,0.00,2.00,1,3.00,1.00,0.00,0.00,4.00,0,,7033430,203774,62.50,62.50,66.67,66.67,66.07,66.07,66.67,66.67,62.50,62.50
United States,USA,NAT_TOTAL,2020-09-27,3.00,0,2.00,0,2.00,0,3.00,0,1.00,0,1.00,0,2.00,0,3.00,2.00,0,1.00,0.00,0.00,2.00,1,3.00,1.00,0.00,0.00,4.00,0,,7078798,204497,62.50,62.50,66.67,66.67,66.07,66.07,66.67,66.67,62.50,62.50
United States,USA,NAT_TOTAL,2020-09-28,3.00,0,2.00,0,2.00,0,3.00,0,1.00,0,1.00,0,2.00,0,3.00,2.00,0,1.00,0.00,0.00,2.00,1,3.00,1.00,0.00,0.00,4.00,0,,7115046,204756,62.50,62.50,66.67,66.67,66.07,66.07,66.67,66.67,62.50,62.50
United States,USA,NAT_TOTAL,2020-09-29,3.00,0,2.00,0,2.00,0,3.00,0,1.00,0,1.00,0,2.00,0,3.00,2.00,0,1.00,0.00,0.00,2.00,1,3.00,1.00,0.00,0.00,4.00,0,,7148044,205070,62.50,62.50,66.67,66.67,66.07,66.07,66.67,66.67,62.50,62.50
United States,USA,NAT_TOTAL,2020-09-30,3.00,0,2.00,0,2.00,0,3.00,0,1.00,0,1.00,0,2.00,0,3.00,2.00,0,1.00,0.00,0.00,2.00,1,3.00,1.00,0.00,0.00,4.00,0,,7191061,205998,62.50,62.50,66.67,66.67,66.07,66.07,66.67,66.67,62.50,62.50
United States,USA,NAT_TOTAL,2020-10-01,3.00,0,2.00,0,2.00,0,3.00,0,1.00,0,1.00,0,2.00,0,3.00,2.00,0,1.00,0.00,0.00,2.00,1,3.00,1.00,0.00,0.00,4.00,0,,7233043,206928,62.50,62.50,66.67,66.67,66.07,66.07,66.67,66.67,62.50,62.50
United States,USA,NAT_TOTAL,2020-10-02,3.00,0,2.00,0,2.00,0,3.00,0,1.00,0,1.00,0,2.00,0,3.00,2.00,0,1.00,0.00,0.00,2.00,1,3.00,1.00,0.00,0.00,4.00,0,,7277814,207808,62.50,62.50,66.67,66.67,66.07,66.07,66.67,66.67,62.50,62.50
United States,USA,NAT_TOTAL,2020-10-03,3.00,0,2.00,0,2.00,0,3.00,0,1.00,0,1.00,0,2.00,0,3.00,2.00,0,1.00,0.00,0.00,2.00,1,3.00,1.00,0.00,0.00,4.00,0,,7332285,208716,62.50,62.50,66.67,66.67,66.07,66.07,66.67,66.67,62.50,62.50
United States,USA,NAT_TOTAL,2020-10-04,3.00,0,2.00,0,2.00,0,3.00,0,1.00,0,1.00,0,2.00,0,3.00,2.00,0,1.00,0.00,0.00,2.00,1,3.00,1.00,0.00,0.00,4.00,0,,7382944,209394,62.50,62.50,66.67,66.67,66.07,66.07,66.67,66.67,62.50,62.50
United States,USA,NAT_TOTAL,2020-10-05,3.00,0,2.00,0,2.00,0,3.00,0,1.00,0,1.00,0,2.00,0,3.00,2.00,0,1.00,0.00,0.00,2.00,1,3.00,1.00,0.00,0.00,4.00,0,,7417845,209794,62.50,62.50,66.67,66.67,66.07,66.07,66.67,66.67,62.50,62.50
United States,USA,NAT_TOTAL,2020-10-06,3.00,0,2.00,0,2.00,0,3.00,0,1.00,0,1.00,0,2.00,0,3.00,2.00,0,1.00,0.00,0.00,2.00,1,3.00,1.00,0.00,0.00,4.00,0,,7458550,210192,62.50,62.50,66.67,66.67,66.07,66.07,66.67,66.67,62.50,62.50
United States,USA,NAT_TOTAL,2020-10-07,3.00,0,2.00,0,2.00,0,3.00,0,1.00,0,1.00,0,2.00,0,3.00,2.00,0,1.00,0.00,0.00,2.00,1,3.00,1.00,0.00,0.00,4.00,0,,7501612,210909,62.50,62.50,66.67,66.67,66.07,66.07,66.67,66.67,62.50,62.50
United States,USA,NAT_TOTAL,2020-10-08,3.00,0,2.00,0,2.00,0,3.00,0,1.00,0,1.00,0,2.00,0,3.00,2.00,0,1.00,0.00,0.00,2.00,1,3.00,1.00,0.00,0.00,4.00,0,,7549794,211801,62.50,62.50,66.67,66.67,66.07,66.07,66.67,66.67,62.50,62.50
United States,USA,NAT_TOTAL,2020-10-09,3.00,0,2.00,0,2.00,0,3.00,0,1.00,0,1.00,0,2.00,0,3.00,2.00,0,1.00,0.00,0.00,2.00,1,3.00,1.00,0.00,0.00,4.00,0,,7606594,212773,62.50,62.50,66.67,66.67,66.07,66.07,66.67,66.67,62.50,62.50
United States,USA,NAT_TOTAL,2020-10-10,3.00,0,2.00,0,2.00,0,3.00,0,1.00,0,1.00,0,2.00,0,3.00,2.00,0,1.00,0.00,0.00,2.00,1,3.00,1.00,0.00,0.00,4.00,0,,7664676,213787,62.50,62.50,66.67,66.67,66.07,66.07,66.67,66.67,62.50,62.50
United States,USA,NAT_TOTAL,2020-10-11,3.00,0,2.00,0,2.00,0,3.00,0,1.00,0,1.00,0,2.00,0,3.00,2.00,0,1.00,0.00,0.00,2.00,1,3.00,1.00,0.00,0.00,4.00,0,,7718947,214377,62.50,62.50,66.67,66.67,66.07,66.07,66.67,66.67,62.50,62.50
United States,USA,NAT_TOTAL,2020-10-12,3.00,0,2.00,0,2.00,0,3.00,0,1.00,0,1.00,0,2.00,0,3.00,2.00,0,1.00,0.00,0.00,2.00,1,3.00,1.00,0.00,0.00,4.00,0,,7762544,214771,62.50,62.50,66.67,66.67,66.07,66.07,66.67,66.67,62.50,62.50
United States,USA,NAT_TOTAL,2020-10-13,3.00,0,2.00,0,2.00,0,3.00,0,1.00,0,2.00,0,2.00,0,3.00,2.00,0,1.00,0.00,0.00,2.00,1,3.00,1.00,0.00,0.00,4.00,0,,7804197,215085,66.20,66.20,66.67,66.67,68.45,68.45,69.44,69.44,62.50,62.50
United States,USA,NAT_TOTAL,2020-10-14,3.00,0,2.00,0,2.00,0,3.00,0,1.00,0,2.00,0,2.00,0,3.00,2.00,0,1.00,0.00,0.00,2.00,1,3.00,1.00,0.00,0.00,4.00,0,,7856714,215902,66.20,66.20,66.67,66.67,68.45,68.45,69.44,69.44,62.50,62.50
United States,USA,NAT_TOTAL,2020-10-15,3.00,0,2.00,0,2.00,0,3.00,0,1.00,0,2.00,0,2.00,0,3.00,2.00,0,1.00,0.00,0.00,2.00,1,3.00,1.00,0.00,0.00,4.00,0,,7916100,216872,66.20,66.20,66.67,66.67,68.45,68.45,69.44,69.44,62.50,62.50
United States,USA,NAT_TOTAL,2020-10-16,3.00,0,2.00,0,2.00,0,3.00,0,1.00,0,2.00,0,2.00,0,3.00,2.00,0,1.00,0.00,0.00,2.00,1,3.00,1.00,0.00,0.00,4.00,0,,7979885,217700,66.20,66.20,66.67,66.67,68.45,68.45,69.44,69.44,62.50,62.50
United States,USA,NAT_TOTAL,2020-10-17,3.00,0,2.00,0,2.00,0,3.00,0,1.00,0,2.00,0,2.00,0,3.00,2.00,0,1.00,0.00,0.00,2.00,1,3.00,1.00,0.00,0.00,4.00,0,,8050141,218599,66.20,66.20,66.67,66.67,68.45,68.45,69.44,69.44,62.50,62.50
United States,USA,NAT_TOTAL,2020-10-18,3.00,0,2.00,0,2.00,0,3.00,0,1.00,0,2.00,0,2.00,0,3.00,2.00,0,1.00,0.00,0.00,2.00,1,3.00,1.00,0.00,0.00,4.00,0,,8106752,219289,66.20,66.20,66.67,66.67,68.45,68.45,69.44,69.44,62.50,62.50
United States,USA,NAT_TOTAL,2020-10-19,3.00,0,2.00,0,2.00,0,3.00,0,1.00,0,2.00,0,2.00,0,3.00,2.00,0,1.00,0.00,0.00,2.00,1,3.00,1.00,0.00,0.00,4.00,0,,8154595,219674,66.20,66.20,66.67,66.67,68.45,68.45,69.44,69.44,62.50,62.50
United States,USA,NAT_TOTAL,2020-10-20,3.00,0,2.00,0,2.00,0,3.00,0,1.00,0,2.00,0,2.00,0,3.00,2.00,0,1.00,0.00,0.00,2.00,1,3.00,1.00,0.00,0.00,4.00,0,,8214755,220133,66.20,66.20,66.67,66.67,68.45,68.45,69.44,69.44,62.50,62.50
United States,USA,NAT_TOTAL,2020-10-21,3.00,0,2.00,0,2.00,0,3.00,0,1.00,0,2.00,0,2.00,0,3.00,2.00,0,1.00,0.00,0.00,2.00,1,3.00,1.00,0.00,0.00,4.00,0,,8273304,221066,66.20,66.20,66.67,66.67,68.45,68.45,69.44,69.44,62.50,62.50
United States,USA,NAT_TOTAL,2020-10-22,3.00,0,2.00,0,2.00,0,3.00,0,1.00,0,2.00,0,2.00,0,3.00,2.00,0,1.00,0.00,0.00,2.00,1,3.00,1.00,0.00,0.00,4.00,0,,8336282,222201,66.20,66.20,66.67,66.67,68.45,68.45,69.44,69.44,62.50,62.50
United States,USA,NAT_TOTAL,2020-10-23,3.00,0,2.00,0,2.00,0,3.00,0,1.00,0,2.00,0,2.00,0,3.00,2.00,0,1.00,0.00,0.00,2.00,1,3.00,1.00,0.00,0.00,4.00,0,,8408340,223042,66.20,66.20,66.67,66.67,68.45,68.45,69.44,69.44,62.50,62.50
United States,USA,NAT_TOTAL,2020-10-24,3.00,0,2.00,0,2.00,0,3.00,0,1.00,0,2.00,0,2.00,0,3.00,2.00,0,1.00,0.00,0.00,2.00,1,3.00,1.00,0.00,0.00,4.00,0,,8493669,223995,66.20,66.20,66.67,66.67,68.45,68.45,69.44,69.44,62.50,62.50
United States,USA,NAT_TOTAL,2020-10-25,3.00,0,2.00,0,2.00,0,3.00,0,1.00,0,2.00,0,2.00,0,3.00,2.00,0,1.00,0.00,0.00,2.00,1,3.00,1.00,0.00,0.00,4.00,0,,8576725,224899,66.20,66.20,66.67,66.67,68.45,68.45,69.44,69.44,62.50,62.50
United States,USA,NAT_TOTAL,2020-10-26,3.00,0,2.00,0,2.00,0,3.00,0,1.00,0,1.00,0,2.00,0,3.00,2.00,0,1.00,0.00,0.00,2.00,1,3.00,1.00,0.00,0.00,4.00,0,,8636165,225230,62.50,62.50,66.67,66.67,66.07,66.07,66.67,66.67,62.50,62.50
United States,USA,NAT_TOTAL,2020-10-27,3.00,0,2.00,0,2.00,0,3.00,0,1.00,0,1.00,0,2.00,0,3.00,2.00,0,1.00,0.00,0.00,2.00,1,3.00,1.00,0.00,0.00,4.00,0,,8704524,225735,62.50,62.50,66.67,66.67,66.07,66.07,66.67,66.67,62.50,62.50
United States,USA,NAT_TOTAL,2020-10-28,3.00,0,2.00,0,2.00,0,3.00,0,1.00,0,1.00,0,2.00,0,3.00,2.00,0,1.00,0.00,0.00,2.00,1,3.00,1.00,0.00,0.00,4.00,0,,8779653,226723,62.50,62.50,66.67,66.67,66.07,66.07,66.67,66.67,62.50,62.50
United States,USA,NAT_TOTAL,2020-10-29,3.00,0,2.00,0,2.00,0,3.00,0,1.00,0,1.00,0,2.00,0,3.00,2.00,0,1.00,0.00,0.00,2.00,1,3.00,1.00,0.00,0.00,4.00,0,,8858024,227700,62.50,62.50,66.67,66.67,66.07,66.07,66.67,66.67,62.50,62.50
United States,USA,NAT_TOTAL,2020-10-30,3.00,0,2.00,0,2.00,0,3.00,0,1.00,0,1.00,0,2.00,0,3.00,2.00,0,1.00,0.00,0.00,2.00,1,3.00,1.00,0.00,0.00,4.00,0,,8946154,228668,62.50,62.50,66.67,66.67,66.07,66.07,66.67,66.67,62.50,62.50
United States,USA,NAT_TOTAL,2020-10-31,3.00,0,2.00,0,2.00,0,3.00,0,1.00,0,1.00,0,2.00,0,3.00,2.00,0,1.00,0.00,0.00,2.00,1,3.00,1.00,0.00,0.00,4.00,0,,9047427,229708,62.50,62.50,66.67,66.67,66.07,66.07,66.67,66.67,62.50,62.50
United States,USA,NAT_TOTAL,2020-11-01,3.00,0,2.00,0,2.00,0,3.00,0,1.00,0,1.00,0,2.00,0,3.00,2.00,0,1.00,0.00,0.00,2.00,1,3.00,1.00,0.00,0.00,4.00,0,,9126361,230556,62.50,62.50,66.67,66.67,66.07,66.07,66.67,66.67,62.50,62.50
United States,USA,NAT_TOTAL,2020-11-02,3.00,0,2.00,0,2.00,0,3.00,0,1.00,0,1.00,0,2.00,0,3.00,2.00,0,1.00,0.00,0.00,2.00,1,3.00,1.00,0.00,0.00,4.00,0,,9207362,230996,62.50,62.50,66.67,66.67,66.07,66.07,66.67,66.67,62.50,62.50
United States,USA,NAT_TOTAL,2020-11-03,3.00,0,2.00,0,2.00,0,3.00,0,1.00,0,1.00,0,2.00,0,3.00,2.00,0,1.00,0.00,0.00,2.00,1,3.00,1.00,0.00,0.00,4.00,0,,9291245,231551,62.50,62.50,66.67,66.67,66.07,66.07,66.67,66.67,62.50,62.50
United States,USA,NAT_TOTAL,2020-11-04,3.00,0,2.00,0,2.00,0,3.00,0,1.00,0,1.00,0,2.00,0,3.00,2.00,0,1.00,0.00,0.00,2.00,1,3.00,1.00,0.00,0.00,4.00,0,,9383979,232627,62.50,62.50,66.67,66.67,66.07,66.07,66.67,66.67,62.50,62.50
United States,USA,NAT_TOTAL,2020-11-05,3.00,0,2.00,0,2.00,0,3.00,0,1.00,0,1.00,0,2.00,0,3.00,2.00,0,1.00,0.00,0.00,2.00,1,3.00,1.00,0.00,0.00,4.00,0,,9486486,233729,62.50,62.50,66.67,66.67,66.07,66.07,66.67,66.67,62.50,62.50
United States,USA,NAT_TOTAL,2020-11-06,3.00,0,2.00,0,2.00,0,3.00,0,1.00,0,1.00,0,2.00,0,3.00,2.00,0,1.00,0.00,0.00,2.00,1,3.00,1.00,0.00,0.00,4.00,0,,9608922,234937,62.50,62.50,66.67,66.67,66.07,66.07,66.67,66.67,62.50,62.50
United States,USA,NAT_TOTAL,2020-11-07,3.00,0,2.00,0,2.00,0,3.00,0,1.00,0,1.00,0,2.00,0,3.00,2.00,0,1.00,0.00,0.00,2.00,1,3.00,1.00,0.00,0.00,4.00,0,,9739545,236099,62.50,62.50,66.67,66.67,66.07,66.07,66.67,66.67,62.50,62.50
United States,USA,NAT_TOTAL,2020-11-08,3.00,0,2.00,0,2.00,0,3.00,0,1.00,0,1.00,0,2.00,0,3.00,2.00,0,1.00,0.00,0.00,2.00,1,3.00,1.00,0.00,0.00,4.00,0,,9860958,237113,62.50,62.50,66.67,66.67,66.07,66.07,66.67,66.67,62.50,62.50
United States,USA,NAT_TOTAL,2020-11-09,3.00,0,2.00,0,2.00,0,3.00,0,1.00,1,1.00,0,2.00,0,3.00,2.00,0,1.00,0.00,0.00,2.00,1,3.00,1.00,0.00,0.00,4.00,0,,9971651,237572,65.28,65.28,71.43,71.43,67.86,67.86,68.75,68.75,62.50,62.50
United States,USA,NAT_TOTAL,2020-11-10,3.00,0,2.00,0,2.00,0,3.00,0,1.00,1,1.00,0,2.00,0,3.00,2.00,0,1.00,0.00,0.00,2.00,1,3.00,1.00,0.00,0.00,4.00,0,,10110552,238251,65.28,65.28,71.43,71.43,67.86,67.86,68.75,68.75,62.50,62.50
United States,USA,NAT_TOTAL,2020-11-11,3.00,0,2.00,0,2.00,0,3.00,0,1.00,1,1.00,0,2.00,0,3.00,2.00,0,1.00,0.00,0.00,2.00,1,3.00,1.00,0.00,0.00,4.00,0,,10257826,239683,65.28,65.28,71.43,71.43,67.86,67.86,68.75,68.75,62.50,62.50
United States,USA,NAT_TOTAL,2020-11-12,3.00,0,2.00,0,2.00,0,3.00,0,1.00,1,1.00,0,2.00,0,3.00,2.00,0,1.00,0.00,0.00,2.00,1,3.00,1.00,0.00,0.00,4.00,0,,10401132,241800,65.28,65.28,71.43,71.43,67.86,67.86,68.75,68.75,62.50,62.50
United States,USA,NAT_TOTAL,2020-11-13,3.00,0,2.00,0,2.00,0,3.00,0,1.00,1,1.00,0,2.00,0,3.00,2.00,0,1.00,0.00,0.00,2.00,1,3.00,1.00,0.00,0.00,4.00,0,,10554801,242430,65.28,65.28,71.43,71.43,67.86,67.86,68.75,68.75,62.50,62.50
United States,USA,NAT_TOTAL,2020-11-14,3.00,0,2.00,0,2.00,0,3.00,0,1.00,1,1.00,0,2.00,0,3.00,2.00,0,1.00,0.00,0.00,2.00,1,3.00,1.00,0.00,0.00,4.00,0,,10739614,244345,65.28,65.28,71.43,71.43,67.86,67.86,68.75,68.75,62.50,62.50
United States,USA,NAT_TOTAL,2020-11-15,3.00,0,2.00,0,2.00,0,3.00,0,1.00,1,1.00,0,2.00,0,3.00,2.00,0,1.00,0.00,0.00,2.00,1,3.00,1.00,0.00,0.00,4.00,0,,10904891,245600,65.28,65.28,71.43,71.43,67.86,67.86,68.75,68.75,62.50,62.50
United States,USA,NAT_TOTAL,2020-11-16,3.00,0,3.00,0,2.00,0,4.00,0,1.00,1,2.00,0,2.00,0,3.00,2.00,0,1.00,0.00,0.00,2.00,1,3.00,1.00,0.00,0.00,4.00,0,,11037061,246214,75.46,75.46,76.90,76.90,74.40,74.40,76.39,76.39,62.50,62.50
United States,USA,NAT_TOTAL,2020-11-17,3.00,0,3.00,0,2.00,0,4.00,0,1.00,1,2.00,0,2.00,0,3.00,2.00,0,1.00,0.00,0.00,2.00,1,3.00,1.00,0.00,0.00,4.00,0,,11205486,247220,75.46,75.46,76.90,76.90,74.40,74.40,76.39,76.39,62.50,62.50
United States,USA,NAT_TOTAL,2020-11-18,3.00,0,3.00,0,2.00,0,4.00,0,1.00,1,2.00,0,2.00,0,3.00,2.00,0,1.00,0.00,0.00,2.00,1,3.00,1.00,0.00,0.00,4.00,0,,11359802,248687,75.46,75.46,76.90,76.90,74.40,74.40,76.39,76.39,62.50,62.50
United States,USA,NAT_TOTAL,2020-11-19,3.00,0,3.00,0,2.00,0,4.00,0,1.00,1,2.00,0,2.00,0,3.00,2.00,0,1.00,0.00,0.00,2.00,1,3.00,1.00,0.00,0.00,4.00,0,,11529807,250537,75.46,75.46,76.90,76.90,74.40,74.40,76.39,76.39,62.50,62.50
United States,USA,NAT_TOTAL,2020-11-20,3.00,0,3.00,0,2.00,0,4.00,0,1.00,1,2.00,0,2.00,0,3.00,2.00,0,1.00,0.00,0.00,2.00,1,3.00,1.00,0.00,0.00,4.00,0,,11717827,252555,75.46,75.46,76.90,76.90,74.40,74.40,76.39,76.39,62.50,62.50
United States,USA,NAT_TOTAL,2020-11-21,3.00,0,3.00,0,2.00,0,4.00,0,1.00,1,2.00,0,2.00,0,3.00,2.00,0,1.00,0.00,0.00,2.00,1,3.00,1.00,0.00,0.00,4.00,0,,11913944,254413,75.46,75.46,76.90,76.90,74.40,74.40,76.39,76.39,62.50,62.50
United States,USA,NAT_TOTAL,2020-11-22,3.00,0,3.00,0,2.00,0,4.00,0,1.00,1,2.00,0,2.00,0,3.00,2.00,0,1.00,0.00,0.00,2.00,1,3.00,1.00,0.00,0.00,4.00,0,,12089438,255899,75.46,75.46,76.90,76.90,74.40,74.40,76.39,76.39,62.50,62.50
United States,USA,NAT_TOTAL,2020-11-23,3.00,0,3.00,0,2.00,0,4.00,0,1.00,1,2.00,0,2.00,0,3.00,2.00,0,1.00,0.00,0.00,2.00,1,3.00,1.00,0.00,0.00,4.00,0,,12246909,256782,75.46,75.46,76.90,76.90,74.40,74.40,76.39,76.39,62.50,62.50
United States,USA,NAT_TOTAL,2020-11-24,,,,,,,,,,,,,,,,,,,,,,,,,,,,,,12420872,257701,,75.46,,76.90,,74.40,,76.39,,62.50
United States,USA,NAT_TOTAL,2020-11-25,,,,,,,,,,,,,,,,,,,,,,,,,,,,,,12591165,259925,,75.46,,76.90,,74.40,,76.39,,62.50
United States,USA,NAT_TOTAL,2020-11-26,,,,,,,,,,,,,,,,,,,,,,,,,,,,,,12777754,262266,,75.46,,76.90,,74.40,,76.39,,62.50
United States,USA,NAT_TOTAL,2020-11-27,,,,,,,,,,,,,,,,,,,,,,,,,,,,,,12883845,263455,,75.46,,76.90,,74.40,,76.39,,62.50
United States,USA,NAT_TOTAL,2020-11-28,,,,,,,,,,,,,,,,,,,,,,,,,,,,,,13091758,264859,,75.46,,76.90,,74.40,,76.39,,62.50
United States,USA,NAT_TOTAL,2020-11-29,,,,,,,,,,,,,,,,,,,,,,,,,,,,,,,,,75.46,,76.90,,74.40,,76.39,,62.50
