Date,Symbol,Name,Daily Return,Log Return,Close,Adj Close,High,Low,Open,Volume
2019-11-15,^GSPC,S&P 500,0.0,0.0,3120.4599609375,3120.4599609375,3120.4599609375,3104.60009765625,3107.919921875,3335650000
2019-11-18,^GSPC,S&P 500,-0.0024851147177288313,-0.0024882077407157865,3122.030029296875,3122.030029296875,3124.169921875,3112.06005859375,3117.909912109375,3436690000
2019-11-19,^GSPC,S&P 500,-0.0021590641985492764,-0.002161398337966247,3120.179931640625,3120.179931640625,3127.639892578125,3113.469970703125,3127.449951171875,3590070000
2019-11-20,^GSPC,S&P 500,-0.01248335514551091,-0.012561926800063183,3108.4599609375,3108.4599609375,3118.969970703125,3091.409912109375,3114.659912109375,4034890000
2019-11-21,^GSPC,S&P 500,-0.00168552647449971,-0.001686948572461766,3103.5400390625,3103.5400390625,3110.110107421875,3094.550048828125,3108.489990234375,3720560000
2019-11-22,^GSPC,S&P 500,0.001688372270660654,0.001686948572461766,3110.2900390625,3110.2900390625,3112.8701171875,3099.260009765625,3111.409912109375,3226780000
2019-11-25,^GSPC,S&P 500,0.006573392509897191,0.00655188197867318,3133.639892578125,3133.639892578125,3133.830078125,3117.43994140625,3117.43994140625,3511530000
2019-11-26,^GSPC,S&P 500,0.005023429854796202,0.005010854527642827,3140.52001953125,3140.52001953125,3142.68994140625,3131.0,3134.85009765625,4595590000
2019-11-27,^GSPC,S&P 500,0.00399863148848878,0.003990658209334086,3153.6298828125,3153.6298828125,3154.260009765625,3143.409912109375,3145.489990234375,3033090000
2019-11-29,^GSPC,S&P 500,-0.00365080338754753,-0.003657483834523134,3140.97998046875,3140.97998046875,3150.300048828125,3139.340087890625,3147.179931640625,1743020000
2019-12-02,^GSPC,S&P 500,-0.00999337574398984,-0.010043644708200183,3113.8701171875,3113.8701171875,3144.31005859375,3110.780029296875,3143.85009765625,3268740000
2019-12-03,^GSPC,S&P 500,-0.0063929552859581795,-0.006413477737435613,3093.199951171875,3093.199951171875,3094.969970703125,3070.330078125,3087.409912109375,3653390000
2019-12-04,^GSPC,S&P 500,0.0022011048153607327,0.002198685932982336,3112.760009765625,3112.760009765625,3119.3798828125,3102.530029296875,3103.5,3695030000
2019-12-05,^GSPC,S&P 500,0.005068475396491134,0.005055673912850445,3117.429931640625,3117.429931640625,3119.449951171875,3103.760009765625,3119.2099609375,3355750000
2019-12-06,^GSPC,S&P 500,0.010253770019224895,0.010201556738079987,3145.909912109375,3145.909912109375,3150.60009765625,3134.6201171875,3134.6201171875,3479480000
2019-12-09,^GSPC,S&P 500,-0.001996654491371319,-0.001998650463236551,3135.9599609375,3135.9599609375,3148.8701171875,3135.4599609375,3141.860107421875,3345990000
2019-12-10,^GSPC,S&P 500,-0.006002010888613962,-0.006020095354384303,3132.52001953125,3132.52001953125,3142.1201171875,3126.090087890625,3135.360107421875,3343790000
2019-12-11,^GSPC,S&P 500,0.007547815682680037,0.007519473447193725,3141.6298828125,3141.6298828125,3143.97998046875,3133.2099609375,3135.75,3252540000
2019-12-12,^GSPC,S&P 500,0.013983688311226539,0.013886818561521963,3168.570068359375,3168.570068359375,3176.280029296875,3138.469970703125,3141.22998046875,3990690000
2019-12-13,^GSPC,S&P 500,-0.0077163228021760455,-0.0077462476602763175,3168.800048828125,3168.800048828125,3182.679931640625,3156.510009765625,3166.64990234375,3736870000
2019-12-16,^GSPC,S&P 500,0.004301822338486527,0.004292595951491229,3191.449951171875,3191.449951171875,3197.7099609375,3183.6298828125,3183.6298828125,4051790000
2019-12-17,^GSPC,S&P 500,0.001482704307358862,0.0014816061866520513,3192.52001953125,3192.52001953125,3198.219970703125,3191.030029296875,3195.39990234375,3837540000
2019-12-18,^GSPC,S&P 500,-0.0013160360231916357,-0.0013169027591191096,3191.139892578125,3191.139892578125,3198.47998046875,3191.139892578125,3195.2099609375,4014080000
2019-12-19,^GSPC,S&P 500,0.003459052670721663,0.0034530839082478337,3205.3701171875,3205.3701171875,3205.47998046875,3192.320068359375,3192.320068359375,3720450000
2019-12-20,^GSPC,S&P 500,-0.0006565512480672941,-0.0006567668722219366,3221.219970703125,3221.219970703125,3225.64990234375,3216.030029296875,3223.330078125,6454270000
2019-12-23,^GSPC,S&P 500,0.002792348323961358,0.002788456961722474,3224.010009765625,3224.010009765625,3227.780029296875,3222.300048828125,3226.050048828125,3060610000
2019-12-24,^GSPC,S&P 500,0.001146596162145741,0.0011459393228054893,3223.3798828125,3223.3798828125,3226.429931640625,3220.510009765625,3225.449951171875,1296540000
2019-12-26,^GSPC,S&P 500,0.004417546833804353,0.004407818114648521,3239.909912109375,3239.909912109375,3240.080078125,3227.199951171875,3227.199951171875,2160680000
2019-12-27,^GSPC,S&P 500,-0.003746531104789508,-0.0037535669312420694,3240.02001953125,3240.02001953125,3247.929931640625,3234.3701171875,3247.22998046875,2428670000
2019-12-30,^GSPC,S&P 500,-0.0031065831782702835,-0.0031114186248668574,3221.2900390625,3221.2900390625,3240.919921875,3216.570068359375,3240.090087890625,3013290000
2019-12-31,^GSPC,S&P 500,0.007380628821266777,0.007353525259551574,3230.780029296875,3230.780029296875,3231.719970703125,3212.030029296875,3215.179931640625,2893810000
2020-01-02,^GSPC,S&P 500,-0.011722524055200911,-0.01179177456617797,3257.85009765625,3257.85009765625,3258.139892578125,3235.530029296875,3244.669921875,3458250000
2020-01-03,^GSPC,S&P 500,-0.016144967543965327,-0.016276717523040496,3234.85009765625,3234.85009765625,3246.14990234375,3222.340087890625,3226.360107421875,3461290000
2020-01-06,^GSPC,S&P 500,-0.00435368605016595,-0.004363190938844852,3246.280029296875,3246.280029296875,3246.840087890625,3214.639892578125,3217.550048828125,3674070000
2020-01-07,^GSPC,S&P 500,-0.0011772569105622521,-0.0011779504218258907,3237.179931640625,3237.179931640625,3244.909912109375,3232.429931640625,3241.860107421875,3420380000
2020-01-08,^GSPC,S&P 500,0.0035359334337567994,0.003529696718548969,3253.050048828125,3253.050048828125,3267.070068359375,3236.669921875,3238.590087890625,3720890000
2020-01-09,^GSPC,S&P 500,0.003691295743885936,0.003684499630925764,3274.699951171875,3274.699951171875,3275.580078125,3263.669921875,3266.030029296875,3638390000
2020-01-10,^GSPC,S&P 500,-0.004012000417818351,-0.004020070082392024,3265.35009765625,3265.35009765625,3282.989990234375,3260.860107421875,3281.81005859375,3212970000
2020-01-13,^GSPC,S&P 500,0.012923743192385428,0.0128409442418711,3288.1298828125,3288.1298828125,3288.1298828125,3268.429931640625,3271.1298828125,3456380000
2020-01-14,^GSPC,S&P 500,-0.004142502175989327,-0.004151106107552316,3283.14990234375,3283.14990234375,3294.25,3277.18994140625,3285.35009765625,3665130000
2020-01-15,^GSPC,S&P 500,0.006821961028645518,0.006798796743400004,3289.2900390625,3289.2900390625,3298.659912109375,3280.68994140625,3282.27001953125,3716840000
2020-01-16,^GSPC,S&P 500,0.00594944009812437,0.00593181206278981,3316.81005859375,3316.81005859375,3317.110107421875,3302.820068359375,3302.969970703125,3535080000
2020-01-17,^GSPC,S&P 500,0.0044356902004518695,0.004425881521485486,3329.6201171875,3329.6201171875,3329.8798828125,3318.860107421875,3323.659912109375,3698170000
2020-01-21,^GSPC,S&P 500,-0.010794894569852609,-0.010853582177403176,3320.7900390625,3320.7900390625,3329.7900390625,3316.610107421875,3321.030029296875,4105340000
2020-01-22,^GSPC,S&P 500,-0.0039682186770177985,-0.0039761129478010915,3321.75,3321.75,3337.77001953125,3320.0400390625,3330.02001953125,3619850000
2020-01-23,^GSPC,S&P 500,-0.0011620768189073427,-0.0011627525537285521,3325.5400390625,3325.5400390625,3326.8798828125,3301.8701171875,3315.77001953125,3764860000
2020-01-24,^GSPC,S&P 500,-0.007146360371678484,-0.007172017916743378,3295.469970703125,3295.469970703125,3333.179931640625,3281.530029296875,3333.10009765625,3707130000
2020-01-27,^GSPC,S&P 500,-0.02159358686446644,-0.021830139913227242,3243.6298828125,3243.6298828125,3258.85009765625,3234.5,3247.159912109375,3823100000
2020-01-28,^GSPC,S&P 500,0.01129169955170628,0.011228424191035202,3276.239990234375,3276.239990234375,3285.780029296875,3253.219970703125,3255.35009765625,3526720000
2020-01-29,^GSPC,S&P 500,0.00321432286833212,0.0032091679759531644,3273.39990234375,3273.39990234375,3293.469970703125,3271.889892578125,3289.4599609375,3584500000
2020-01-30,^GSPC,S&P 500,-0.00623944243920882,-0.006258989109484858,3283.659912109375,3283.659912109375,3285.909912109375,3242.800048828125,3256.449951171875,3787250000
2020-01-31,^GSPC,S&P 500,-0.0220600582102215,-0.02230702004584817,3225.52001953125,3225.52001953125,3282.330078125,3214.679931640625,3282.330078125,4527830000
2020-02-03,^GSPC,S&P 500,0.020995992747640413,0.020778614343916146,3248.919921875,3248.919921875,3268.43994140625,3235.659912109375,3235.659912109375,3757910000
2020-02-04,^GSPC,S&P 500,0.017675066499496017,0.01752067906251842,3297.590087890625,3297.590087890625,3306.919921875,3280.610107421875,3280.610107421875,3995320000
2020-02-05,^GSPC,S&P 500,0.01853708401055143,0.01836736643970216,3334.68994140625,3334.68994140625,3337.580078125,3313.75,3324.909912109375,4117730000
2020-02-06,^GSPC,S&P 500,-0.0004919264333244078,-0.0004920474688274723,3345.780029296875,3345.780029296875,3347.9599609375,3334.389892578125,3344.919921875,3868370000
2020-02-07,^GSPC,S&P 500,-0.014271636236070195,-0.014374455474738923,3327.7099609375,3327.7099609375,3341.419921875,3322.1201171875,3335.5400390625,3730650000
2020-02-10,^GSPC,S&P 500,-0.0004992308074670548,-0.0004993554646564036,3352.090087890625,3352.090087890625,3352.260009765625,3317.77001953125,3318.280029296875,3450350000
2020-02-11,^GSPC,S&P 500,0.005494472341190715,0.005479432792475869,3357.75,3357.75,3375.6298828125,3352.719970703125,3365.8701171875,3760550000
2020-02-12,^GSPC,S&P 500,0.00546451125004066,0.005449634978202056,3379.449951171875,3379.449951171875,3381.469970703125,3369.719970703125,3370.5,3926380000
2020-02-13,^GSPC,S&P 500,-0.0036232084367632256,-0.003629788154384528,3373.93994140625,3373.93994140625,3385.090087890625,3360.52001953125,3365.89990234375,3498240000
2020-02-14,^GSPC,S&P 500,0.00016526151294549152,0.00016524785876548265,3380.159912109375,3380.159912109375,3380.68994140625,3366.14990234375,3378.080078125,3398040000
2020-02-18,^GSPC,S&P 500,-0.002478891345932488,-0.002481968884058716,3370.2900390625,3370.2900390625,3375.010009765625,3355.610107421875,3369.0400390625,3746720000
2020-02-19,^GSPC,S&P 500,0.0026507595393341354,0.0026472524724940882,3386.14990234375,3386.14990234375,3393.52001953125,3378.830078125,3380.389892578125,3600150000
2020-02-20,^GSPC,S&P 500,0.001652321106489163,0.0016509575258112363,3373.22998046875,3373.22998046875,3389.14990234375,3341.02001953125,3380.449951171875,4007320000
2020-02-21,^GSPC,S&P 500,-0.004618917588756322,-0.004629617750091519,3337.75,3337.75,3360.760009765625,3328.449951171875,3360.5,3899270000
2020-02-24,^GSPC,S&P 500,-0.028173695038788305,-0.028578189089771833,3225.889892578125,3225.889892578125,3259.81005859375,3214.64990234375,3257.610107421875,4842960000
2020-02-25,^GSPC,S&P 500,-0.04314459081906963,-0.04410298652929612,3128.2099609375,3128.2099609375,3246.989990234375,3118.77001953125,3238.93994140625,5591510000
2020-02-26,^GSPC,S&P 500,-0.0033862491416761786,-0.0033919954592764867,3116.389892578125,3116.389892578125,3182.510009765625,3108.989990234375,3139.89990234375,5478110000
2020-02-27,^GSPC,S&P 500,-0.046852629071432284,-0.047985748323634336,2978.760009765625,2978.760009765625,3097.070068359375,2977.389892578125,3062.5400390625,7058840000
2020-02-28,^GSPC,S&P 500,-0.010881764064907151,-0.010941403509026504,2954.219970703125,2954.219970703125,2959.719970703125,2855.840087890625,2916.89990234375,8563850000
2020-03-02,^GSPC,S&P 500,0.04286794896062518,0.04197456106238473,3090.22998046875,3090.22998046875,3090.9599609375,2945.18994140625,2974.280029296875,6376400000
2020-03-03,^GSPC,S&P 500,-0.008730439182117244,-0.008768772741897468,3003.3701171875,3003.3701171875,3136.719970703125,2976.6298828125,3096.4599609375,6355940000
2020-03-04,^GSPC,S&P 500,0.041467859110700944,0.040631121051346586,3130.1201171875,3130.1201171875,3130.969970703125,3034.3798828125,3045.75,5035480000
2020-03-05,^GSPC,S&P 500,-0.03171246106921877,-0.03222619146451766,3023.93994140625,3023.93994140625,3083.0400390625,2999.830078125,3075.699951171875,5575550000
2020-03-06,^GSPC,S&P 500,-0.026018928839097955,-0.026363409654831305,2972.3701171875,2972.3701171875,2985.929931640625,2901.5400390625,2954.199951171875,6552140000
2020-03-09,^GSPC,S&P 500,-0.09359234888439516,-0.09826612809081103,2746.56005859375,2746.56005859375,2863.889892578125,2734.429931640625,2863.889892578125,8423050000
2020-03-10,^GSPC,S&P 500,0.04060183846078069,0.039799236603987875,2882.22998046875,2882.22998046875,2882.590087890625,2734.0,2813.47998046875,7635960000
2020-03-11,^GSPC,S&P 500,-0.04753419382242707,-0.04870107165183679,2741.3798828125,2741.3798828125,2825.60009765625,2707.219970703125,2825.60009765625,7374110000
2020-03-12,^GSPC,S&P 500,-0.09627783434028703,-0.10123330470022962,2480.639892578125,2480.639892578125,2660.949951171875,2478.860107421875,2630.860107421875,8829380000
2020-03-13,^GSPC,S&P 500,0.07017945930307778,0.06782635338539933,2711.02001953125,2711.02001953125,2711.330078125,2492.3701171875,2569.989990234375,8258670000
2020-03-16,^GSPC,S&P 500,-0.1100838339423097,-0.11662801613341811,2386.1298828125,2386.1298828125,2562.97998046875,2380.93994140625,2508.590087890625,7781540000
2020-03-17,^GSPC,S&P 500,0.061850722663486346,0.06001335047615752,2529.18994140625,2529.18994140625,2553.929931640625,2367.0400390625,2425.659912109375,8358500000
2020-03-18,^GSPC,S&P 500,-0.06393632137682537,-0.0660717721015982,2398.10009765625,2398.10009765625,2453.570068359375,2280.52001953125,2436.5,8755780000
2020-03-19,^GSPC,S&P 500,0.025522587570206534,0.02520232419724522,2409.389892578125,2409.389892578125,2466.969970703125,2319.780029296875,2393.47998046875,7946710000
2020-03-20,^GSPC,S&P 500,-0.03579043305721463,-0.036446614903870245,2304.919921875,2304.919921875,2453.010009765625,2295.56005859375,2431.93994140625,9044690000
2020-03-23,^GSPC,S&P 500,-0.05727634743302201,-0.05898209065719495,2237.39990234375,2237.39990234375,2300.72998046875,2191.860107421875,2290.7099609375,7402180000
2020-03-24,^GSPC,S&P 500,0.1176011034074449,0.11118451626099102,2447.330078125,2447.330078125,2449.7099609375,2344.43994140625,2344.43994140625,7547350000
2020-03-25,^GSPC,S&P 500,0.023331777549216337,0.02306375261962801,2475.56005859375,2475.56005859375,2571.419921875,2407.530029296875,2457.77001953125,8285670000
2020-03-26,^GSPC,S&P 500,0.046967567941792465,0.045897955230779885,2630.070068359375,2630.070068359375,2637.010009765625,2500.719970703125,2501.2900390625,7753160000
2020-03-27,^GSPC,S&P 500,-0.03614982390253518,-0.0368194154364061,2541.469970703125,2541.469970703125,2615.909912109375,2520.02001953125,2555.8701171875,6194330000
2020-03-30,^GSPC,S&P 500,0.03185720517133683,0.031360290403725344,2626.64990234375,2626.64990234375,2631.800048828125,2545.280029296875,2558.97998046875,5746220000
2020-03-31,^GSPC,S&P 500,-0.013794553945183918,-0.013890582945327079,2584.590087890625,2584.590087890625,2641.389892578125,2571.14990234375,2614.68994140625,6568290000
2020-04-01,^GSPC,S&P 500,-0.04507110463433195,-0.04611839638781001,2470.5,2470.5,2522.75,2447.489990234375,2498.080078125,5947900000
2020-04-02,^GSPC,S&P 500,0.015112800540461269,0.014999739856277117,2526.89990234375,2526.89990234375,2533.219970703125,2455.7900390625,2458.5400390625,6454990000
2020-04-03,^GSPC,S&P 500,-0.02404945581150253,-0.024343365790925553,2488.64990234375,2488.64990234375,2538.179931640625,2459.9599609375,2514.919921875,6087190000
2020-04-06,^GSPC,S&P 500,0.0743956377267736,0.0717583060239102,2663.679931640625,2663.679931640625,2676.85009765625,2574.570068359375,2578.280029296875,6391860000
2020-04-07,^GSPC,S&P 500,0.026649219161946514,0.026300313850188495,2659.409912109375,2659.409912109375,2756.889892578125,2657.669921875,2738.64990234375,7040720000
2020-04-08,^GSPC,S&P 500,0.04893615398001172,0.047776463863140606,2749.97998046875,2749.97998046875,2760.75,2663.300048828125,2685.0,5856370000
2020-04-09,^GSPC,S&P 500,0.043002007397417774,0.04210310065476763,2789.820068359375,2789.820068359375,2818.570068359375,2762.360107421875,2776.989990234375,7880140000
2020-04-13,^GSPC,S&P 500,-0.02197583223759081,-0.02222089783913539,2761.6298828125,2761.6298828125,2782.4599609375,2721.169921875,2782.4599609375,5274310000
2020-04-14,^GSPC,S&P 500,0.012924989050476343,0.0128421742034881,2846.06005859375,2846.06005859375,2851.85009765625,2805.10009765625,2805.10009765625,5567400000
2020-04-15,^GSPC,S&P 500,-0.04593639999355981,-0.04702494308255689,2783.360107421875,2783.360107421875,2801.8798828125,2761.5400390625,2795.639892578125,5203390000
2020-04-16,^GSPC,S&P 500,-0.005761291935965196,-0.005777952198926961,2799.550048828125,2799.550048828125,2806.510009765625,2764.320068359375,2799.340087890625,5179990000
2020-04-17,^GSPC,S&P 500,0.04014897845532861,0.03936395140893145,2874.56005859375,2874.56005859375,2879.219970703125,2830.8798828125,2842.429931640625,5792140000
2020-04-20,^GSPC,S&P 500,-0.02467166544329691,-0.024981111281496382,2823.159912109375,2823.159912109375,2868.97998046875,2820.429931640625,2845.6201171875,5220160000
2020-04-21,^GSPC,S&P 500,-0.024683783622466704,-0.024993536076330702,2736.56005859375,2736.56005859375,2785.5400390625,2727.10009765625,2784.81005859375,5075830000
2020-04-22,^GSPC,S&P 500,0.019661129464725535,0.019470346081916112,2799.31005859375,2799.31005859375,2815.10009765625,2775.949951171875,2787.889892578125,5049660000
2020-04-23,^GSPC,S&P 500,0.006974362104366971,0.006950153734434306,2797.800048828125,2797.800048828125,2844.89990234375,2794.260009765625,2810.419921875,5756520000
2020-04-24,^GSPC,S&P 500,0.01568548493318911,0.015563739158428458,2836.739990234375,2836.739990234375,2842.7099609375,2791.760009765625,2812.639892578125,5374480000
2020-04-27,^GSPC,S&P 500,0.026674649018782803,0.02632508330544292,2878.47998046875,2878.47998046875,2887.719970703125,2852.889892578125,2854.64990234375,5194260000
2020-04-28,^GSPC,S&P 500,0.018558327572288258,0.01838822315718014,2863.389892578125,2863.389892578125,2921.14990234375,2860.7099609375,2909.9599609375,5672880000
2020-04-29,^GSPC,S&P 500,0.02550828244387615,0.025188374990980478,2939.510009765625,2939.510009765625,2954.860107421875,2912.159912109375,2918.4599609375,6620140000
2020-04-30,^GSPC,S&P 500,-0.029736302904220913,-0.030187391753890402,2912.429931640625,2912.429931640625,2930.909912109375,2892.469970703125,2930.909912109375,6523120000
2020-05-01,^GSPC,S&P 500,-0.02101002563891219,-0.02123387719753822,2830.7099609375,2830.7099609375,2869.090087890625,2821.610107421875,2869.090087890625,4753160000
2020-05-04,^GSPC,S&P 500,0.0035440106700361795,0.0035377454624998528,2842.739990234375,2842.739990234375,2844.239990234375,2797.85009765625,2815.010009765625,4723140000
2020-05-05,^GSPC,S&P 500,0.002550465966345117,0.0025472190476207857,2868.43994140625,2868.43994140625,2898.22998046875,2863.550048828125,2868.8798828125,5129590000
2020-05-06,^GSPC,S&P 500,-0.017221081794427717,-0.01737108931246434,2848.419921875,2848.419921875,2891.110107421875,2847.64990234375,2883.139892578125,4861920000
2020-05-07,^GSPC,S&P 500,0.020509732263253255,0.020302239981967674,2881.18994140625,2881.18994140625,2901.919921875,2876.47998046875,2878.260009765625,5164640000
2020-05-08,^GSPC,S&P 500,0.023999991068025972,0.023716517894684763,2929.800048828125,2929.800048828125,2932.159912109375,2902.8798828125,2908.830078125,4857160000
2020-05-11,^GSPC,S&P 500,-0.015243888034273012,-0.015361270533751803,2930.18994140625,2930.18994140625,2944.25,2903.43994140625,2915.4599609375,4807320000
2020-05-12,^GSPC,S&P 500,-0.015286395334022984,-0.015404436772255448,2870.1201171875,2870.1201171875,2945.820068359375,2869.590087890625,2939.5,5107710000
2020-05-13,^GSPC,S&P 500,-0.021025736051430766,-0.021249924898728345,2820.0,2820.0,2874.139892578125,2793.14990234375,2865.860107421875,6143130000
2020-05-14,^GSPC,S&P 500,0.012244091009397051,0.012169738431639932,2852.5,2852.5,2852.800048828125,2766.639892578125,2794.5400390625,5641920000
2020-05-15,^GSPC,S&P 500,0.008724938014006423,0.00868709569760906,2863.699951171875,2863.699951171875,2865.010009765625,2816.780029296875,2829.949951171875,5477040000
2020-05-18,^GSPC,S&P 500,0.04560644276660408,0.044597045097916066,2953.909912109375,2953.909912109375,2968.090087890625,2913.860107421875,2913.860107421875,6364290000
2020-05-19,^GSPC,S&P 500,-0.009588237163012603,-0.009634500267541313,2922.93994140625,2922.93994140625,2964.2099609375,2922.35009765625,2948.590087890625,4969330000
2020-05-20,^GSPC,S&P 500,0.01594533310026125,0.015819541705015094,2971.610107421875,2971.610107421875,2980.2900390625,2953.6298828125,2953.6298828125,4992970000
2020-05-21,^GSPC,S&P 500,-0.00952918781517853,-0.00957488103660209,2948.510009765625,2948.510009765625,2978.5,2938.570068359375,2969.949951171875,4966940000
2020-05-22,^GSPC,S&P 500,-0.0015091118447541074,-0.0015102517009588645,2955.449951171875,2955.449951171875,2956.760009765625,2933.590087890625,2948.050048828125,3952800000
2020-05-26,^GSPC,S&P 500,0.02739468646475074,0.02702616721047235,2991.77001953125,2991.77001953125,3021.719970703125,2988.169921875,3004.080078125,5837060000
2020-05-27,^GSPC,S&P 500,0.010113998276160885,0.010063194064233727,3036.1298828125,3036.1298828125,3036.25,2969.75,3015.64990234375,6371230000
2020-05-28,^GSPC,S&P 500,0.009284513356996094,0.009241677200635401,3029.72998046875,3029.72998046875,3068.669921875,3023.39990234375,3046.610107421875,5402670000
2020-05-29,^GSPC,S&P 500,0.00018041371713972687,0.0001803974445424572,3044.31005859375,3044.31005859375,3049.169921875,2998.610107421875,3025.169921875,7275080000
2020-06-01,^GSPC,S&P 500,0.006853039907786851,0.006829664563807292,3055.72998046875,3055.72998046875,3062.179931640625,3031.5400390625,3038.780029296875,4673410000
2020-06-02,^GSPC,S&P 500,0.018090601619350277,0.017928913794180268,3080.820068359375,3080.820068359375,3081.070068359375,3051.639892578125,3064.780029296875,5187230000
2020-06-03,^GSPC,S&P 500,0.022695301056726125,0.02244159417443825,3122.8701171875,3122.8701171875,3130.93994140625,3098.89990234375,3098.89990234375,5989560000
2020-06-04,^GSPC,S&P 500,0.0036125766491315048,0.0036060669672144385,3112.35009765625,3112.35009765625,3128.909912109375,3090.409912109375,3111.56005859375,6428130000
2020-06-05,^GSPC,S&P 500,0.02553996699639538,0.025219270951160944,3193.929931640625,3193.929931640625,3211.719970703125,3163.840087890625,3163.840087890625,8617590000
2020-06-08,^GSPC,S&P 500,0.0013370886496597567,0.0013361955426516303,3232.389892578125,3232.389892578125,3233.1298828125,3196.0,3199.919921875,8437380000
2020-06-09,^GSPC,S&P 500,-0.012184936472969476,-0.012259781420079108,3207.179931640625,3207.179931640625,3222.7099609375,3193.110107421875,3213.320068359375,6382620000
2020-06-10,^GSPC,S&P 500,-0.01132142582270279,-0.011386001015494251,3190.139892578125,3190.139892578125,3223.27001953125,3181.489990234375,3213.419921875,6570840000
2020-06-11,^GSPC,S&P 500,-0.07725169667972676,-0.08039877579463761,3002.10009765625,3002.10009765625,3123.530029296875,2999.489990234375,3123.530029296875,7018890000
2020-06-12,^GSPC,S&P 500,0.019448031198697313,0.019261334940271713,3041.31005859375,3041.31005859375,3088.419921875,2984.469970703125,3071.0400390625,5832250000
2020-06-15,^GSPC,S&P 500,0.010537754482373263,0.010482619343078703,3066.590087890625,3066.590087890625,3079.760009765625,2965.659912109375,2993.760009765625,5740660000
2020-06-16,^GSPC,S&P 500,0.020855804920685284,0.020641299943982006,3124.739990234375,3124.739990234375,3153.449951171875,3076.06005859375,3131.0,5829240000
2020-06-17,^GSPC,S&P 500,-0.008277517014974478,-0.008311965891427242,3113.489990234375,3113.489990234375,3141.159912109375,3108.030029296875,3136.1298828125,4549390000
2020-06-18,^GSPC,S&P 500,0.0007103018976137854,0.0007100497526124627,3115.340087890625,3115.340087890625,3120.0,3093.510009765625,3101.639892578125,4429030000
2020-06-19,^GSPC,S&P 500,-0.0030168265048557963,-0.0030213862989834084,3097.739990234375,3097.739990234375,3155.530029296875,3083.110107421875,3140.2900390625,8327780000
2020-06-22,^GSPC,S&P 500,-0.0017799657098236388,-0.0017815517311090545,3117.860107421875,3117.860107421875,3120.919921875,3079.389892578125,3094.419921875,4665380000
2020-06-23,^GSPC,S&P 500,0.0023180679239205304,0.0023153853492638987,3131.2900390625,3131.2900390625,3154.89990234375,3127.1201171875,3138.699951171875,4704830000
2020-06-24,^GSPC,S&P 500,-0.02917629276570244,-0.029610385120591776,3050.330078125,3050.330078125,3115.010009765625,3032.1298828125,3114.39990234375,5587200000
2020-06-25,^GSPC,S&P 500,0.012461064852090864,0.012384064792094751,3083.760009765625,3083.760009765625,3086.25,3024.010009765625,3046.60009765625,4815420000
2020-06-26,^GSPC,S&P 500,-0.013755625729107712,-0.013851110999647975,3009.050048828125,3009.050048828125,3073.72998046875,3004.6298828125,3073.199951171875,8098120000
2020-06-29,^GSPC,S&P 500,0.019453065258624003,0.01926627295314054,3053.239990234375,3053.239990234375,3053.889892578125,2999.739990234375,3018.590087890625,4462770000
2020-06-30,^GSPC,S&P 500,0.014401426607524082,0.014298711055833024,3100.2900390625,3100.2900390625,3111.510009765625,3047.830078125,3050.199951171875,4696280000
2020-07-01,^GSPC,S&P 500,0.002129596270302292,0.002127331894399731,3115.860107421875,3115.860107421875,3128.43994140625,3101.169921875,3105.919921875,4443130000
2020-07-02,^GSPC,S&P 500,0.018770985225428527,0.018596984355064627,3130.010009765625,3130.010009765625,3165.81005859375,3124.52001953125,3143.639892578125,4190830000
2020-07-06,^GSPC,S&P 500,0.01425342798928253,0.014152802925459618,3179.719970703125,3179.719970703125,3182.590087890625,3155.2900390625,3155.2900390625,4736450000
2020-07-07,^GSPC,S&P 500,0.00034276706575320226,0.00034270833454286276,3145.320068359375,3145.320068359375,3184.14990234375,3142.929931640625,3166.43994140625,4563700000
2020-07-08,^GSPC,S&P 500,-0.014219599649573311,-0.014321666882107564,3169.93994140625,3169.93994140625,3171.800048828125,3136.530029296875,3153.070068359375,4927700000
2020-07-09,^GSPC,S&P 500,-0.009384791569956752,-0.00942910619999715,3152.050048828125,3152.050048828125,3179.780029296875,3115.699951171875,3176.169921875,4829020000
2020-07-10,^GSPC,S&P 500,0.017368450499417598,0.017219342997871756,3185.0400390625,3185.0400390625,3186.820068359375,3136.219970703125,3152.469970703125,4515340000
2020-07-13,^GSPC,S&P 500,0.0,0.0,3155.219970703125,3155.219970703125,3235.320068359375,3149.429931640625,3205.080078125,4890780000
2020-07-14,^GSPC,S&P 500,0.025176738096470697,0.02486502513766453,3197.52001953125,3197.52001953125,3200.949951171875,3127.659912109375,3141.110107421875,4476170000
2020-07-15,^GSPC,S&P 500,0.016820857647884102,0.016680953711714963,3226.56005859375,3226.56005859375,3238.280029296875,3200.760009765625,3225.97998046875,4669760000
2020-07-16,^GSPC,S&P 500,0.0033085320167947074,0.0033030708670187536,3215.570068359375,3215.570068359375,3220.389892578125,3198.590087890625,3208.360107421875,3961230000
2020-07-17,^GSPC,S&P 500,0.008408875658735049,0.00837371801714415,3224.72998046875,3224.72998046875,3233.52001953125,3205.64990234375,3224.2099609375,3993830000
2020-07-20,^GSPC,S&P 500,-0.008665774699463169,-0.008703540865382386,3251.840087890625,3251.840087890625,3258.610107421875,3215.159912109375,3224.2900390625,3971200000
2020-07-21,^GSPC,S&P 500,0.008741526801252064,0.008703540865382386,3257.300048828125,3257.300048828125,3277.2900390625,3247.77001953125,3268.52001953125,4547960000
2020-07-22,^GSPC,S&P 500,0.011608879762001756,0.011542013713069288,3276.02001953125,3276.02001953125,3279.320068359375,3253.10009765625,3254.860107421875,4255190000
2020-07-23,^GSPC,S&P 500,-0.003070933085325578,-0.003075658076232557,3235.659912109375,3235.659912109375,3279.989990234375,3222.659912109375,3271.639892578125,4290460000
2020-07-24,^GSPC,S&P 500,-0.0034046544006750556,-0.0034104634253653288,3215.6298828125,3215.6298828125,3227.260009765625,3200.050048828125,3218.580078125,3894900000
2020-07-27,^GSPC,S&P 500,0.01447859723400624,0.014374783199689212,3239.409912109375,3239.409912109375,3241.429931640625,3214.25,3219.840087890625,3963910000
2020-07-28,^GSPC,S&P 500,-0.021969193689477806,-0.02221411014839969,3218.43994140625,3218.43994140625,3243.719970703125,3216.169921875,3234.27001953125,4027890000
2020-07-29,^GSPC,S&P 500,0.008198065030985635,0.00816464343323453,3258.43994140625,3258.43994140625,3264.739990234375,3227.219970703125,3227.219970703125,4676300000
2020-07-30,^GSPC,S&P 500,-0.01935277945882663,-0.01954249618121562,3246.219970703125,3246.219970703125,3250.919921875,3204.1298828125,3231.760009765625,4254010000
2020-07-31,^GSPC,S&P 500,0.0009950476625235627,0.0009945529307584522,3271.1201171875,3271.1201171875,3272.169921875,3220.260009765625,3270.449951171875,5117260000
2020-08-03,^GSPC,S&P 500,-0.005632871920971838,-0.00564879637242921,3294.610107421875,3294.610107421875,3302.72998046875,3284.530029296875,3288.260009765625,4643640000
2020-08-04,^GSPC,S&P 500,0.014161920487142377,0.014062577319277736,3306.510009765625,3306.510009765625,3306.840087890625,3286.3701171875,3289.919921875,4621670000
2020-08-05,^GSPC,S&P 500,0.01462131436283376,0.014515453580921545,3327.77001953125,3327.77001953125,3330.77001953125,3317.3701171875,3317.3701171875,4732220000
2020-08-06,^GSPC,S&P 500,-0.004209817496749424,-0.004218703726800221,3349.159912109375,3349.159912109375,3351.030029296875,3318.139892578125,3323.169921875,4267490000
2020-08-07,^GSPC,S&P 500,0.003414619259717977,0.003408802684538692,3351.280029296875,3351.280029296875,3352.5400390625,3328.719970703125,3340.050048828125,4104860000
2020-08-10,^GSPC,S&P 500,0.009722934657591553,0.00967597109877616,3360.469970703125,3360.469970703125,3363.2900390625,3335.43994140625,3356.0400390625,4318570000
2020-08-11,^GSPC,S&P 500,-0.0017653764713078113,-0.001766936584745693,3333.68994140625,3333.68994140625,3381.010009765625,3326.43994140625,3370.340087890625,5087650000
2020-08-12,^GSPC,S&P 500,0.0059485358094275576,0.005930913121880543,3380.35009765625,3380.35009765625,3387.889892578125,3355.4599609375,3355.4599609375,3768560000
2020-08-13,^GSPC,S&P 500,-0.00015979417583456001,-0.0001598069442838579,3373.429931640625,3373.429931640625,3387.239990234375,3363.35009765625,3372.949951171875,3648810000
2020-08-14,^GSPC,S&P 500,0.001118920928510514,0.0011182954030539705,3372.85009765625,3372.85009765625,3378.510009765625,3361.639892578125,3368.659912109375,3193400000
2020-08-17,^GSPC,S&P 500,0.004470681375086549,0.004460717564750638,3381.989990234375,3381.989990234375,3387.590087890625,3379.219970703125,3380.860107421875,3671290000
2020-08-18,^GSPC,S&P 500,-0.004132861582639147,-0.004141425458756842,3389.780029296875,3389.780029296875,3395.06005859375,3370.14990234375,3387.0400390625,3881310000
2020-08-19,^GSPC,S&P 500,-0.002873109350227665,-0.0028772446515779038,3374.85009765625,3374.85009765625,3399.5400390625,3369.659912109375,3392.510009765625,3884480000
2020-08-20,^GSPC,S&P 500,-0.0035217098832105442,-0.0035279257012916787,3385.510009765625,3385.510009765625,3390.800048828125,3354.68994140625,3360.47998046875,3642850000
2020-08-21,^GSPC,S&P 500,-0.005783142334964908,-0.005799929455423403,3397.159912109375,3397.159912109375,3399.9599609375,3379.31005859375,3386.010009765625,3705420000
2020-08-24,^GSPC,S&P 500,0.01761189470572533,0.017458602515088018,3431.280029296875,3431.280029296875,3432.090087890625,3413.1298828125,3418.090087890625,3728690000
2020-08-25,^GSPC,S&P 500,-0.003969514160322318,-0.0039774135931933685,3443.6201171875,3443.6201171875,3444.2099609375,3425.840087890625,3435.949951171875,3619300000
2020-08-26,^GSPC,S&P 500,0.01052127932772784,0.01046631585627189,3478.72998046875,3478.72998046875,3481.070068359375,3444.14990234375,3449.969970703125,3754360000
2020-08-27,^GSPC,S&P 500,-0.0026817821514772966,-0.002685384571275762,3484.550048828125,3484.550048828125,3501.3798828125,3468.35009765625,3485.139892578125,3929560000
2020-08-28,^GSPC,S&P 500,0.011863334158785044,0.011793516448193486,3508.010009765625,3508.010009765625,3509.22998046875,3484.320068359375,3494.68994140625,3855880000
2020-08-31,^GSPC,S&P 500,-0.015319673652267496,-0.015438232264080476,3500.31005859375,3500.31005859375,3514.77001953125,3493.25,3509.72998046875,4342290000
2020-09-01,^GSPC,S&P 500,0.028099704883302934,0.027712151515919103,3526.64990234375,3526.64990234375,3528.030029296875,3494.60009765625,3507.43994140625,4083110000
2020-09-02,^GSPC,S&P 500,0.022699215136077422,0.022445421386567688,3580.840087890625,3580.840087890625,3588.110107421875,3535.22998046875,3543.760009765625,4285190000
2020-09-03,^GSPC,S&P 500,-0.02763100918464778,-0.02801992637880435,3455.06005859375,3455.06005859375,3564.85009765625,3427.409912109375,3564.739990234375,4898680000
2020-09-04,^GSPC,S&P 500,0.0006211322139684228,0.0006209393911964511,3426.9599609375,3426.9599609375,3479.14990234375,3349.6298828125,3453.60009765625,4431440000
2020-09-08,^GSPC,S&P 500,-0.018777201324133186,-0.01895573136441353,3331.840087890625,3331.840087890625,3379.969970703125,3329.27001953125,3371.8798828125,4665600000
2020-09-09,^GSPC,S&P 500,0.02577891949890687,0.025452245458601475,3398.9599609375,3398.9599609375,3424.77001953125,3366.840087890625,3369.820068359375,3920830000
2020-09-10,^GSPC,S&P 500,-0.009404881353858752,-0.009449386514134517,3339.18994140625,3339.18994140625,3425.550048828125,3329.25,3412.56005859375,4192250000
2020-09-11,^GSPC,S&P 500,0.01276264116457937,0.012681885041602392,3340.969970703125,3340.969970703125,3368.949951171875,3310.469970703125,3352.699951171875,3704450000
2020-09-14,^GSPC,S&P 500,0.01444601883840213,0.014342669245972495,3383.5400390625,3383.5400390625,3402.929931640625,3363.56005859375,3363.56005859375,3832130000
2020-09-15,^GSPC,S&P 500,0.0048477455607987,0.004836033079786972,3401.199951171875,3401.199951171875,3419.47998046875,3389.25,3407.72998046875,4051460000
2020-09-16,^GSPC,S&P 500,0.0007537376900821346,0.0007534537724867008,3385.489990234375,3385.489990234375,3428.919921875,3384.449951171875,3411.22998046875,4710030000
2020-09-17,^GSPC,S&P 500,0.007381824547135318,0.007354712224165283,3357.010009765625,3357.010009765625,3375.169921875,3328.820068359375,3346.860107421875,4371940000
2020-09-18,^GSPC,S&P 500,-0.0171975695924087,-0.01734716539597425,3319.469970703125,3319.469970703125,3362.27001953125,3292.39990234375,3357.3798828125,7068700000
2020-09-21,^GSPC,S&P 500,-0.038192362897275234,-0.03894080974306213,3281.06005859375,3281.06005859375,3285.570068359375,3229.10009765625,3285.570068359375,4828350000
2020-09-22,^GSPC,S&P 500,0.001898477271319976,0.0018966774409436837,3315.570068359375,3315.570068359375,3320.31005859375,3270.949951171875,3295.75,3963300000
2020-09-23,^GSPC,S&P 500,-0.029369975628825706,-0.02980990866381461,3236.919921875,3236.919921875,3323.35009765625,3232.570068359375,3320.110107421875,4364500000
2020-09-24,^GSPC,S&P 500,0.007157940751118641,0.007132444289032591,3246.590087890625,3246.590087890625,3278.699951171875,3209.449951171875,3226.139892578125,4599470000
2020-09-25,^GSPC,S&P 500,0.008883851371605855,0.008844622130645519,3298.4599609375,3298.4599609375,3306.8798828125,3228.43994140625,3236.659912109375,3792220000
2020-09-28,^GSPC,S&P 500,0.01617038346197397,0.016041035354022348,3351.60009765625,3351.60009765625,3360.739990234375,3332.909912109375,3333.89990234375,3946060000
2020-09-29,^GSPC,S&P 500,-0.007405092353296117,-0.007432646159603706,3335.469970703125,3335.469970703125,3357.919921875,3327.5400390625,3350.919921875,3651880000
2020-09-30,^GSPC,S&P 500,0.010158720470610172,0.010107467487363131,3363.0,3363.0,3393.56005859375,3340.469970703125,3341.2099609375,4722530000
2020-10-01,^GSPC,S&P 500,-0.014142013196311143,-0.01424296436362571,3380.800048828125,3380.800048828125,3397.179931640625,3361.389892578125,3385.8701171875,4070530000
2020-10-02,^GSPC,S&P 500,0.008925686063313343,0.00888608758210463,3348.419921875,3348.419921875,3369.10009765625,3323.68994140625,3338.93994140625,3961550000
2020-10-05,^GSPC,S&P 500,0.01911536988552598,0.018934966561493738,3408.60009765625,3408.60009765625,3409.570068359375,3367.27001953125,3367.27001953125,3686920000
2020-10-06,^GSPC,S&P 500,-0.012556213710557262,-0.012635709103679282,3360.969970703125,3360.969970703125,3431.56005859375,3354.5400390625,3408.739990234375,4443380000
2020-10-07,^GSPC,S&P 500,0.025745613113168364,0.02541977557075814,3419.43994140625,3419.43994140625,3426.260009765625,3384.56005859375,3384.56005859375,3807830000
2020-10-08,^GSPC,S&P 500,0.0101010667141197,0.010050391900477962,3446.830078125,3446.830078125,3447.280029296875,3428.14990234375,3434.280029296875,3856190000
2020-10-09,^GSPC,S&P 500,0.007727305094401116,0.00769760238884043,3477.139892578125,3477.139892578125,3482.340087890625,3458.070068359375,3459.669921875,3939060000
2020-10-12,^GSPC,S&P 500,-0.0016538957573065671,-0.001655264952773905,3534.219970703125,3534.219970703125,3549.85009765625,3499.610107421875,3500.02001953125,3428970000
2020-10-13,^GSPC,S&P 500,-0.0088856017127531,-0.008925314092264713,3511.929931640625,3511.929931640625,3534.010009765625,3500.860107421875,3534.010009765625,3605150000
2020-10-14,^GSPC,S&P 500,0.0028871364299487556,0.0028829766561981884,3488.669921875,3488.669921875,3527.93994140625,3480.550048828125,3515.469970703125,3840630000
2020-10-15,^GSPC,S&P 500,-0.0028788248697916297,-0.0028829766561981884,3483.340087890625,3483.340087890625,3489.080078125,3440.889892578125,3453.719970703125,3717640000
2020-10-16,^GSPC,S&P 500,0.006989805524048265,0.006965490074503755,3483.81005859375,3483.81005859375,3515.760009765625,3480.449951171875,3493.5,4675890000
2020-10-19,^GSPC,S&P 500,-0.011619083779551787,-0.01168711280352408,3426.919921875,3426.919921875,3502.419921875,3419.929931640625,3493.659912109375,4086200000
2020-10-20,^GSPC,S&P 500,0.0022900996317389843,0.0022874813502316016,3443.1201171875,3443.1201171875,3476.929931640625,3435.64990234375,3439.3798828125,3901260000
2020-10-21,^GSPC,S&P 500,-0.0038080730264941076,-0.003815342196803684,3435.56005859375,3435.56005859375,3464.860107421875,3433.06005859375,3439.909912109375,4097750000
2020-10-22,^GSPC,S&P 500,0.00550459636012568,0.005489501438545652,3453.489990234375,3453.489990234375,3460.530029296875,3415.340087890625,3438.5,4163630000
2020-10-23,^GSPC,S&P 500,0.0036496024326815313,0.0036429587932449436,3465.389892578125,3465.389892578125,3466.4599609375,3440.449951171875,3464.89990234375,3646570000
2020-10-26,^GSPC,S&P 500,-0.025000023119377324,-0.02531783169647195,3400.969970703125,3400.969970703125,3441.419921875,3364.860107421875,3441.419921875,3988080000
2020-10-27,^GSPC,S&P 500,-0.009479359908603713,-0.009524575007741731,3390.679931640625,3390.679931640625,3409.510009765625,3388.7099609375,3403.14990234375,3946990000
2020-10-28,^GSPC,S&P 500,-0.028239771012838033,-0.028646182948466326,3271.030029296875,3271.030029296875,3342.47998046875,3268.889892578125,3342.47998046875,5129860000
2020-10-29,^GSPC,S&P 500,0.020665202169413588,0.020454573722538782,3310.110107421875,3310.110107421875,3341.050048828125,3259.820068359375,3277.169921875,4903070000
2020-10-30,^GSPC,S&P 500,-0.0006327256367443246,-0.0006329258920851899,3269.9599609375,3269.9599609375,3304.929931640625,3233.93994140625,3293.590087890625,4840450000
2020-11-02,^GSPC,S&P 500,0.03323834225985367,0.032697891752156316,3310.239990234375,3310.239990234375,3330.139892578125,3279.739990234375,3296.199951171875,4310590000
2020-11-03,^GSPC,S&P 500,0.01562506574041822,0.01550425126499011,3369.159912109375,3369.159912109375,3389.489990234375,3336.25,3336.25,4220070000
2020-11-04,^GSPC,S&P 500,-0.017043813435881017,-0.01719073097364543,3443.43994140625,3443.43994140625,3486.25,3405.169921875,3406.4599609375,4783040000
2020-11-05,^GSPC,S&P 500,0.04081638387059083,0.04000538970504941,3510.449951171875,3510.449951171875,3529.050048828125,3485.739990234375,3485.739990234375,4841190000
2020-11-06,^GSPC,S&P 500,0.0025062386017433713,0.0025031032233577832,3509.43994140625,3509.43994140625,3521.580078125,3484.340087890625,3508.340087890625,4833950000
2020-11-09,^GSPC,S&P 500,0.02249998204848347,0.022250591378323747,3550.5,3550.5,3645.989990234375,3547.47998046875,3583.0400390625,8556610000
2020-11-10,^GSPC,S&P 500,0.01179346626234068,0.01172446531614657,3545.530029296875,3545.530029296875,3557.219970703125,3511.909912109375,3543.260009765625,6024230000
2020-11-11,^GSPC,S&P 500,-0.014925308388592629,-0.015037811637811593,3572.659912109375,3572.659912109375,3581.159912109375,3557.0,3563.219970703125,4609970000
2020-11-12,^GSPC,S&P 500,-0.021067917021255544,-0.021293012730684957,3537.010009765625,3537.010009765625,3569.02001953125,3518.580078125,3562.669921875,4890120000
2020-11-13,^GSPC,S&P 500,0.017246548665958095,0.017099515085805095,3585.14990234375,3585.14990234375,3593.659912109375,3552.570068359375,3552.570068359375,4709670000
