Date,XLB Materials,XLC Communication Services,XLE Energy,XLF Financials,XLI Industrials,XLK Technology,XLP Consumer Staples,XLRE Real Estate,XLU Utilities,XLV Health Care,XLY Consumer Discretionary
2019-12-16,59.35934829711914,52.5981559753418,55.83899688720703,30.048067092895508,79.97266387939453,89.08551788330078,61.28693771362305,36.68855285644531,61.97686004638672,99.58592987060547,122.16260528564453
2019-12-17,59.44736099243164,52.548606872558594,55.87553787231445,30.165061950683594,79.89432525634766,88.8783187866211,61.189659118652344,36.29145050048828,62.17971420288086,99.47850799560547,122.70572662353516
2019-12-18,59.36912536621094,52.90534210205078,56.08566665649414,30.038318634033203,79.56139373779297,88.86844635009766,61.092376708984375,36.804779052734375,62.43085861206055,99.61522674560547,122.82421875
2019-12-19,59.57448959350586,53.390892028808594,56.0673942565918,30.028568267822266,79.77682495117188,89.50977325439453,61.42313003540039,37.15346145629883,62.4501838684082,100.0058822631836,123.20934295654297
2019-12-20,59.86357879638672,53.556739807128906,56.605220794677734,30.063846588134766,80.14389038085938,90.02946472167969,61.88703918457031,37.44033432006836,62.87950134277344,100.71391296386719,123.39759063720703
2019-12-23,60.03074264526367,53.41770935058594,57.186397552490234,29.99525260925293,80.80322265625,90.28683471679688,61.622230529785156,37.21513748168945,62.29539489746094,101.11598205566406,123.11027526855469
2019-12-24,60.09957504272461,53.40777587890625,57.15872573852539,30.063846588134766,80.47846984863281,90.3165283203125,61.70069122314453,37.264095306396484,62.38301086425781,100.98849487304688,123.38768005371094
2019-12-26,60.36506652832031,53.814937591552734,57.14027404785156,30.23043441772461,80.66545104980469,90.98965454101562,61.75954055786133,37.489288330078125,62.4901008605957,100.91985321044922,124.89361572265625
2019-12-27,60.13890838623047,53.71562957763672,56.900421142578125,30.152040481567383,80.5965576171875,90.97975158691406,62.034156799316406,37.62635803222656,62.67506408691406,100.94927215576172,124.88372039794922
2019-12-30,59.952083587646484,53.159507751464844,56.72085189819336,30.063846588134766,80.22261047363281,90.45510864257812,61.71049880981445,37.596988677978516,62.66533660888672,100.34322357177734,124.0811996459961
2019-12-31,60.394561767578125,53.25881576538086,57.04388427734375,30.16183853149414,80.17340850830078,90.74217987060547,61.76934814453125,37.86133575439453,62.908714294433594,100.54063415527344,124.25953674316406
2020-01-02,59.686588287353516,53.88445281982422,57.55693817138672,30.455812454223633,81.68889617919922,92.44477081298828,61.278961181640625,37.420753479003906,62.12016296386719,100.80712890625,125.73575592041016
2020-01-03,58.72294998168945,53.5368766784668,57.385921478271484,30.1324405670166,81.53144073486328,91.4053955078125,61.18088150024414,37.69489288330078,62.2467155456543,99.92865753173828,124.66574096679688
2020-01-06,58.46728515625,54.25189208984375,57.83246612548828,30.112844467163086,81.56096649169922,91.6231689453125,61.308380126953125,37.704681396484375,62.30513000488281,100.5505142211914,125.01250457763672
2020-01-07,58.398460388183594,54.321407318115234,57.680450439453125,29.916860580444336,81.39366912841797,91.58357238769531,60.837608337402344,37.2934684753418,62.21751022338867,100.35309600830078,124.81436157226562
2020-01-08,58.60495376586914,54.708709716796875,56.73035430908203,30.112844467163086,81.66921997070312,92.56356048583984,61.06318664550781,37.479496002197266,62.18830871582031,101.00454711914062,125.19083404541016
2020-01-09,58.82128143310547,54.9967041015625,57.14839553833008,30.299026489257812,82.01363372802734,93.61282348632812,61.49473190307617,37.469703674316406,62.5290412902832,101.4388427734375,125.8546371459961
2020-01-10,58.58528518676758,54.77822494506836,56.82536315917969,30.073646545410156,81.43303680419922,93.39505004882812,61.45549774169922,37.831966400146484,62.69453811645508,101.46846008300781,125.1710205078125
2020-01-13,59.342430114746094,55.29462432861328,56.844364166259766,30.279428482055664,82.10221099853516,94.5631103515625,61.85762023925781,38.292137145996094,63.0742073059082,101.11312866210938,125.56732177734375
2020-01-14,59.09660339355469,55.15559387207031,56.85386276245117,30.220632553100586,82.11205291748047,94.11766815185547,61.87723159790039,38.10611343383789,63.259178161621094,101.72508239746094,125.5276870727539
2020-01-15,59.499755859375,55.42372512817383,56.43582534790039,30.054048538208008,82.23998260498047,94.22655487060547,62.31858444213867,38.370460510253906,64.14508056640625,102.60355377197266,125.2403793334961
2020-01-16,59.8537483215332,55.85074996948242,56.53083419799805,30.318626403808594,83.05677795410156,95.49359893798828,62.485313415527344,38.7131462097168,64.54421997070312,103.13656616210938,126.35992431640625
2020-01-17,60.119239807128906,56.28770446777344,56.169795989990234,30.40682029724121,83.06661987304688,96.13701629638672,62.59320068359375,38.76210021972656,64.9920425415039,103.13656616210938,126.80575561523438
2020-01-21,59.47026062011719,56.23805236816406,55.162689208984375,30.152040481567383,82.15142059326172,96.09741973876953,62.8089714050293,39.15373992919922,65.58588409423828,103.2451400756836,126.41935729980469
2020-01-22,59.23427200317383,56.208255767822266,54.63063430786133,30.240232467651367,81.71842193603516,96.44387817382812,62.85800552368164,38.84042739868164,65.79032135009766,103.37345886230469,126.35992431640625
2020-01-23,59.165435791015625,55.9798469543457,54.42161178588867,30.16183853149414,82.60409545898438,96.89922332763672,62.79916000366211,39.21248245239258,66.37443542480469,102.8503189086914,126.54816436767578
2020-01-24,58.742618560791016,55.3045539855957,53.79454803466797,29.77967071533203,82.22030639648438,96.44387817382812,62.36762237548828,39.15373992919922,66.54966735839844,101.13285827636719,124.78462982177734
2020-01-27,57.474151611328125,54.440574645996094,52.302894592285156,29.319108963012695,80.66545104980469,94.1473617553711,62.17146682739258,38.98728942871094,66.38417053222656,100.36296081542969,122.9220199584961
2020-01-28,58.12313461303711,55.06621551513672,52.54042053222656,29.66208267211914,81.18700408935547,95.94894409179688,62.24992752075195,39.08519744873047,66.65675354003906,100.85649108886719,124.12083435058594
2020-01-29,58.309959411621094,54.97684097290039,51.98936462402344,29.613082885742188,81.62001037597656,96.1964111328125,61.93608093261719,38.87959289550781,66.83198547363281,100.58011627197266,124.05148315429688
2020-01-30,57.946136474609375,54.420711517333984,52.407405853271484,29.985454559326172,81.70858001708984,97.02790069580078,62.67166519165039,38.967708587646484,67.45503997802734,99.84970092773438,123.84342193603516
2020-01-31,56.667842864990234,53.5368766784668,50.77323913574219,29.358304977416992,79.81912994384766,94.36514282226562,61.96549987792969,38.409629821777344,67.15325164794922,97.85586547851562,124.16046142578125
2020-02-03,57.857643127441406,54.172447204589844,50.10816955566406,29.564090728759766,79.78961181640625,95.61238098144531,61.96549987792969,38.44879150390625,67.36741638183594,98.74420928955078,125.04222869873047
2020-02-04,58.880279541015625,54.73849868774414,50.28868865966797,29.848264694213867,81.29525756835938,98.11677551269531,62.338199615478516,38.94812774658203,66.6957015991211,100.48140716552734,127.32093811035156
2020-02-05,59.971744537353516,54.827880859375,52.179378509521484,30.446014404296875,82.6532974243164,98.69090270996094,62.83839416503906,38.91875457763672,66.96827697753906,102.41603088378906,127.96493530273438
2020-02-06,59.94224548339844,55.51310729980469,51.64732360839844,30.40682029724121,82.91900634765625,99.59169006347656,62.94628143310547,39.08519744873047,66.98773956298828,102.50485229492188,127.67760467529297
2020-02-07,59.08677291870117,55.47338104248047,51.28628921508789,30.299026489257812,82.31871032714844,98.6810073852539,63.02474594116211,39.10478210449219,66.77357482910156,101.7053451538086,127.12279510498047
2020-02-10,59.057273864746094,55.80109786987305,51.029762268066406,30.38722038269043,82.78123474121094,100.01734161376953,63.289546966552734,39.55516052246094,67.02667999267578,102.24822235107422,128.5593719482422
2020-02-11,59.38175964355469,55.741512298583984,51.599822998046875,30.495010375976562,83.09613800048828,99.6807861328125,63.05416488647461,40.034915924072266,67.27007293701172,102.86019134521484,129.5699462890625
2020-02-12,59.70625686645508,56.46645736694336,52.29339599609375,30.514606475830078,83.87357330322266,100.75975036621094,63.02474594116211,40.28947830200195,67.3187484741211,102.9885025024414,130.8975372314453
2020-02-13,59.489925384521484,56.47638702392578,52.13187789916992,30.50480842590332,83.40119934082031,100.49247741699219,63.397438049316406,40.53425216674805,68.06835174560547,102.50485229492188,130.66966247558594
2020-02-14,59.499755859375,56.545902252197266,51.85634994506836,30.54400634765625,83.2929458618164,100.92803192138672,63.5445556640625,41.004215240478516,68.52590942382812,102.58381652832031,130.47152709960938
2020-02-18,59.352264404296875,56.923274993896484,51.42880630493164,30.279428482055664,82.82059478759766,100.55188751220703,63.318973541259766,40.965049743652344,69.10028839111328,102.2186050415039,130.46160888671875
2020-02-19,59.50959396362305,57.18147659301758,52.11287307739258,30.50480842590332,82.79106140136719,101.7496337890625,63.25031661987305,40.387386322021484,68.35066986083984,102.69239044189453,131.04615783691406
2020-02-20,59.6079216003418,56.59556198120117,52.055870056152344,30.446014404296875,82.67298126220703,100.69046020507812,63.29936218261719,40.837764739990234,68.59405517578125,102.03107452392578,131.095703125
2020-02-21,59.33259582519531,55.7315788269043,51.43830490112305,30.152040481567383,82.2596664428711,98.43354797363281,63.40724563598633,41.053165435791016,68.46749114990234,102.09029388427734,129.09439086914062
2020-02-24,57.660980224609375,53.864593505859375,49.06306076049805,29.1721248626709,79.91754150390625,94.36514282226562,61.945884704589844,40.504878997802734,67.6692123413086,98.87252044677734,124.65583801269531
2020-02-25,55.173221588134766,52.42462921142578,46.8968391418457,28.18240737915039,76.66022491455078,91.34600830078125,60.82780075073242,39.48662567138672,66.24787902832031,95.87189483642578,121.3269271850586
2020-02-26,54.98638916015625,52.3253173828125,45.48119354248047,27.97662353515625,76.07960510253906,91.76175689697266,60.48452377319336,39.143943786621094,65.5761489868164,95.86203002929688,120.36589813232422
2020-02-27,52.410133361816406,50.25971603393555,43.04894256591797,26.781126022338867,73.25529479980469,86.81236267089844,58.02277755737305,36.93120193481445,62.62639236450195,92.60477447509766,115.50133514404297
2020-02-28,51.83981704711914,50.40867614746094,43.01093673706055,26.055988311767578,71.91693878173828,87.4755859375,56.87527084350586,36.02065658569336,60.5333251953125,91.41044616699219,114.75827026367188
2020-03-02,54.06208801269531,52.156497955322266,44.74961471557617,27.388673782348633,74.44602966308594,92.53385925292969,59.91567611694336,37.81238555908203,64.09639739990234,95.69422912597656,118.70144653320312
2020-03-03,53.5900993347168,50.438472747802734,43.381473541259766,26.35976219177246,72.62548065185547,89.0197982788086,59.101627349853516,37.78300857543945,63.30784606933594,93.31544494628906,115.82827758789062
2020-03-04,55.8123664855957,52.25580596923828,44.4075813293457,27.231889724731445,75.6269302368164,92.84071350097656,62.00473403930664,39.251644134521484,66.90013122558594,98.69485473632812,119.83089447021484
2020-03-05,54.04241943359375,50.34909439086914,42.78291320800781,25.918800354003906,71.92677307128906,89.91068267822266,60.837608337402344,38.35087966918945,65.86820220947266,96.4049072265625,115.36262512207031
2020-03-06,52.63629150390625,49.47518539428711,40.37916564941406,25.03687286376953,71.29695892333984,88.01011657714844,60.35702896118164,37.69489288330078,65.33277130126953,95.89163970947266,113.58918762207031
2020-03-09,47.70994186401367,46.17816162109375,32.2463264465332,22.35190200805664,64.7232666015625,81.32843780517578,57.728546142578125,35.031776428222656,61.77942657470703,90.90705108642578,106.43599700927734
2020-03-10,49.64704895019531,48.53175735473633,33.77598190307617,23.66499137878418,68.0790023803711,86.75296783447266,59.38605499267578,36.73538589477539,62.35380554199219,94.026123046875,112.32102966308594
2020-03-11,47.28711700439453,46.446292877197266,31.989797592163086,22.38129997253418,64.0836181640625,82.65487670898438,56.47315216064453,34.767417907714844,59.219078063964844,90.43327331542969,106.17839813232422
2020-03-12,42.73441696166992,42.08667755126953,27.999387741088867,19.960905075073242,57.45088195800781,74.58736419677734,51.167144775390625,31.78120231628418,53.24168014526367,83.6818618774414,95.44860076904297
2020-03-13,45.733497619628906,45.87030792236328,30.583654403686523,22.587080001831055,61.93830871582031,83.337890625,55.52179718017578,34.57160568237305,56.14276123046875,89.48570251464844,101.35346221923828
2020-03-16,40.698974609375,40.69636535644531,26.422224044799805,19.49054527282715,54.91194152832031,71.82559204101562,51.755615234375,29.03975486755371,49.76622009277344,80.6614990234375,88.51336669921875
2020-03-17,43.21623992919922,42.464046478271484,26.60274314880371,20.548852920532227,57.441036224365234,76.7155990600586,56.12007522583008,30.802112579345703,56.133026123046875,85.72505187988281,91.92153930664062
2020-03-18,40.453147888183594,41.05387496948242,22.783349990844727,18.804603576660156,53.20947265625,73.82515716552734,54.67832946777344,28.638328552246094,53.68949890136719,82.88235473632812,86.64085388183594
2020-03-19,41.485618591308594,41.78875732421875,24.33201026916504,19.216167449951172,53.248836517333984,74.09241485595703,52.85408401489258,28.187950134277344,50.56450271606445,81.18463897705078,89.66263580322266
2020-03-20,40.00082778930664,39.94163131713867,24.569536209106445,18.53022575378418,50.58197021484375,70.69712829589844,49.43117141723633,26.5920352935791,46.553611755371094,78.06555938720703,86.99752807617188
2020-03-23,37.96168518066406,40.15374755859375,22.894912719726562,17.452070236206055,48.366455078125,70.05135345458984,47.96834945678711,25.114368438720703,44.17805099487305,74.01094055175781,87.1408920288086
2020-03-24,42.426021575927734,42.6235237121582,26.566646575927734,19.616287231445312,54.48540115356445,77.22564697265625,50.41460418701172,27.30423355102539,48.92721176147461,79.71400451660156,95.31439208984375
2020-03-25,43.415897369384766,41.966243743896484,27.819698333740234,20.14992904663086,57.35148620605469,77.12614440917969,50.276512145996094,28.517536163330078,50.17595672607422,80.7752685546875,96.98692321777344
2020-03-26,45.45503616333008,44.35634994506836,29.519575119018555,21.414857864379883,60.971282958984375,81.90235900878906,53.02854537963867,30.7073974609375,54.453155517578125,86.14110565185547,100.99900817871094
2020-03-27,43.81184768676758,42.58368682861328,27.518577575683594,20.762630462646484,58.402713775634766,78.20079040527344,52.78194808959961,30.786312103271484,54.74813461303711,84.29629516601562,97.61412811279297
2020-03-30,45.20756530761719,44.13725280761719,27.80027198791504,21.15791893005371,59.25559616088867,81.49439239501953,54.84351348876953,31.585315704345703,56.77366256713867,88.24380493164062,99.65501403808594
2020-03-31,44.58395004272461,44.057586669921875,28.22766876220703,20.574865341186523,58.52172088623047,79.97196960449219,53.7288932800293,30.57916259765625,54.4826545715332,87.85699462890625,97.64399719238281
2020-04-01,42.574501037597656,42.304840087890625,26.828914642333984,19.31981658935547,55.883731842041016,76.16094207763672,52.82140350341797,28.724685668945312,51.20838928222656,84.51448822021484,93.28346252441406
2020-04-02,43.21792221069336,42.84261703491211,29.286447525024414,19.80405044555664,56.627525329589844,77.94207763671875,54.17276382446289,29.148845672607422,52.81110382080078,86.85523223876953,93.63190460205078
2020-04-03,42.17855453491211,41.97620391845703,28.975614547729492,19.40875816345215,55.873817443847656,76.73806762695312,54.59691619873047,28.902240753173828,50.92323684692383,86.0716781616211,91.99919891357422
2020-04-06,45.31645202636719,44.7447395324707,30.510358810424805,20.80215835571289,59.741546630859375,83.28547668457031,56.62889099121094,30.99346160888672,54.85629653930664,90.58454132080078,99.65501403808594
2020-04-07,46.52410125732422,45.0733757019043,31.16117286682129,21.009685516357422,59.60270309448242,82.53919219970703,55.97787094116211,31.003326416015625,54.16801071166992,89.84066772460938,101.13838958740234
2020-04-08,48.80081558227539,46.03937911987305,33.2398796081543,21.928735733032227,61.76466369628906,84.7581558227539,56.80643844604492,33.3312873840332,57.117801666259766,93.54021453857422,104.32416534423828
2020-04-09,50.89934539794922,46.37797927856445,32.938758850097656,23.10472297668457,62.6968879699707,84.77804565429688,57.33909225463867,35.047664642333984,59.811946868896484,94.05597686767578,106.20576477050781
2020-04-13,49.78078842163086,46.447689056396484,32.831905364990234,22.264732360839844,60.8621940612793,84.96710968017578,56.91494369506836,33.439796447753906,57.91424560546875,93.23274993896484,106.17589569091797
2020-04-14,50.4242057800293,47.821998596191406,32.676490783691406,22.363554000854492,62.02251434326172,88.52938079833984,59.33161163330078,34.5544548034668,59.615291595458984,96.32728576660156,110.32735443115234
2020-04-15,48.10790252685547,47.37385177612305,31.14174461364746,21.39509391784668,60.306827545166016,86.59898376464844,58.394535064697266,33.222782135009766,57.648765563964844,95.83136749267578,107.90815734863281
2020-04-16,47.83073806762695,47.56306838989258,29.810983657836914,21.019567489624023,59.771297454833984,87.65373229980469,58.77922821044922,33.00576400756836,57.65859603881836,97.92414855957031,109.20238494873047
2020-04-17,49.75109100341797,48.21038818359375,32.97761154174805,22.126379013061523,62.577877044677734,88.81794738769531,59.67684555053711,34.07110595703125,59.5169677734375,99.95741271972656,112.427978515625
2020-04-20,48.523651123046875,47.7722053527832,31.947969436645508,21.7409725189209,60.91177749633789,87.39502716064453,58.50303649902344,32.8084831237793,57.26529312133789,99.1639404296875,110.46673583984375
2020-04-21,47.32590103149414,46.268428802490234,31.384584426879883,21.03933334350586,59.47378158569336,83.7332534790039,57.26018142700195,32.32513427734375,56.32135772705078,96.14875793457031,107.59954071044922
2020-04-22,48.25638198852539,47.513275146484375,32.501644134521484,21.266626358032227,60.098567962646484,86.95719909667969,57.812564849853516,32.88739776611328,57.963409423828125,97.61666870117188,109.91918182373047
2020-04-23,48.59294128417969,47.85187530517578,33.55071258544922,21.177684783935547,60.5745964050293,86.36018371582031,57.29963684082031,32.51255416870117,56.9899787902832,98.15225982666016,109.8893051147461
2020-04-24,49.35514450073242,48.45935821533203,33.62841796875,21.48403549194336,61.06053924560547,88.1910629272461,57.91120147705078,32.63092803955078,57.34395217895508,99.4714126586914,111.7509994506836
2020-04-27,50.67167663574219,48.85771179199219,34.356937408447266,22.215320587158203,62.577877044677734,88.94730377197266,58.07889175415039,33.57789611816406,57.94374465942383,100.7508773803711,113.84166717529297
2020-04-28,51.612056732177734,47.971378326416016,35.14373779296875,22.452495574951172,63.74811553955078,87.76319122314453,58.40439987182617,33.607486724853516,58.160064697265625,98.71760559082031,114.28966522216797
2020-04-29,52.928592681884766,50.291770935058594,37.746978759765625,23.10472297668457,64.96794128417969,91.36527252197266,58.157798767089844,33.696266174316406,57.62910079956055,99.37223052978516,116.80841827392578
2020-04-30,51.35469055175781,50.07268142700195,36.91161346435547,22.521671295166016,63.67869567871094,90.9572982788086,57.467323303222656,33.45951843261719,56.301692962646484,98.91598510742188,116.0816650390625
2020-05-01,50.275726318359375,49.37556838989258,34.82318878173828,21.80026626586914,61.7547492980957,88.45972442626953,56.83603286743164,32.43364334106445,54.94478988647461,97.03148651123047,111.74104309082031
2020-05-04,50.45390701293945,49.66436767578125,36.02767562866211,21.602622985839844,60.971282958984375,89.63388061523438,56.80643844604492,32.41391372680664,55.35776138305664,96.98189544677734,112.34832763671875
2020-05-05,50.582584381103516,49.92329788208008,36.05681610107422,21.533445358276367,61.20930099487305,90.86774444580078,56.85575866699219,32.62105941772461,55.81005859375,99.08458709716797,112.75651550292969
2020-05-06,49.71149826049805,49.783878326416016,35.114601135253906,21.06897735595703,60.3663330078125,91.57422637939453,56.23432922363281,32.01934051513672,53.91236114501953,98.10267639160156,112.7365951538086
2020-05-07,50.7310676574707,50.720001220703125,36.02767562866211,21.563093185424805,61.070457458496094,92.94739532470703,56.076507568359375,32.30540466308594,54.12868118286133,98.09275817871094,114.50868225097656
2020-05-08,51.94861602783203,51.64616775512695,37.66926956176758,22.027559280395508,62.58779525756836,94.31060791015625,57.329227447509766,32.89725875854492,55.22010040283203,98.59859466552734,116.73873138427734
2020-05-11,51.156715393066406,51.67604064941406,37.00874710083008,21.602622985839844,61.80433654785156,94.93749237060547,57.25031661987305,32.502689361572266,54.98411560058594,100.29463958740234,116.4798812866211
2020-05-12,50.37471389770508,50.67020797729492,36.35793685913086,21.03933334350586,60.06881332397461,92.97724914550781,56.76698303222656,31.12169647216797,54.5023193359375,98.7672119140625,113.93126678466797
2020-05-13,49.315547943115234,49.80379104614258,34.706626892089844,20.416749954223633,58.56139373779297,91.3752212524414,56.25405502319336,30.628482818603516,54.040184020996094,97.69601440429688,111.97002410888672
2020-05-14,49.91937255859375,50.34156799316406,35.09516906738281,20.940509796142578,59.1762580871582,92.53942108154297,56.115962982177734,30.667940139770508,54.62030792236328,98.7672119140625,113.6425552368164
2020-05-15,50.354915618896484,51.03868103027344,34.95918273925781,20.80215835571289,58.967994689941406,93.00709533691406,56.609161376953125,30.55943489074707,53.8927001953125,99.600341796875,114.96664428710938
2020-05-18,52.651424407958984,52.114227294921875,37.81497573852539,21.86944007873535,62.85556411743164,95.28575897216797,57.506778717041016,32.04893493652344,56.10504150390625,100.42357635498047,119.31721496582031
2020-05-19,52.14659118652344,52.10426712036133,36.756195068359375,21.335800170898438,62.05226516723633,94.93749237060547,56.45133590698242,31.427490234375,55.18077087402344,99.21353149414062,118.88912963867188
2020-05-20,52.978084564208984,53.54829025268555,38.22294235229492,21.810148239135742,63.21258544921875,97.01713562011719,57.12208557128906,31.72341537475586,55.4855842590332,99.33255767822266,120.44219207763672
2020-05-21,52.47324752807617,53.169857025146484,37.61098861694336,21.7409725189209,63.3613395690918,95.66387176513672,56.49079513549805,31.565587997436523,54.92512512207031,98.59859466552734,120.87028503417969
2020-05-22,52.39405822753906,53.4885368347168,37.377864837646484,21.661914825439453,63.3117561340332,96.01213836669922,56.68807601928711,32.25608444213867,55.53474807739258,98.806884765625,120.69108581542969
2020-05-26,53.82938003540039,53.637916564941406,38.417213439941406,22.78849220275879,65.96957397460938,95.91263580322266,56.99385452270508,33.2819709777832,55.898555755615234,98.62834930419922,122.60254669189453
2020-05-27,54.373809814453125,54.016353607177734,38.91261291503906,23.776718139648438,68.17121124267578,96.45991516113281,57.852020263671875,33.992191314697266,56.56717300415039,99.64994812011719,124.70317077636719
2020-05-28,54.878639221191406,53.508453369140625,37.82468795776367,23.40119171142578,67.52658081054688,96.27085876464844,58.36494064331055,34.376895904541016,58.23872375488281,100.9492416381836,123.1899185180664
2020-05-29,54.88854217529297,53.79726028442383,37.64984130859375,23.13437271118164,67.11006164550781,97.48480987548828,58.42412567138672,34.17961502075195,58.69102478027344,102.1692123413086,123.63792419433594
2020-06-01,55.26469421386719,54.414703369140625,38.31036376953125,23.40119171142578,67.25882720947266,97.45496368408203,58.82854461669922,34.86024475097656,59.38914489746094,101.15752410888672,124.81267547607422
2020-06-02,56.26446533203125,54.63379669189453,39.37886047363281,23.588956832885742,68.13153839111328,98.37039947509766,58.98637008666992,35.08712387084961,59.772613525390625,101.74272155761719,125.87792205810547
2020-06-03,57.54140853881836,54.80309295654297,40.5347785949707,24.468477249145508,70.78936004638672,99.13658905029297,59.065284729003906,35.92558288574219,60.49039840698242,101.54434967041016,128.25729370117188
2020-06-04,57.74928283691406,54.3947868347168,40.54449462890625,25.002119064331055,71.54307556152344,98.32064056396484,58.77922821044922,35.254817962646484,59.40880584716797,100.74095916748047,127.61017608642578
2020-06-05,59.22419357299805,55.28111267089844,43.555702209472656,25.93105125427246,74.17115020751953,100.90777587890625,59.59793472290039,36.54703140258789,60.16592025756836,102.3675765991211,130.6665496826172
2020-06-08,59.303382873535156,56.31682586669922,45.517845153808594,26.42516326904297,75.65874481201172,101.41524505615234,60.23908996582031,37.34603500366211,61.778472900390625,103.07178497314453,132.65765380859375
2020-06-09,58.58077621459961,56.17740249633789,43.80825424194336,25.861875534057617,73.77445983886719,101.89286804199219,59.74589157104492,36.91200637817383,60.53955841064453,102.0005874633789,131.62228393554688
2020-06-10,57.91755676269531,56.00810623168945,41.65184020996094,24.893413543701172,72.00919342041016,103.59439849853516,59.578208923339844,36.22151184082031,60.185585021972656,101.8418960571289,130.38778686523438
2020-06-11,53.443328857421875,53.42878341674805,37.72755432128906,22.857667922973633,66.9513931274414,97.65396881103516,57.319366455078125,33.98232650756836,57.8355827331543,96.17850494384766,123.55827331542969
2020-06-12,54.482696533203125,53.896846771240234,38.679481506347656,23.549427032470703,68.25054931640625,98.91767883300781,57.329227447509766,35.057533264160156,57.68809509277344,96.80335998535156,124.78279876708984
2020-06-15,55.056819915771484,54.76325988769531,38.796043395996094,23.875539779663086,68.9249267578125,99.8729248046875,57.9901123046875,35.501426696777344,58.081398010253906,97.02156829833984,125.96752166748047
2020-06-16,56.205074310302734,55.211402893066406,39.913108825683594,24.251066207885742,70.27367401123047,102.00233459472656,58.8975944519043,36.09327697753906,58.34688186645508,99.41190338134766,128.61570739746094
2020-06-17,55.739837646484375,55.28111267089844,38.55320739746094,23.88542366027832,69.76788330078125,101.982421875,58.80881881713867,35.66911315917969,58.16989517211914,99.31271362304688,128.27720642089844
2020-06-18,55.77942657470703,55.46037292480469,39.029170989990234,23.855775833129883,69.51004028320312,102.44013977050781,59.114601135253906,35.2252197265625,58.160064697265625,98.97549438476562,127.8093032836914
2020-06-19,55.611148834228516,55.31099319458008,38.436641693115234,23.69765853881836,68.65715789794922,101.7336654663086,58.80881881713867,34.87010955810547,56.52784729003906,99.92765045166016,126.81373596191406
2020-06-22,55.81718063354492,55.43273162841797,38.61471176147461,23.580305099487305,68.772705078125,103.6504135131836,58.64082336425781,34.77070999145508,57.0791015625,99.54418182373047,128.11695861816406
2020-06-23,55.94656753540039,55.79197311401367,38.65406799316406,23.6897029876709,68.78266906738281,104.39875793457031,58.55135726928711,34.641483306884766,56.50404739379883,99.97247314453125,129.1248016357422
2020-06-24,54.31425476074219,54.53463363647461,36.50934982299805,22.854297637939453,66.39196014404297,102.0439682006836,57.56721496582031,33.75680923461914,55.98848342895508,97.36285400390625,126.28087615966797
2020-06-25,54.99106979370117,54.77412414550781,37.20785903930664,23.460962295532227,67.12909698486328,103.35108184814453,57.974788665771484,34.11465835571289,55.29444885253906,98.31904602050781,126.45051574707031
2020-06-26,54.2346305847168,52.35923767089844,35.91905975341797,22.456485748291016,65.8839340209961,101.31558990478516,56.791831970214844,33.5281867980957,54.70948028564453,97.1238021850586,123.48683166503906
2020-06-29,55.2896614074707,53.327186584472656,36.40113067626953,22.70511817932129,68.0455322265625,102.42313385009766,57.86543655395508,34.10471725463867,55.74061584472656,98.00031280517578,125.83183288574219
2020-06-30,56.08591079711914,53.92592239379883,37.23737335205078,23.0134220123291,68.43402099609375,104.25906372070312,58.29289245605469,34.60172653198242,55.948822021484375,99.67366027832031,127.43840789794922
2020-07-01,56.205352783203125,55.263092041015625,36.3322639465332,22.814517974853516,68.1252212524414,104.42869567871094,58.34259796142578,35.54603958129883,57.257568359375,100.44060516357422,128.7256622314453
2020-07-02,57.26038360595703,55.083473205566406,36.73563003540039,22.84435272216797,68.71294403076172,105.03733825683594,58.64082336425781,35.4267578125,57.406288146972656,101.19760131835938,129.2345733642578
2020-07-06,58.0765380859375,56.191131591796875,36.843849182128906,23.281946182250977,69.69911193847656,106.87327575683594,58.92910385131836,35.466522216796875,56.70233917236328,102.22351837158203,132.2980499267578
2020-07-07,58.0964469909668,56.03146743774414,35.6731071472168,22.80457305908203,68.36428833007812,105.75575256347656,59.46590805053711,34.88998794555664,56.474300384521484,101.33704376220703,130.22247314453125
2020-07-08,57.27033615112305,56.53041076660156,35.643592834472656,23.043258666992188,68.36428833007812,107.48193359375,59.316795349121094,34.870113372802734,56.97995376586914,101.34700775146484,131.60951232910156
2020-07-09,56.73286819458008,56.60026550292969,33.882564544677734,22.555940628051758,66.88006591796875,107.8710708618164,58.849578857421875,34.75082778930664,56.216522216796875,100.5501708984375,131.4598388671875
2020-07-10,57.718231201171875,57.57819366455078,34.96476364135742,23.33167266845703,67.74669647216797,107.84113311767578,59.933128356933594,34.79058837890625,57.27739715576172,100.31112670898438,133.0264892578125
2020-07-13,57.718231201171875,56.4206428527832,34.777835845947266,23.43112564086914,68.0256118774414,105.6060791015625,59.843658447265625,34.24388122558594,57.33688735961914,100.87886810302734,131.340087890625
2020-07-14,59.17138671875,56.97945785522461,35.99776840209961,23.55047035217285,69.4998779296875,106.8233871459961,60.71845245361328,34.58184814453125,57.87228012084961,102.88091278076172,132.6472930908203
2020-07-15,60.16669845581055,57.31874084472656,36.77498245239258,24.017898559570312,71.27299499511719,107.40210723876953,60.76815414428711,34.74089050292969,57.64424133300781,104.2155990600586,134.54327392578125
2020-07-16,60.36576461791992,57.41853332519531,36.607730865478516,24.017898559570312,71.29291534423828,106.07504272460938,60.89738464355469,34.333343505859375,58.377933502197266,104.04627227783203,134.1840362548828
2020-07-17,60.87337112426758,57.2888069152832,36.09614562988281,23.818992614746094,71.72124481201172,106.59390258789062,61.225433349609375,34.81047058105469,59.696590423583984,105.47061157226562,133.5553741455078
2020-07-20,60.345855712890625,57.97734832763672,35.49602508544922,23.7095947265625,70.84465789794922,109.31786346435547,60.60910415649414,34.48244094848633,58.913326263427734,105.45069122314453,135.69081115722656
2020-07-21,60.87337112426758,57.697940826416016,37.6407356262207,24.17702293395996,71.78101348876953,108.22029113769531,61.135963439941406,34.49238586425781,59.18102264404297,105.38097381591797,135.90037536621094
2020-07-22,61.58004379272461,57.757816314697266,37.1783447265625,24.17702293395996,72.35877227783203,109.08837127685547,61.62306594848633,34.90987014770508,60.09318161010742,106.32720184326172,137.06788635253906
2020-07-23,61.390933990478516,56.81979751586914,37.10947799682617,24.196914672851562,72.13961791992188,106.25464630126953,61.84176254272461,34.7309455871582,60.16258239746094,105.84910583496094,135.01226806640625
2020-07-24,61.18191909790039,56.72998809814453,36.90287399291992,24.137243270874023,71.5618667602539,104.96749877929688,61.762237548828125,34.5917854309082,59.7659912109375,104.6837387084961,135.2517547607422
2020-07-27,62.0677490234375,57.11916732788086,36.942230224609375,23.938335418701172,71.86070251464844,106.62383270263672,62.07040023803711,34.999332427978516,59.04221725463867,105.47061157226562,136.08998107910156
2020-07-28,60.70417022705078,56.53041076660156,36.31258773803711,23.878664016723633,71.36264038085938,105.37659454345703,62.29903793334961,35.705081939697266,59.93454360961914,105.35108184814453,134.7428436279297
2020-07-29,61.20182800292969,57.049312591552734,37.070125579833984,24.326202392578125,72.44842529296875,106.90321350097656,62.38850402832031,36.38101577758789,60.212154388427734,106.4566879272461,136.10992431640625
2020-07-30,60.01740264892578,57.20897674560547,35.61408233642578,23.88861083984375,71.72124481201172,107.50188446044922,62.38850402832031,36.08280944824219,60.212154388427734,105.71961975097656,136.00015258789062
2020-07-31,60.07712173461914,58.007286071777344,35.44683074951172,23.898555755615234,71.4522933959961,110.18594360351562,62.328861236572266,36.04304885864258,60.31130599975586,105.1120376586914,136.70864868164062
2020-08-03,59.73871612548828,58.05718231201172,35.57472610473633,23.968172073364258,71.75112915039062,112.89993286132812,62.15986633300781,35.466522216796875,59.65692901611328,106.19772338867188,136.41928100585938
2020-08-04,60.5847282409668,58.42639923095703,36.44048309326172,23.86871910095215,71.93043518066406,113.18929290771484,62.93525314331055,35.99334716796875,60.31130599975586,105.72958374023438,137.5169219970703
2020-08-05,61.470558166503906,58.33658981323242,36.82417297363281,24.196914672851562,73.30509185791016,113.60836029052734,62.8060188293457,35.7249641418457,59.5379524230957,106.21764373779297,139.193359375
2020-08-06,61.21177673339844,59.87334060668945,36.529029846191406,24.186967849731445,73.5840072631836,115.20482635498047,62.796077728271484,35.7945442199707,59.884971618652344,105.64989471435547,139.8719024658203
2020-08-07,61.42079162597656,59.80348587036133,36.578216552734375,24.704124450683594,74.83912658691406,113.4886245727539,63.134063720703125,36.281612396240234,60.96567916870117,105.98855590820312,140.0814666748047
2020-08-10,62.017982482910156,59.60390853881836,37.7096061706543,24.883140563964844,76.68196868896484,113.1693344116211,63.46211242675781,36.22197341918945,60.94584655761719,105.6299819946289,141.7578887939453
2020-08-11,61.90849685668945,58.71578598022461,37.58171081542969,25.171552658081055,77.09037780761719,111.13383483886719,63.02471923828125,35.526161193847656,59.6271858215332,104.96263122558594,141.47848510742188
2020-08-12,62.276763916015625,59.414310455322266,37.95555877685547,25.10193634033203,77.33940887451172,113.65825653076172,63.839866638183594,35.97346878051758,60.489768981933594,106.72562408447266,143.3544921875
2020-08-13,62.26681137084961,59.71367645263672,37.21769714355469,24.942811965942383,76.93099975585938,113.70813751220703,63.790157318115234,35.55598068237305,60.390621185302734,106.58617401123047,143.29461669921875
2020-08-14,62.336483001708984,59.70370101928711,37.571868896484375,25.042264938354492,77.2298355102539,113.62831115722656,63.78022384643555,35.645442962646484,59.865142822265625,106.37700653076172,143.28463745117188
2020-08-17,62.615169525146484,59.77355194091797,37.355430603027344,24.624561309814453,76.87123107910156,114.38663482666016,64.1380844116211,35.96352767944336,59.785823822021484,107.00450897216797,145.13070678710938
2020-08-18,62.35639190673828,60.312408447265625,36.883201599121094,24.465436935424805,76.4528579711914,114.81568908691406,64.39654541015625,35.92376708984375,59.518123626708984,106.9746322631836,146.02877807617188
2020-08-19,62.1772346496582,60.14276885986328,36.46016311645508,24.45549201965332,76.25363159179688,114.67599487304688,63.889564514160156,35.18819808959961,59.339656829833984,106.62602233886719,145.3402557373047
2020-08-20,61.9582633972168,60.89118576049805,35.6731071472168,24.22675132751465,75.84522247314453,116.2026138305664,63.760337829589844,35.565921783447266,58.814178466796875,106.28736114501953,145.12071228027344
2020-08-21,61.59994888305664,60.62175750732422,35.44683074951172,24.17702293395996,76.15401458740234,117.6793441772461,63.91939163208008,35.68520736694336,58.913326263427734,106.39692687988281,145.86912536621094
2020-08-24,62.68484115600586,61.36019515991211,36.420806884765625,24.75385093688965,77.52867889404297,118.69709014892578,64.46613311767578,35.73490524291992,59.428890228271484,105.90886688232422,148.0843963623047
2020-08-25,62.436012268066406,61.938968658447266,35.90922546386719,24.823467254638672,77.42906951904297,119.29576110839844,64.32696533203125,35.8442497253418,58.86375045776367,106.62602233886719,148.5733642578125
2020-08-26,63.092918395996094,64.05449676513672,35.15168762207031,24.704124450683594,77.46890258789062,121.72039031982422,64.406494140625,35.59574508666992,58.209381103515625,106.49652862548828,150.0402374267578
2020-08-27,62.9237174987793,63.27614212036133,35.22055435180664,25.121826171875,77.7478256225586,121.8201675415039,64.80412292480469,36.072872161865234,58.397762298583984,107.33320617675781,149.23196411132812
2020-08-28,63.670204162597656,63.42582321166992,35.85019302368164,25.221281051635742,78.4849624633789,122.88780975341797,65.38068389892578,36.3511962890625,58.56631088256836,107.57225036621094,150.20986938476562
2020-08-31,62.69479751586914,63.12645721435547,35.07298278808594,24.92292022705078,77.50875091552734,123.27694702148438,65.19181823730469,36.033111572265625,58.74477767944336,107.83123016357422,149.77081298828125
2020-09-01,64.45650482177734,63.64535903930664,34.83686447143555,24.992536544799805,78.29569244384766,125.63172912597656,65.26139831542969,35.97346878051758,58.07057571411133,106.86506652832031,151.3374786376953
2020-09-02,65.91961669921875,65.00248718261719,34.669620513916016,25.350568771362305,79.59066009521484,126.74925231933594,66.44435119628906,36.778621673583984,59.87505340576172,109.00655364990234,153.43299865722656
2020-09-03,64.09819030761719,62.79715347290039,34.41382598876953,24.96270179748535,77.35933685302734,119.52525329589844,65.30116271972656,36.16233444213867,59.20085144042969,106.0383529663086,148.56338500976562
2020-09-04,64.13800048828125,61.64958190917969,34.305606842041016,25.151662826538086,77.53863525390625,117.85894775390625,65.15205383300781,36.033111572265625,58.86375045776367,105.28135681152344,146.8470458984375
2020-09-08,62.93367004394531,60.02302551269531,33.05615997314453,24.505218505859375,76.08428955078125,112.53074645996094,63.78022384643555,35.575862884521484,58.53656768798828,103.54825592041016,144.921142578125
2020-09-09,64.5560302734375,60.74150085449219,33.282440185546875,24.75385093688965,77.25971984863281,116.2026138305664,64.7047119140625,35.96352767944336,59.30991744995117,105.38097381591797,147.6553192138672
2020-09-10,63.948890686035156,59.84340286254883,32.0625114440918,24.405765533447266,76.27355194091797,113.57843017578125,63.90945053100586,35.45657730102539,58.288700103759766,103.76738739013672,145.5398406982422
2020-09-11,64.76504516601562,59.65380096435547,32.09202194213867,24.5748348236084,77.30953216552734,112.7103500366211,64.26731872558594,35.33729553222656,58.42750549316406,104.1757583618164,145.75936889648438
2020-09-14,65.70064544677734,59.88331604003906,32.33797836303711,24.912975311279297,78.35546875,115.07511138916016,64.68482971191406,36.202091217041016,59.23059844970703,105.66981506347656,147.30606079101562
2020-09-15,66.0191421508789,60.9510612487793,32.101863861083984,24.5748348236084,78.40526580810547,116.21259307861328,64.59536743164062,36.679222106933594,59.6271858215332,105.80926513671875,148.51348876953125
2020-09-16,66.06890869140625,60.292449951171875,33.39065933227539,24.853303909301758,79.2021713256836,114.41656494140625,64.30708312988281,36.91778564453125,59.54787063598633,105.6299819946289,147.6852569580078
2020-09-17,66.5566177368164,59.18479537963867,33.439849853515625,24.594724655151367,79.3615493774414,113.46867370605469,63.89950942993164,36.102691650390625,59.06204605102539,105.28135681152344,145.60968017578125
2020-09-18,65.41200256347656,58.61600112915039,33.066001892089844,24.545000076293945,78.4749984741211,111.51300048828125,63.3129997253418,35.38699722290039,58.020999908447266,105.12200164794922,143.58399963378906
2020-09-21,63.209999084472656,57.93000030517578,31.969999313354492,23.93000030517578,75.87000274658203,112.44000244140625,62.83000183105469,34.439998626708984,57.65999984741211,103.18000030517578,141.50999450683594
2020-09-22,63.33000183105469,59.04999923706055,31.639999389648438,23.729999542236328,76.62000274658203,114.22000122070312,63.20000076293945,34.849998474121094,58.02000045776367,102.95999908447266,144.5
2020-09-23,61.470001220703125,57.63999938964844,30.209999084472656,23.200000762939453,75.25,110.66000366210938,62.25,33.849998474121094,57.130001068115234,101.9000015258789,142.1300048828125
2020-09-24,61.90999984741211,57.75,30.200000762939453,23.25,75.36000061035156,111.27999877929688,62.709999084472656,34.0099983215332,57.77000045776367,101.38999938964844,142.07000732421875
2020-09-25,62.459999084472656,58.52000045776367,30.18000030517578,23.489999771118164,76.48999786376953,113.94000244140625,63.040000915527344,34.66999816894531,58.720001220703125,103.0199966430664,143.9199981689453
2020-09-28,63.470001220703125,59.29999923706055,30.889999389648438,24.049999237060547,77.87000274658203,116.12000274658203,63.75,35.27000045776367,58.869998931884766,103.94999694824219,146.92999267578125
2020-09-29,63.0,59.36000061035156,30.040000915527344,23.75,77.18000030517578,115.7300033569336,63.33000183105469,35.09000015258789,58.849998474121094,103.81999969482422,145.7899932861328
2020-09-30,63.63999938964844,59.400001525878906,29.950000762939453,24.06999969482422,76.9800033569336,116.69999694824219,64.0999984741211,35.27000045776367,59.380001068115234,105.4800033569336,146.97999572753906
2020-10-01,62.7400016784668,60.25,29.030000686645508,24.110000610351562,76.75,117.93000030517578,64.45999908447266,35.849998474121094,59.97999954223633,105.12000274658203,148.89999389648438
2020-10-02,63.29999923706055,59.060001373291016,29.309999465942383,24.299999237060547,77.61000061035156,114.94000244140625,64.0999984741211,36.43000030517578,60.689998626708984,104.16000366210938,148.27000427246094
2020-10-05,64.51000213623047,60.029998779296875,30.190000534057617,24.700000762939453,78.86000061035156,117.45999908447266,64.52999877929688,36.630001068115234,61.45000076293945,106.30000305175781,150.22999572753906
2020-10-06,63.70000076293945,58.77000045776367,29.739999771118164,24.450000762939453,77.9000015258789,115.63999938964844,64.11000061035156,36.31999969482422,61.970001220703125,104.88999938964844,147.4499969482422
2020-10-07,65.33999633789062,59.20000076293945,30.15999984741211,24.860000610351562,79.62000274658203,117.76000213623047,64.80000305175781,36.41999816894531,62.349998474121094,106.87000274658203,150.82000732421875
2020-10-08,66.0,59.970001220703125,31.290000915527344,25.200000762939453,80.41000366210938,118.37000274658203,65.2300033569336,37.029998779296875,63.4900016784668,107.38999938964844,151.80999755859375
2020-10-09,66.51000213623047,60.33000183105469,30.790000915527344,25.229999542236328,80.70999908447266,120.18000030517578,65.73999786376953,36.93000030517578,63.47999954223633,108.36000061035156,153.38999938964844
2020-10-12,66.4000015258789,61.91999816894531,30.8700008392334,25.510000228881836,81.16999816894531,123.45999908447266,66.5,37.119998931884766,63.880001068115234,109.0999984741211,155.42999267578125
2020-10-13,65.80999755859375,61.97999954223633,30.389999389648438,25.020000457763672,80.2699966430664,122.66999816894531,66.44999694824219,36.4900016784668,63.439998626708984,108.2699966430664,155.39999389648438
2020-10-14,66.0,61.2400016784668,30.520000457763672,24.780000686645508,80.72000122070312,122.0199966430664,66.11000061035156,36.06999969482422,63.36000061035156,107.63999938964844,153.67999267578125
2020-10-15,65.80999755859375,60.77000045776367,30.889999389648438,24.969999313354492,81.01000213623047,121.47000122070312,66.1500015258789,36.2400016784668,63.31999969482422,106.86000061035156,154.25
2020-10-16,66.2699966430664,60.779998779296875,30.190000534057617,24.989999771118164,81.5999984741211,121.12000274658203,66.16999816894531,36.11000061035156,64.0,107.91999816894531,152.85000610351562
2020-10-19,65.5,59.689998626708984,29.549999237060547,24.610000610351562,80.58999633789062,118.9000015258789,65.30999755859375,35.540000915527344,63.459999084472656,106.20999908447266,150.97000122070312
2020-10-20,65.6500015258789,60.119998931884766,29.899999618530273,24.809999465942383,81.01000213623047,119.30999755859375,65.23999786376953,35.779998779296875,63.84000015258789,106.3499984741211,152.17999267578125
2020-10-21,65.4000015258789,61.130001068115234,29.329999923706055,24.68000030517578,80.19000244140625,119.12999725341797,65.30000305175781,35.650001525878906,63.66999816894531,105.81999969482422,151.35000610351562
2020-10-22,65.76000213623047,61.529998779296875,30.540000915527344,25.170000076293945,80.8499984741211,118.56999969482422,65.2699966430664,35.400001525878906,64.56999969482422,107.41999816894531,151.66000366210938
2020-10-23,66.0,62.11000061035156,30.389999389648438,25.25,81.16999816894531,118.44000244140625,65.38999938964844,35.630001068115234,64.75,107.81999969482422,152.99000549316406
2020-10-26,64.3499984741211,60.75,29.299999237060547,24.68000030517578,79.13999938964844,115.87000274658203,64.55000305175781,35.20000076293945,64.7300033569336,106.62000274658203,150.0500030517578
2020-10-27,63.7400016784668,61.13999938964844,28.920000076293945,24.229999542236328,77.41000366210938,116.44999694824219,64.37999725341797,34.75,64.68000030517578,105.88999938964844,149.97999572753906
2020-10-28,61.939998626708984,58.7400016784668,27.709999084472656,23.610000610351562,74.87000274658203,111.51000213623047,62.5,33.97999954223633,62.79999923706055,102.52999877929688,145.24000549316406
2020-10-29,63.220001220703125,60.220001220703125,28.559999465942383,23.790000915527344,75.95999908447266,113.37000274658203,62.47999954223633,34.369998931884766,62.970001220703125,101.69000244140625,146.16000366210938
2020-10-30,63.18000030517578,59.20000076293945,28.719999313354492,23.860000610351562,75.87000274658203,110.86000061035156,62.2599983215332,34.150001525878906,62.380001068115234,101.66000366210938,142.97000122070312
2020-11-02,65.27999877929688,59.16999816894531,29.700000762939453,24.309999465942383,77.91999816894531,111.13999938964844,63.25,34.9900016784668,63.75,103.48999786376953,143.99000549316406
2020-11-03,66.30000305175781,60.04999923706055,29.530000686645508,24.850000381469727,80.22000122070312,113.0999984741211,64.29000091552734,35.540000915527344,64.66999816894531,105.0,147.16000366210938
2020-11-04,65.16999816894531,62.63999938964844,29.56999969482422,24.559999465942383,79.38999938964844,117.5,64.31999969482422,35.63999938964844,63.70000076293945,109.66000366210938,150.2899932861328
2020-11-05,67.83000183105469,63.849998474121094,29.56999969482422,25.15999984741211,81.26000213623047,121.1500015258789,64.79000091552734,35.77000045776367,64.2699966430664,109.87999725341797,153.22000122070312
2020-11-06,68.0,63.70000076293945,28.93000030517578,24.959999084472656,81.33999633789062,121.58000183105469,65.08999633789062,35.630001068115234,64.12999725341797,109.91999816894531,152.75999450683594
2020-11-09,69.52999877929688,63.15999984741211,33.060001373291016,27.010000228881836,84.11000061035156,120.69999694824219,64.94000244140625,36.56999969482422,65.31999969482422,110.94999694824219,152.25999450683594
2020-11-10,70.3499984741211,62.959999084472656,34.130001068115234,27.149999618530273,85.58999633789062,118.44999694824219,66.22000122070312,36.77000045776367,66.26000213623047,111.2699966430664,151.72000122070312
2020-11-11,69.30000305175781,63.529998779296875,33.779998779296875,27.040000915527344,84.87000274658203,121.26000213623047,66.79000091552734,37.04999923706055,66.51000213623047,111.12999725341797,153.0500030517578
2020-11-12,67.83999633789062,63.16999816894531,32.689998626708984,26.59000015258789,83.9000015258789,120.18000030517578,66.61000061035156,36.66999816894531,65.44000244140625,110.72000122070312,151.0
2020-11-13,69.01000213623047,64.11000061035156,33.880001068115234,27.030000686645508,85.76000213623047,121.19999694824219,67.52999877929688,37.5099983215332,66.08999633789062,112.12000274658203,153.4499969482422
