Symbol,S&P 500 Log Return,Predicted S&P 500 Log Return,Actual - Predicted,Return Beta,Constant,R2,Return p value
A,0.2552641793691599,0.04104536556778415,0.2142188138013757,1.1660838518188616,-0.00013588230640889425,0.44,3.925870546908692e-09
AAL,-0.8392120527646973,-0.5740780318035319,-0.265134020961166,2.7780793171470606,-0.00389747375319024,0.5,8.870762734322274e-11
AAP,0.09445343893170666,-0.5939976436539592,0.6884510825856662,0.7972571566761528,-0.003401736144822361,0.07,0.031210018897568564
AAPL,0.38803038984367344,0.23768781329133812,0.15034257655233518,1.8749202211528697,0.0006947725789349432,0.64,2.5791268413094767e-15
ABBV,0.05074078869075116,-0.0030233496642407213,0.05376413835499197,0.9800163128443098,-0.000313770636011226,0.17,0.0006899599673568565
ABC,0.12799739846485192,-0.012456261522291904,0.1404536599871439,1.4393310328052953,-0.0005034667792579085,0.33,7.861189499111189e-07
ABMD,0.4828011404889434,-0.8790239949785812,1.3618251354675255,0.155529600203841,-0.004722903097499194,0.0,0.8599810207230254
ABT,0.23116854056306746,-0.034696217109067694,0.26586475767213524,0.8522489123427607,-0.00044343280951783396,0.32,1.653082918141939e-06
ACN,0.11312025649552471,0.11270775752023923,0.0004124989752854122,0.8773302281051059,0.0003330122044553933,0.4,2.600288400169048e-08
ADBE,0.20256165530178905,0.5482007997407892,-0.345639144439,1.112976755976095,0.00257788475165123,0.43,4.887974842183895e-09
ADI,0.09524417291355111,-0.10457600972518995,0.199820182638741,1.9738580946966549,-0.0011558329622556743,0.48,3.651578900890918e-10
ADM,0.1257114793818186,-0.09570419624167653,0.22141567562349526,0.9173830052785431,-0.000787728417957194,0.25,3.277369276367471e-05
ADP,-0.05453626833659264,-0.015897329214852946,-0.03863893912173966,0.9995378017205385,-0.0003881790828382608,0.37,1.338189903535664e-07
ADSK,0.17473291985429729,0.5970780647865147,-0.42234514493221725,1.0320745407787433,0.002862444997648573,0.25,3.589996811257095e-05
AEE,-0.04476931543226392,0.3234868067849435,-0.3682561222172073,0.09093333001809839,0.001693052666954699,0.01,0.4998575041311606
AEP,-0.1412074004734194,0.44702384812322177,-0.5882312485966417,-0.08210290295101272,0.0024027259397869823,0.01,0.580068128335223
AES,-0.0019147448416401078,0.2407468274874994,-0.24266157232913954,0.7109287289218112,0.001064617076533415,0.21,0.00014085746141949653
AFL,-0.21637694578021005,-0.3572143489129333,0.1408374031327235,1.0529995032394044,-0.002219934629710823,0.4,2.09090261228139e-08
AIG,-0.2806234619675889,-0.47911892523816935,0.19849546327058054,1.1669228518414194,-0.002902968494473908,0.21,0.00016053468370531303
AIV,-0.5570853599724201,-0.03923905273509268,-0.5178463072373277,0.22486157977885415,-0.00027702214325420096,0.02,0.23863497549255824
AIZ,-0.052311415285021035,0.05194217411240272,-0.10425358939742352,0.7286802554732519,5.494481556491127e-05,0.17,0.0006979211120415711
AJG,0.0617595702029341,0.433311422694079,-0.37155185249114503,0.3673249939157567,0.0021932696401333477,0.08,0.02475310665142464
AKAM,-0.010093660077643528,0.3128949152769729,-0.32298857535461634,0.823937676338717,0.0014140559914460505,0.19,0.00032676537052789365
ALB,0.3154985038241733,0.5899681223475608,-0.274469618523387,1.6455667472215065,0.0026382722419823743,0.2,0.00023097923254511316
ALGN,0.500693324419526,-0.16815626048947957,0.6688495849090054,1.682154383320988,-0.0014054180942016607,0.28,7.926652842453277e-06
ALK,-0.37792096925234464,-0.4395254277599677,0.061604458507623465,1.1246731704676398,-0.0026795310543067208,0.31,2.202121617261852e-06
ALL,-0.250659361565023,0.18119633840608976,-0.43185569997111295,0.8186073972924274,0.0007151507677832261,0.31,2.345206470423838e-06
ALLE,-0.1402195315028827,0.1587818918123649,-0.29900142331524765,0.6884033876124791,0.0006354756561960837,0.13,0.003840284132886142
ALXN,0.21338778192009578,-0.4179034317286045,0.6312912136487002,1.4583238369865488,-0.002665869902680622,0.18,0.0005390279362925954
AMAT,0.07705984568417179,-0.2062513105036178,0.2833111561877892,2.4259640974284475,-0.0018339903960893293,0.48,2.9157670390431366e-10
AMCR,0.14682667021339224,-0.12068547838656163,0.2675121485999541,0.8994518038390501,-0.0009151608105744589,0.15,0.0017173831833887008
AMD,0.3239026426629436,0.8372244913617456,-0.5133218486988019,2.2862700393890165,0.0037588461631577765,0.32,1.2138925809559615e-06
AME,0.15761021550309096,-0.11589270044449851,0.2735029159475894,0.9429200604549128,-0.0009028711945220493,0.45,1.68245229927994e-09
AMGN,0.06258556526786219,-0.21753741005545724,0.28012297532331926,1.3161781195676465,-0.001556915119681618,0.38,6.519969139374077e-08
AMP,0.032097785312481086,0.019721544110783397,0.012376241201697915,1.6741903426253593,-0.00040364891895799487,0.71,4.637288980127633e-18
AMT,-0.020400185222871278,0.36243906884681376,-0.3828392540696852,0.46900409085420564,0.0017854030715852365,0.05,0.08760648859136994
AMZN,0.36582422789225966,0.6015645605406635,-0.23574033264840363,0.31399177328661465,0.0031044335967114413,0.02,0.2933209629700878
ANET,0.19642766728535221,0.28617415459302004,-0.08974648730766771,0.9519770431684205,0.0012330311477331663,0.15,0.001959240967548973
ANSS,0.10282125643783055,0.46921251610533565,-0.36639125966750535,1.1725311815911847,0.0021396441010258344,0.41,1.6966991183628057e-08
ANTM,0.09079729465848184,-0.20201507573048297,0.2928123703889649,1.4131910860179329,-0.0015038180943992264,0.21,0.00016045630740374301
AON,-0.14959826649924324,0.41630750725901033,-0.5659057737582536,0.6155524488712791,0.002027421903821565,0.25,2.4369587709292155e-05
AOS,0.22214534988042178,-0.7135430476876464,0.9356883975680685,1.567206937928105,-0.004271495296999262,0.37,1.3627105750901888e-07
APA,-1.0147671466896138,0.19596244861364953,-1.2107295953032626,1.7400488568160484,0.0005137975699659274,0.05,0.0757079563595341
APD,0.03098243831703762,-0.023062101059085377,0.05404453937612307,1.0824773577987357,-0.000451483226070731,0.32,1.1245016470658792e-06
APH,0.17963473838732114,-0.2163876959077877,0.39602243429510886,1.2926375823719314,-0.0015436489637252106,0.53,1.8339257764717745e-11
APTV,0.19199428786602457,-0.38344300862943526,0.5754372964954596,1.7739835517419513,-0.0025784543279351313,0.35,3.0925140299208014e-07
ARE,-0.028902403688465302,0.11412379364727059,-0.14302619733573604,0.4056671548712266,0.00048381631782033285,0.06,0.05789310897250798
ATO,-0.1576125811872604,0.24583983702421647,-0.40345241821147654,0.09487822009387364,0.0012788385736303954,0.01,0.5465439845523865
ATVI,0.18627520024148936,0.3851215396695056,-0.19884633942801624,0.9113918679197979,0.0017716751468973228,0.16,0.0010158914520101126
AVB,-0.2877411586425236,0.10354511461524608,-0.3912862732577699,0.26370128974309603,0.00047067018868146706,0.03,0.15177382520886915
AVGO,0.1681572774184854,-0.28833307122981633,0.4564903486483017,1.6854199404980328,-0.0020456483922980328,0.38,8.407938184716507e-08
AVY,0.08953066487307915,-0.11782733565743533,0.20735800053051429,1.1885902869190481,-0.0009877864032445227,0.3,4.1398234664059955e-06
AWK,0.1510146590366181,0.477581419865512,-0.3265667608288936,-0.007090798605845518,0.0025424805968521243,0.0,0.9688461847546938
AXP,-0.17462464337231956,0.15445007416790324,-0.32907471754022255,1.1810774068591505,0.0004627797981433668,0.43,6.969794604013451e-09
AZO,0.08013861107733611,-0.40769402718918774,0.4878326382665239,0.681819472053162,-0.0023756942006850934,0.09,0.01444297305306762
BA,-0.5922363572350777,-0.4388763667297802,-0.15335999050529692,0.846487483288644,-0.002591577135209665,0.1,0.011543189903704894
BAC,-0.2514790589463196,-0.09632143530673527,-0.1551576236395843,1.3616934045866989,-0.0009259749839366065,0.57,1.12738708770949e-12
BAX,-0.12321859475566477,0.258066674709391,-0.3812852694650559,0.766617789959236,0.0011398278578239776,0.19,0.00033534579224286725
BBY,0.22862662225710295,0.23602328577457773,-0.007396663517474877,1.3764561097433954,0.0008373317778702195,0.23,8.427601177350034e-05
BDX,-0.05317163876088582,-0.04242017085605668,-0.010751467904829146,0.7195764535744404,-0.00044421718754257577,0.05,0.0757436123449654
BEN,-0.21265482344713238,-0.5535517598024832,0.34089693635535073,1.5429368289642116,-0.0034131055389276504,0.23,6.501341175585829e-05
BF-B,0.10860503304293267,0.1688956536790652,-0.06029062063613238,0.6654922475391554,0.0006962317318632161,0.1,0.012170210435218248
BIIB,-0.31619485923787133,0.2890601008043434,-0.6052549600422146,1.4745179694346482,0.0010896553022937913,0.13,0.0037819419879897434
BIO,0.3871156194022989,0.21369183433455824,0.17342378506774064,1.078817167873541,0.0008089580339420528,0.17,0.0007031764605237951
BK,-0.17080277119779552,-0.3089265807810185,0.1381238095832229,0.7577617153031885,-0.0018734035996210497,0.09,0.016801951755564593
BKNG,0.04197212473111911,-0.058680328722464425,0.10065245345358352,1.3165258850799773,-0.0007120362814862141,0.4,2.764412903538317e-08
BKR,-0.15231023860744175,-0.489587679979404,0.3372774413719622,1.2396584329059548,-0.0029807474633469894,0.17,0.0007064000872423884
BLK,0.1576730247110989,0.2298687645249126,-0.07219573981381375,1.2124116100918063,0.0008544249916511879,0.55,3.532621846624003e-12
BLL,0.20625058248580075,0.48103037346432537,-0.27477979097852473,-0.013371033996866837,0.002562733774109667,0.0,0.9656440002594864
BMY,-0.03232323744491694,0.16894456407926542,-0.2012678015241823,0.928029633957204,0.0006167437423604637,0.2,0.000199436142806678
BR,0.17711328609535484,-0.17752519857276663,0.3546384846681216,1.3563338041862543,-0.0013562818668994624,0.31,1.9981545522094396e-06
BRK-B,-0.007970993500885362,-0.05479337588854905,0.04682238238766375,0.9697930489536412,-0.000586037705282461,0.65,1.7294623185321498e-15
BSX,-0.1246054411489177,-0.18156070759864934,0.05695526644973167,1.2382288232236078,-0.001341871863776949,0.3,2.9470708753817646e-06
BWA,0.07926850369761373,-0.8936111022302555,0.9728796059278693,0.8194023999628287,-0.005002151576054924,0.08,0.028233236263240483
BXP,-0.45839418876780513,0.11732542415996425,-0.5757196129277691,0.20242710210103654,0.0005625823068608506,0.02,0.24009000825829532
C,-0.47249235184189686,-0.15533581116702147,-0.317156540674875,1.5972138231067876,-0.0013114227366759106,0.66,5.176006618715254e-16
CAG,0.18984352297045115,-0.0488091208788443,0.23865264384929524,0.8012950300598249,-0.0005030237351524877,0.03,0.1489923507898822
CAH,-0.032885275155758904,-0.062100282221667365,0.02921500706590855,1.1926881002246352,-0.0006926106548111576,0.14,0.002784863077647703
CAT,0.22684853644171632,-0.4951472199880199,0.7219957564297363,1.6941895628572163,-0.003148387505280557,0.59,2.5286555528494823e-13
CB,-0.09545642248901931,0.05811512419953405,-0.1535715466885533,0.9983476025129331,5.8657139848438756e-06,0.25,3.331433157086366e-05
CBOE,-0.31780009510824314,-0.002825355054138209,-0.31497474005410475,0.14168062278111995,-5.806527951865534e-05,0.0,0.5981455769813837
CBRE,-0.0919561816778316,0.17335407493085708,-0.26531025660868884,0.9299641809450356,0.0006396109508354427,0.32,1.5675048622510621e-06
CCI,0.014448189937714224,0.5757726684661714,-0.5613244785284573,0.21939041780941324,0.0029959787151873515,0.01,0.43123705321908967
CCL,-0.9958624583241273,-0.4707863648078114,-0.5250760935163158,1.9738454252905513,-0.0031037565344590266,0.35,3.464961369111183e-07
CDNS,0.3697606976848231,0.19225420075669858,0.1775064969281245,1.6942457317192925,0.0005079859687859823,0.5,8.1845466456318e-11
CDW,0.007001643735743647,-0.2351041890197969,0.24210583275554057,1.2683813354697284,-0.0016358367195590704,0.34,5.988151141814706e-07
CE,0.1707849314794636,-0.7614261505551329,0.9322110820345963,1.6561817562058478,-0.004553219573903129,0.52,2.985169839882477e-11
CERN,-0.01708099656594797,0.17682321724861244,-0.19390421381456033,0.8958064845652699,0.0006684395506468938,0.18,0.0005128749044557968
CF,-0.24282561316265294,-0.7728521272953189,0.5300265141326651,1.6799852562542765,-0.004621226578486838,0.26,1.857688719067827e-05
CFG,-0.18886176268632626,-0.2288307193661891,0.03996895667986286,1.3719403479974766,-0.0016339242047919357,0.42,8.589766032206573e-09
CHD,0.14243200260873135,0.38653971345475924,-0.2441077108460281,-0.1877534002419661,0.002113094131653226,0.02,0.29025742789560427
CHRW,0.22444914415552475,-0.11914237756790376,0.34359152172342833,0.3706013888643743,-0.0007463096389809672,0.03,0.2117161327954929
CHTR,0.17652552774003105,0.4346277308106755,-0.25810220307064424,-0.22547373333429438,0.0023803393568990073,0.01,0.34780104993654715
CI,-0.00793421060039367,0.057005719883186964,-0.06493993048358068,1.6441214636348664,-0.0001961951358925871,0.35,3.1282966162558404e-07
CINF,-0.3609056224519058,0.020286807592801027,-0.38119243004470676,0.7511399029524409,-0.00012025711853775239,0.18,0.0005082383604363512
CL,0.12221528473974086,0.4162906521895554,-0.2940753674498147,-0.16115546027540997,0.002263264436328632,0.01,0.5008404654519127
CLX,0.22957759842090386,0.329375583896081,-0.09979798547517697,0.2524730588489928,0.0016753067677478617,0.02,0.22200640611276845
CMA,-0.22108123272138336,-0.5908144293352051,0.3697331966138215,1.4817187672030334,-0.0035927156773606786,0.43,4.925236873662627e-09
CMCSA,0.06383126173814754,-0.10546522196922056,0.16929648370736827,1.0626142735144917,-0.0008837641040468374,0.22,9.136396073383594e-05
CME,-0.22338450375135566,0.09045141293117451,-0.31383591668253,-0.228191742104135,0.0005504398820138458,0.02,0.2959579733754132
CMG,0.2927370732441199,0.5427545039084465,-0.25001743066432647,0.4979099423247447,0.0027357473073287703,0.07,0.035072195822485434
CMI,0.3431484921493313,-0.547717578807406,0.8908660709567372,1.464116749441231,-0.00335813033557211,0.5,8.706317777392828e-11
CMS,-0.051078172037196445,0.3813979601592695,-0.4324761321964662,-0.16780008296661605,0.0020796833760285066,0.02,0.2560351080323979
CNC,0.02463106831045886,0.2279561032033094,-0.20332503489285056,1.294138406242376,0.000819425993525102,0.16,0.0012725044055306072
CNP,-0.08608312277927332,0.02800818370511877,-0.1140913064843921,0.4349922003519631,1.6846809924521867e-05,0.05,0.08848441883191831
COF,-0.18328229328643353,-0.05549386082738489,-0.12778843245904836,1.3697143190280265,-0.0007112434612770644,0.43,5.247671217822299e-09
COG,0.12176372942894487,-0.7109859654495357,0.8327496948784795,1.3704066102387007,-0.0041981138820827634,0.14,0.002778654639183101
COO,-0.043594160046378505,0.37141005948626604,-0.4150042195326447,0.6660637948160089,0.0017732624053178384,0.19,0.0003666509637464372
COP,-0.5163532587911299,-0.10547027749342903,-0.41088298129770096,0.8395219455975929,-0.0008160246440531584,0.1,0.009610651527190596
COST,0.15939973589218948,0.09487089467667788,0.06452884121551164,0.47963356193005335,0.0003589393027729185,0.13,0.004248508813915558
CPB,0.028873891141788302,0.024963528939109376,0.003910362202678853,0.03777222756168521,0.00012131106609155969,0.0,0.8541847528554104
CPRT,0.1190368932417023,0.4502178217459382,-0.33118092850423597,0.7045033626421819,0.0021807762570384605,0.18,0.00044258986140601565
CRM,0.25748261102779235,0.35006912465964846,-0.09258651363185626,0.7937222239320944,0.0016209693699327935,0.16,0.001294851942864062
CSCO,-0.11164505713301275,-0.20942724820439945,0.09778219107138666,1.5412524064600064,-0.001582144350287874,0.46,9.007009882282673e-10
CSX,0.12230483899179223,0.1251778167393666,-0.002872977747574279,1.1340830986628114,0.0003213512554933562,0.41,1.3269299532000858e-08
CTAS,0.15704809972073264,0.353175603171671,-0.19612750345093843,0.8611112987543835,0.0016170231391324538,0.3,3.6473107574161475e-06
CTLT,0.5451194946413925,0.46518268385401534,0.07993681078737706,0.4609745926402612,0.002334350696147836,0.05,0.08892724451772506
CTSH,0.11390412634570167,0.046850693063486715,0.06705343328221487,1.078962374838213,-7.853895311343395e-05,0.18,0.00046696081604331754
CTVA,0.13317435153701496,0.33428609938409715,-0.20111174784708213,1.6093480573347492,0.0012892632424570398,0.27,1.382166650319346e-05
CTXS,-0.033182519898451446,0.15486511207744946,-0.1880476319759009,0.48611003194438895,0.0006760901929693502,0.06,0.053346503512878486
CVS,-0.010925991671972387,-0.31924847373972026,0.3083224820677476,1.160370527329574,-0.002050603423490783,0.3,3.5133578816742836e-06
CVX,-0.2879831185323294,-0.4612011161408691,0.1732179976085394,1.1014652668781533,-0.002787777654451939,0.37,1.027812748657387e-07
CXO,-0.4760619073882437,0.011250155420857104,-0.48731206280910094,1.850111353581974,-0.0005021471258217808,0.24,5.509158304551917e-05
D,-0.033689544685358896,0.15913285653953982,-0.1928224012248985,0.22581518791378397,0.0007778579196686263,0.03,0.1469268663477468
DAL,-0.4729819069732506,-0.20947033531809434,-0.2635115716551568,1.5816897151661555,-0.001594656742335271,0.46,8.339856908405788e-10
DD,0.14146712840328357,-0.9858730683199359,1.127340196723219,1.5318017091943856,-0.005709304571937853,0.25,2.8118516200921323e-05
DE,0.4230742830462795,-0.4459117245880053,0.8689860076342851,1.488404581037865,-0.002823987487138889,0.4,3.0441598751672456e-08
DFS,0.013800614173246298,-0.6637547955831478,0.6775554097563934,1.7637238118070364,-0.004066357980725966,0.33,7.741325996312859e-07
DG,0.2669235090503399,-0.01832248890288568,0.28524599795322564,0.458266605486744,-0.00023666275309460112,0.08,0.027018021573479545
DGX,0.06845219114061063,0.2032146011938139,-0.13476241005320325,0.2720529327950952,0.0009982901436216213,0.06,0.060084975061943324
DHI,0.16895415938999658,0.4170909332194565,-0.2481367738294601,0.0918167779869406,0.0021906786010357825,0.0,0.743548219448946
DHR,0.3589053338048078,0.21951699231853203,0.1393883414862758,1.0064709586152054,0.0008619187447883686,0.31,1.958513339027719e-06
DIS,-0.021026322807903064,-0.24919725886403526,0.22817093605613226,0.9578326117876244,-0.0016164678195578505,0.26,2.0999741632060746e-05
DISCA,-0.27637263569675374,-0.06944791042677692,-0.20692472526997663,0.7754205703724119,-0.0006049449249782293,0.12,0.006250773157132039
DISCK,-0.3285806609708759,-0.012384434166911205,-0.31619622680396486,0.7122559581437693,-0.0002822289627176958,0.12,0.006330798386089931
DISH,-0.2683945022182983,0.3135351192120538,-0.5819296214303515,0.5186369767861045,0.0015101992332909858,0.04,0.09825332362700712
DLR,0.088413792218069,0.24290793328040872,-0.15449414106233977,0.4230469400722746,0.0011635590671830735,0.04,0.11372414446456168
DLTR,0.031670552850965976,-0.5828068620868905,0.6144774149378563,0.43165502435774794,-0.0032311556931263214,0.01,0.4115919900689462
DOV,0.04200507971339372,-0.057765708606806195,0.09977078832020003,1.4065309428924966,-0.0007345111468522441,0.57,9.552790739256725e-13
DOW,0.08867455181146466,-0.7864586119627529,0.8751331637742178,1.9297223988267627,-0.004769461456075271,0.41,1.5363931280075552e-08
DPZ,0.27105178442228534,0.07701274394882358,0.19403904047346188,0.45462328777240546,0.00027154624064810545,0.04,0.09553778030504859
DRE,0.05008038836069463,0.2087276679165836,-0.15864727955588903,0.27877372041604503,0.0010255734654226894,0.04,0.1093932337019946
DRI,-0.11481474425148175,0.11645258498348587,-0.23126732923496723,0.4838366254806813,0.000472458808511599,0.05,0.08712105870607076
DTE,-0.025457508962436926,0.1817687860955393,-0.2072262950579762,0.2949973537420159,0.0008772470796909962,0.09,0.0177202691595892
DUK,-0.06560391384813613,0.37596376794622666,-0.4415676817943627,0.14983809219336788,0.0019542925745916935,0.02,0.29706398919869886
DVA,0.25706854985861405,0.4192464143887684,-0.16217786453015431,0.7610639039544402,0.001998853942741657,0.11,0.008050144399178043
DVN,-0.6568424080754167,-0.3445150021761537,-0.3123274058992625,1.9578709439674586,-0.0024272479542927043,0.24,4.368230615370799e-05
DXC,-0.37408348176500095,-1.0043090106200783,0.6302255288550773,1.8208784491019319,-0.005895177819280289,0.29,4.406441808720076e-06
DXCM,0.14264362413527376,1.0264931060877394,-0.8838494819524654,-0.12212973886448736,0.005497167747210186,0.0,0.7988092802439632
EA,0.09565795876140726,0.1683401598205313,-0.07268220105912397,0.9876570122744492,0.0005954164602788763,0.32,1.2703362279270087e-06
EBAY,0.2599222056026611,-0.12313090970056279,0.38305311530322345,1.6518995611672747,-0.0011567313663325995,0.31,2.1772506906404043e-06
ECL,-0.008979402773346301,0.13025928959509772,-0.13923869236844413,0.7797133815906571,0.0004560234345847892,0.24,4.4824031877738374e-05
ED,-0.13982053390997518,0.18891141376345325,-0.32873194767342834,0.07108068263953075,0.000983256532973589,0.0,0.6281560489518567
EFX,0.019635407386448197,0.2845418654820782,-0.2649064580956303,0.9804917681980511,0.0012156871482674086,0.25,3.204107323436529e-05
EIX,-0.1792990196289601,0.2876296889505406,-0.4669287085795009,-0.11490277079230518,0.0015648479297993203,0.0,0.656180978666157
EL,0.17983946264463047,0.08514964003480485,0.09468982260982559,1.2960188702907167,5.924593859523396e-05,0.36,2.515431344535528e-07
EMN,0.25064590869117076,-0.515141303784377,0.7657872124755479,1.3964219649424994,-0.0031642893621339117,0.26,1.7140680231673867e-05
EMR,0.05351038768494211,-0.37593491780839755,0.42944530549334003,1.6460624309693181,-0.0024996604550143963,0.59,2.1118559785966675e-13
EOG,-0.5939391198204986,-0.20152441912862915,-0.3924147006918698,1.8849623661990218,-0.001644513094021383,0.3,4.225911117477659e-06
EQIX,0.16711984855626394,0.36487158194822517,-0.19775173339196128,0.5486038040284807,0.001774162824430398,0.09,0.01813229167625222
EQR,-0.34980176705927857,-0.09990385737199019,-0.24989790968728864,0.32663777798836646,-0.0006306227326852509,0.05,0.0805445144566699
ES,-0.010768291214988679,0.44398056027030325,-0.4547488514852918,-0.0012209272799069346,0.0023619695927578734,0.0,0.9943556070755468
ESS,-0.23249127566787386,-0.04208340849414602,-0.19040786717372798,0.35657500636389816,-0.00033216086262957017,0.05,0.06775294616487969
ETN,0.09277080845143981,0.11666680473185091,-0.02389599628041115,1.4185568423617314,0.00018966839308750638,0.55,4.494698403218587e-12
ETR,-0.1980276644336536,0.39861996587974957,-0.596647630313403,-0.035904146260544174,0.002131225182838155,0.0,0.8197322080022772
ETSY,0.8539911262036415,0.4272984548692677,0.42669267133437344,1.483346257860692,0.0018222840222671833,0.27,1.2220298323597996e-05
EVRG,-0.2578689429809513,0.4383109845118899,-0.6961799274928413,-0.2327769588074274,0.0024021495539643936,0.03,0.20077496445895965
EW,0.04174117286268415,-0.3550069909053083,0.3967481637679924,1.2145476445316183,-0.0022572651007883755,0.23,8.427519368121567e-05
EXC,-0.14535211866903142,0.227573534132962,-0.3729256528019933,0.32955944198455434,0.0011103908035872397,0.06,0.048133868239554824
EXPD,0.15766998799476895,-0.10675471102917167,0.26442469902394045,0.5276974811007888,-0.0007281371818255106,0.06,0.04697532456035984
EXPE,0.01279925948821603,0.4919077155286915,-0.47910845604047564,1.2351442120191458,0.002241343961732519,0.14,0.0024260636554175657
EXR,0.09100411875442924,0.041089514074724054,0.04991460467970511,-0.1783544575940783,0.0002727380556519506,0.01,0.5227871331457599
F,0.0653194616537843,-0.42819415028195384,0.49351361193573795,0.49984769281199803,-0.0024294618032567722,0.03,0.15130416822038992
FANG,-0.8585860072747806,-0.18831938476690754,-0.6702666225078728,1.4581482253049496,-0.001444624819855579,0.17,0.0006607588746660281
FAST,0.21617227554357132,-0.12247612607437244,0.33864840161794363,1.4955727822937084,-0.0011057627745937862,0.47,6.316751556430135e-10
FB,0.2416841308384159,0.1251586110596327,0.1165255197787832,1.0658853254253782,0.00034196479989345,0.18,0.0005282771262203527
FBHS,0.14719403772871864,0.14143244095760943,0.005761596771109332,1.4343673854337033,0.000316597902470919,0.41,1.3491181854247815e-08
FCX,0.5095023728558572,-0.2438391965726401,0.7533415694284964,2.598133622022217,-0.0020862240404480527,0.39,4.996618450671688e-08
FDX,0.5231975940961657,-0.2435662710473851,0.7667638651435513,1.5854672218096264,-0.0017771655550616414,0.2,0.0002184386635756089
FE,-0.5693950139952788,0.2715131263659008,-0.8409081403611796,0.19400482647262302,0.001385288002879135,0.03,0.15407706533424534
FFIV,0.20618362713212068,-0.4622620401502453,0.668445667282366,0.6490523674884939,-0.002655996278715662,0.07,0.04047613894781973
FIS,-0.08329034304593907,0.2595536510390335,-0.34284399408497257,0.9553547474863193,0.001090406715751272,0.27,1.3281759941823368e-05
FISV,-0.12667518347283124,0.10295902355867136,-0.2296342070315025,0.7468487184956089,0.00032079219790303486,0.21,0.00015765288334728758
FITB,-0.1547694081581943,-0.3012865113966929,0.1465171032384986,1.3832683264511951,-0.002022768331767493,0.45,1.7981689072014231e-09
FLIR,-0.4374593946768157,-0.07099379765787284,-0.3664655970189428,1.5143518490103416,-0.0008376249167870583,0.45,1.3667916800390485e-09
FLS,-0.3361209508130645,-0.5483752907182751,0.21225433990521064,1.815396205195957,-0.0034683331759784723,0.51,6.197259220535908e-11
FLT,-0.2099489328340205,0.03162597342778685,-0.24157490626180753,1.059656293154057,-0.00015365710409126252,0.17,0.0008225654766250644
FMC,0.019996030778359323,0.08680049185491237,-0.06680446107655305,1.0207854449337288,0.00015163175536424083,0.22,9.803077236291989e-05
FOX,-0.3589995982160117,0.1898158326515117,-0.5488154308675234,0.7535567636647889,0.0007807588710331553,0.12,0.005036011224234027
FOXA,-0.3561491408795061,0.18115570327975866,-0.5373048441592649,0.6935293706684817,0.0007529282270561412,0.1,0.012259919217935613
FRC,0.13313696355336724,0.01600591206844689,0.11713105148492028,1.1137734223662605,-0.00025318111370605315,0.32,1.2615188798776105e-06
FRT,-0.3508367508402568,-0.20816612995458253,-0.14267062088567412,0.3438572372318794,-0.0012117164541952845,0.05,0.0936905155373548
FTI,-0.8556661622423603,-0.6822688516382098,-0.1733973106041493,1.0133847368765514,-0.003936914591625898,0.08,0.02466827066206109
FTNT,-0.02790244681267498,0.24488278192554602,-0.272785228738221,1.251082535726401,0.0009225401362035644,0.31,2.0904189311168004e-06
FTV,0.09813593701678605,0.025210154250835858,0.07292578276595024,0.9911668480649872,-0.00016697950155640564,0.34,5.147433670090288e-07
GD,-0.21042663518114768,-0.193383757055951,-0.01704287812519683,0.9902646200262365,-0.0013294390122536367,0.37,1.0141843961402806e-07
GE,-0.3098665712262645,-0.0012813606760051256,-0.30858521055025956,1.451584817242593,-0.0004477480172883431,0.17,0.0008712128106685892
GILD,-0.1057730147251475,-0.008020870381490346,-0.09775214434365687,0.5933094634448435,-0.00022288742283161443,0.07,0.033389841485289826
GIS,0.1355719348877633,-0.021415018406902988,0.15698695329466641,0.3201041171572783,-0.00021114424869784877,0.03,0.15674727600606178
GL,-0.18342552668006284,0.14633338791607503,-0.3297589145961378,0.9455835405559255,0.000491139367784408,0.49,1.400341109931478e-10
GLW,0.24801069779938922,-0.43704937723281634,0.6850600750322051,1.5651348424371987,-0.002800154865835619,0.39,4.484666316669233e-08
GM,0.16513579657189137,-0.42354838557805896,0.5886841821499501,1.3911487037074919,-0.0026754911869867554,0.37,1.1357342559918497e-07
GOOG,0.15183586021983864,0.2254940453845675,-0.0736581851647289,0.9381115113425715,0.0009144763924955337,0.27,1.068882296108154e-05
GOOGL,0.15034641647014446,0.2240555452274651,-0.07370912875732079,0.9426830265057552,0.0009054361560439525,0.28,9.226970688220571e-06
GPC,-0.0032261314325934196,-0.3955988724832002,0.392372741050607,1.2604874654502782,-0.0024871340085799495,0.43,6.502316788582816e-09
GPN,-0.09400169087129928,0.2412330882096992,-0.3352347790809985,1.008585032872057,0.0009767877236024909,0.37,1.5183614138233889e-07
GPS,0.2504732721214733,-0.41429577266124185,0.6647690447827153,1.706031086084488,-0.0027219235870804804,0.21,0.00017144581927778355
GRMN,0.109182654714993,0.05756945865662595,0.051613196058367075,0.9784078970142002,9.020107043123814e-06,0.23,8.025786720773362e-05
GS,-0.0800146171431928,-0.07282189098575886,-0.007192726157433632,1.5835290202535606,-0.0008683620209107152,0.62,2.392635051451473e-14
GWW,0.2724017735655604,-0.4176767707127462,0.690078544278307,1.4088956850676366,-0.002649650002202945,0.35,4.1152998379226753e-07
HAL,-0.4413342093619925,-0.03625289444610838,-0.405081314915884,1.5403472354873227,-0.0006607292166956374,0.21,0.00013999325960133203
HAS,-0.10754689546109741,-0.11356693109141221,0.00602003563031471,0.9839251369580104,-0.0009029557509162631,0.22,0.00010933851820943434
HBAN,-0.1910552045645293,-0.3614623987797574,0.1704071942152278,1.0926652466558961,-0.0022545794748441072,0.32,1.3081899597519394e-06
HBI,-0.09846421585530288,-0.5267948702095425,0.42833065435423945,1.4501709701310344,-0.0032426031733736923,0.19,0.000406009311484488
HCA,-0.0022012604628800433,-0.01033578304329829,0.008134522580418226,1.3905601881254455,-0.0004773730447688489,0.42,1.1918142275067809e-08
HD,0.12893936133345818,-0.117789683507074,0.24672904484053196,1.0528074590186887,-0.0009463408402220221,0.28,7.150277501430596e-06
HES,-0.3812215338683136,-0.5206971258500731,0.13947559198176007,1.7071773376468855,-0.003288236416180205,0.21,0.0001374717155109648
HFC,-0.6596193763219227,-0.8079885567422402,0.14836918042031721,1.0577900530683828,-0.004619124951409106,0.11,0.007676119084893865
HIG,-0.2506752535752268,-0.2691869267684578,0.01851167319323073,0.4005574539255726,-0.0015535183741379305,0.06,0.06327428466950612
HII,-0.36263242891229286,-0.4325438132251862,0.0699113843128931,0.9424790056276341,-0.0025870516497371087,0.14,0.0030074590399497662
HLT,-0.06291262765580007,0.08274708497108535,-0.14565971262688535,1.5128521600138711,-1.939872014848763e-05,0.54,7.058454709629861e-12
HOLX,0.27523711627454794,0.2629140121223677,0.012323104152180507,0.4524211582892262,0.0012610516906159496,0.08,0.025614508629144987
HON,0.10826458485237644,-0.2632290572173924,0.3714936420697688,1.3311887042348038,-0.001804515399535787,0.63,7.144458804796311e-15
HPE,-0.3555895270760563,-0.802549969480383,0.44696044240432586,1.5080012587519915,-0.004726952099554512,0.25,3.0772998539181824e-05
HPQ,-0.13435969080505306,0.12142103603459328,-0.2557807268396459,1.0390252964951534,0.00033024306305966706,0.42,1.015813268311928e-08
HRL,0.0737983203716639,0.3681913028892394,-0.29439298251757545,0.1640566009656286,0.0019086306722459697,0.01,0.40346398161067387
HSIC,-0.11580083878909253,0.1028720324280239,-0.2186728712171166,0.6298832427340654,0.0003558588205785926,0.11,0.0072404684728075725
HST,-0.23200973538588082,-0.27581168943972806,0.04380195405384731,1.0709910681889845,-0.0017924068638729878,0.32,1.2824236568833044e-06
HSY,-0.04127906714688834,0.28322075202726116,-0.3244998191741493,0.022848304081206194,0.0014995529788657705,0.0,0.9181801236302131
HUM,0.1353921924037893,0.11354327120960114,0.02184892119418814,1.3175731988813493,0.00020372856565448516,0.24,5.506421790399552e-05
HWM,-0.421143547132079,0.16859431492476443,-0.5897378620568432,0.6785207644532862,0.0006906713340387274,0.07,0.04281862809281585
IBM,-0.2554612105448735,0.22806391160585937,-0.4835251221507329,0.6249362416806454,0.0010232757686961804,0.08,0.021879793127504526
ICE,0.04036077274066763,0.16262032676783272,-0.12225955402716493,-0.4534657343452344,0.0010027461350017152,0.04,0.1374146259838782
IDXX,0.4440837909691657,0.15623900540911806,0.2878447855600477,0.9752631962338355,0.0005348133535340683,0.21,0.00014493310007488802
IEX,0.10716253906160045,0.008181143533517475,0.09898139552808295,1.0499166133105633,-0.0002754051285487892,0.36,1.894259742311597e-07
IFF,-0.17976261626302215,-0.10789458335767507,-0.07186803290534706,0.6183130451911304,-0.0007617256453998345,0.04,0.14040875298668837
ILMN,0.01849535833854609,-0.15255699597652006,0.17105235431506588,0.6705912850313057,-0.0010151716672227836,0.08,0.024904431153274377
INCY,0.0013337451190444938,-0.32341683748395766,0.32475058260300205,0.9229259882108863,-0.002000649603534748,0.07,0.03556218971916404
INFO,0.12238888639202997,0.25071722365053467,-0.12832833725850465,0.6994922653583368,0.001121125029906461,0.3,4.022506724211752e-06
INTC,-0.3895002749797287,0.19235384308427958,-0.581854118064008,1.3123332531335166,0.0006245254170236061,0.22,0.00010715313740570008
INTU,0.15528601880834003,0.21301353748760823,-0.05772751867926812,1.0745811203952114,0.0008066368104598109,0.24,5.302620321032209e-05
IP,0.11470776350764034,-0.4744069030526318,0.5891146665602721,1.4729548710799005,-0.0029708645935391325,0.39,5.1137351958425826e-08
IPG,-0.16636313590897345,0.17228795581272768,-0.3386510917217013,0.8758886634762728,0.0006503660413641091,0.16,0.0012513119634720714
IPGP,0.3339083450181404,-0.43933689158700306,0.7732452366051428,2.6995140023449564,-0.003156900621959378,0.37,1.3982241871269283e-07
IQV,0.05641122750131711,0.12590533009003804,-0.069494102588721,1.1669678652419109,0.00031523195637696787,0.33,7.262949725961063e-07
IR,0.12700452772636117,0.09162109882941143,0.03538342889694987,1.308524011315905,8.987003989867963e-05,0.39,4.583723789087326e-08
IRM,-0.28217457050805494,0.0025935833989686567,-0.28476815390702326,0.09046470603495216,-1.3683831988362167e-05,0.0,0.7621546443914379
ISRG,0.2031426203058384,-0.019667578281846034,0.22281019858768444,1.3293990709378984,-0.0005084320003528765,0.44,2.3996993001957962e-09
IT,0.027465785002696044,-0.20394714312281087,0.23141292812550718,0.456208755088626,-0.001223402844087694,0.04,0.0977717803948767
ITW,0.12014432412390352,-0.04821881507388287,0.16836313919778634,1.3487116367976468,-0.0006661666510655833,0.68,9.749362096721965e-17
IVZ,-0.1302259183952863,-0.27654517125589334,0.14631925286060704,1.6992357006385586,-0.0019871434611890442,0.43,4.293587807165537e-09
J,0.017682262061920362,0.08566484796377806,-0.06798258590185777,0.7056743116298109,0.00024130900781854252,0.13,0.003493128464640594
JBHT,0.1594946006141189,-0.28838167526654856,0.4478762758806675,0.7474415626913433,-0.0017609873458225601,0.12,0.005355072926934801
JCI,0.06189923506609319,-0.25001263135126917,0.3119118664173622,1.1797350367600479,-0.0016882098143478322,0.38,6.186154618656866e-08
JKHY,-0.07363905361951686,0.2199723204579595,-0.2936113740774763,1.2082217939801216,0.000803057026986424,0.35,2.768196963525907e-07
JNJ,0.006424807716924443,0.2092689720120752,-0.20284416429515081,0.4568172142782506,0.0009743703900527718,0.21,0.00016963204369265208
JNPR,-0.09385289134777786,-0.239861752582771,0.14600886123499301,0.30942211024899463,-0.0013698502043336615,0.02,0.25079835481081253
JPM,-0.18665125442572617,-0.06457165040779722,-0.12207960401792875,1.298847689986564,-0.000738003184243365,0.57,7.726726315918559e-13
K,-0.008178159988164974,0.04264358198609913,-0.050821741974264076,0.17190176224430115,0.0001746108188759465,0.01,0.5708655390256665
KEY,-0.2827945440571513,-0.15442025468534154,-0.12837428937180972,1.4546841084035622,-0.0012632580407039363,0.49,2.150413940992195e-10
KEYS,0.16459835959738453,-0.652498073182221,0.8170964327796049,1.8605797064464622,-0.0040359026685610425,0.4,3.182424296668852e-08
KHC,0.14622062960611215,-0.4749060619707948,0.6211266915769074,0.3640178823095401,-0.0026366698615975107,0.02,0.26908615253193474
KIM,-0.2663592554299061,-0.48315609669836634,0.21679684126846036,0.21525793922072917,-0.002635365821052952,0.01,0.45898285662151006
KLAC,0.31107951376366305,-0.5251043127757375,0.8361838265394006,2.3674300765057064,-0.0035122367554952325,0.39,3.923794654440021e-08
KMB,-0.02414680642224276,0.19865103005580742,-0.2227978364780503,0.3459873049463057,0.0009515575819864517,0.09,0.01631301676057968
KMI,-0.5233891579626553,0.08630732120146282,-0.6096964791641182,0.8289547630185827,0.00020727884514319377,0.23,7.787124904641968e-05
KMX,-0.04755247766042103,-0.1249217676198938,0.0773692899594727,1.0125863678521378,-0.0009720599306417325,0.16,0.0010175185394771073
KO,-0.11175721874997135,0.30762042877523754,-0.4193776475252091,0.37350081789317824,0.0015228245600816008,0.1,0.010733246596619873
KR,0.0843560332229285,0.2120835497375493,-0.12772751651462083,0.44969548406234816,0.000991504839368506,0.04,0.10115367973932123
KSU,0.058785468349954684,0.2558944927956283,-0.19710902444567371,0.8467181355819047,0.0011039424803567363,0.25,2.8502346171214756e-05
L,-0.23881211885577747,-0.011946154569352245,-0.2268659642864248,1.1567401071413508,-0.00041491384579553207,0.34,4.7117589066312185e-07
LB,0.3335644014675579,0.5647827138905634,-0.23121831242300547,1.905370905455163,0.0024253893954314103,0.1,0.012045149614072617
LDOS,-0.20048603801060239,0.7085671219558979,-0.9090531599665006,0.6648444110673153,0.003567021434529456,0.06,0.052264004049030525
LEG,-0.07164838183334421,-0.7240390820016133,0.6523907001682697,1.1441915512291065,-0.004198830443669681,0.37,1.117210729068212e-07
LEN,0.07069494471452573,0.49933584668645986,-0.4286409019719346,0.06357986813371522,0.0026367287666662284,0.0,0.8347293547416954
LH,0.04976765839618835,0.15123450206951478,-0.10146684367332634,0.8140964612050553,0.0005571495363263776,0.18,0.0005512550233456936
LHX,-0.15104310878491578,0.2639851537711126,-0.41502826255602826,0.3379026825807061,0.0013015352952102934,0.03,0.17211895881078249
LIN,0.1444723204626559,-0.0605574950095658,0.20502981547222168,1.2689265202956357,-0.0007075624627189307,0.5,1.1211668022425203e-10
LKQ,0.05826893352706457,-0.36145055095309675,0.4197194844801615,1.2232229409934663,-0.0022941745576312783,0.37,9.836305943891082e-08
LLY,0.010946071758118237,0.516487682025068,-0.50554161026695,0.7256314703655861,0.00252685765636151,0.2,0.00021841919965367936
LMT,-0.1468506103326268,0.1961600929318869,-0.3430107032645137,0.5306696225732269,0.0008822089600445755,0.12,0.0064658270467457014
LNC,-0.37855474973061787,-0.27278265023092463,-0.10577209949969353,2.0219479429441636,-0.002065156869858088,0.57,9.229779195957277e-13
LNT,-0.05655523376978965,0.3696956917836023,-0.42625092555339156,-0.10292389706596494,0.0019977305281483676,0.01,0.49196031489488756
LOW,0.2545944432033389,0.005908402407063841,0.2486860407962753,1.0280510234691187,-0.00028085230262142396,0.29,4.729477375798673e-06
LRCX,0.24447496684204317,0.027858104442610162,0.21661686239943279,2.4531578517868344,-0.0005969879041902862,0.53,1.660369721176094e-11
LUV,-0.26352058361530695,-0.19690380228061588,-0.06661678133469048,0.8652986911352826,-0.001310203104223492,0.22,0.00012597961271665177
LVS,-0.17029574830992544,-0.11383113825782004,-0.05646461005210571,2.170428667289924,-0.001264772492765736,0.45,1.8606212505277666e-09
LW,-0.2713178275200798,0.4415610128736427,-0.7128788403937224,-0.3048460806056362,0.002441328598949952,0.01,0.35793089226483854
LYB,-0.06699014225184463,-0.855247900905834,0.7882577586539887,2.05125724742923,-0.005172279259753476,0.52,2.9082180735338972e-11
LYV,-0.1409192853822372,0.14225816210739903,-0.28317744748963614,1.6554434771356334,0.0002538361355025531,0.24,5.5628127124204165e-05
MA,-0.028048157249531677,0.3768665817128083,-0.40491473896234,1.2529725355370671,0.0016240075195690896,0.55,3.699789400376922e-12
MAA,-0.09149063436567229,0.10109062843737829,-0.1925812628030505,0.2144956521633596,0.0004725610771342477,0.02,0.2496461579026837
MAR,-0.207217433838613,-0.05909021106742206,-0.14812722277119064,1.6842064189902783,-0.0008259028581963432,0.51,5.005662805563386e-11
MAS,0.2027278661624905,-0.27387920204868327,0.4766070682111738,1.2551420663181083,-0.0018380652388166737,0.38,6.123129796092469e-08
MCD,-0.010958147860054446,0.2060248973280332,-0.2169830451880875,0.5884052104695244,0.000917143606821112,0.24,4.669746863724706e-05
MCHP,0.1386290281109632,0.0008248884591862057,0.1378041396517771,2.379634983645597,-0.0007184483572947616,0.46,8.186757132059554e-10
MCK,0.08540806781267475,0.10576475705915489,-0.02035668924647998,1.4256013811054624,0.00012953893422692456,0.26,2.207362954587486e-05
MCO,-0.03531539011895912,0.5881900093718756,-0.6235053994908347,0.9933626633331543,0.002826927196767104,0.45,1.6797531810573062e-09
MDLZ,-0.02113231088847556,0.26607434949272285,-0.2872066603811984,0.42438072267916904,0.0012863795365719685,0.05,0.08850061158120073
MDT,-0.011225615400833888,-0.12817057583579836,0.1169449604349643,0.9283896063561465,-0.0009637652829732317,0.28,1.0165412699638734e-05
MET,-0.14632910453548176,-0.09616035826360272,-0.050168746271878985,1.312088609590237,-0.0009100502774145747,0.59,2.0165377618664015e-13
MGM,-0.21430150589983255,-0.218238801107753,0.0039372952079201745,1.628424615479351,-0.0016554936745867338,0.33,7.038166963301136e-07
MHK,-0.0643913390129649,-0.4338320168900065,0.3694406778770417,1.2662761667075852,-0.0026922601693452728,0.18,0.0005327035061199309
MKC,0.11825030163165451,0.10421724140883432,0.014033060222820254,-0.39653712849460476,0.0006747988368477572,0.05,0.0844397155673952
MKTX,0.4255729927914569,-0.3637825504109195,0.7893555432023762,0.20492776499530624,-0.001997262263666229,0.01,0.5123790715074252
MLM,0.02092615113206353,-0.16405056436691873,0.18497671549898237,0.7701553368419751,-0.0011065511678227814,0.11,0.009188353755826927
MMC,-0.044616794446659114,0.19149814629061482,-0.236114940737274,0.8287640347475927,0.0007668624459814781,0.47,6.840106624726749e-10
MMM,0.0635220788165061,-0.4385035192542006,0.5020255980707067,1.1376350441591798,-0.002678032659382348,0.21,0.00018536631881786546
MNST,0.18141735303105386,0.40385699295346045,-0.22243963992240628,0.6853291637874652,0.0019400004435377303,0.27,1.565296222792931e-05
MO,-0.11267310358101001,-0.20563329844865422,0.09296019486764419,0.12947308518426628,-0.0011331227837977876,0.0,0.5998085454047248
MOS,-0.02141170937338989,-0.6748008877054735,0.6533891783320832,2.490888055106116,-0.004345996631822141,0.34,4.769978337962491e-07
MPC,-0.42914413356148007,-0.595610360585413,0.1664662270239321,1.3594600223715305,-0.0035810887292389735,0.16,0.0010196666447069818
MRK,-0.011159643468836578,-0.1918049294612097,0.18064528599237317,0.4717470981007111,-0.0011635365161299033,0.07,0.0324966721922486
MRO,-0.7271475783956463,-0.722398027317146,-0.004749551078500093,1.5563199237434422,-0.004315289221559743,0.19,0.00032469951147886525
MS,0.005313495175684579,0.0748954003875794,-0.06958190521189452,1.8243007467534815,-0.00015576837901725728,0.61,5.506319127582994e-14
MSCI,0.15662106773304618,0.5997063993365527,-0.44308533160350627,1.3270171496028338,0.0027868339643497262,0.33,7.700259911802799e-07
MSFT,0.14503189371629066,0.41433894579905894,-0.2693070520827683,1.3315248289654933,0.0017994676219067857,0.52,2.0939127400208354e-11
MSI,-0.08765630401812174,0.30614718227017024,-0.3938034862882918,0.5706580441401926,0.0014550998176247254,0.12,0.004952812836995263
MTB,-0.34781645376482473,-0.0998038302016322,-0.24801262356319242,0.9471919865109096,-0.0008185897344038426,0.24,5.480651933246154e-05
MTD,0.43274733212739314,-0.06576291591100386,0.49851024803839716,1.2433685155823828,-0.0007274873922426428,0.34,6.247354535444962e-07
MU,-0.034942519267569416,0.22058921620772476,-0.2555317354752941,2.4788303707390855,0.00042037931963984326,0.39,3.6052306970506445e-08
MXIM,0.25036460194536136,-0.09238598562568004,0.3427505875710414,1.9192830962300313,-0.0010744147496758443,0.58,3.357359174667309e-13
NCLH,-0.9529005129094914,-0.33708572789064417,-0.6158147850188472,1.4888138166816816,-0.0022452501116776184,0.29,4.815463353814322e-06
NDAQ,0.0875751382258203,0.268431058567888,-0.18085592034206768,0.2698057453232993,0.0013458687973929508,0.03,0.14248392298612028
NEE,0.11699388173334221,0.5528749498250284,-0.4358810680916855,-0.22269981218365134,0.0030084713220046486,0.02,0.2165750387141351
NEM,0.3529209101170037,0.7264933695879887,-0.3735724594709849,-0.613528632148066,0.004050691411528227,0.11,0.008399880526253935
NFLX,0.22335584558697974,0.5511098570731396,-0.3277540114861601,1.3515020524829342,0.0025209042033149747,0.19,0.00039770690962323584
NI,-0.20441599206006655,0.3715466537380626,-0.5759626457981296,0.0033791257992054693,0.0019752855473579765,0.0,0.9832386324337257
NKE,0.2247428957334323,0.10418356796533039,0.12055932776810213,0.9832854318289612,0.00025548590082172,0.32,1.1395177351395801e-06
NLOK,-0.044451837960108,-0.3464080602293785,0.3019562222692707,-1.0520803863371377,-0.0015230169495755528,0.01,0.4624156261489233
NLSN,-0.32644480179529767,-0.04694205734894127,-0.27950274444635637,1.1007682335435578,-0.0005840602922793157,0.2,0.00024064645924397047
NOC,-0.16096982786176461,0.004514576764942045,-0.1654844046267067,0.39547311911529076,-9.611489922380873e-05,0.03,0.1506973546359411
NOV,-0.7558055257578635,-0.09774298525085771,-0.6580625405070052,1.2935530070338952,-0.0009128381459316769,0.1,0.010792469591322336
NOW,0.35075059075696213,0.8084201487473841,-0.4576695579904219,0.7721143932281256,0.004065570309859888,0.07,0.03482646261768768
NRG,-0.20366451371281524,-0.11932554909632057,-0.08433896461649462,0.47758833335985845,-0.0007797822262224633,0.05,0.06670781802158403
NSC,0.13440349407186236,0.029361625738583242,0.10504186833327926,1.289116465533828,-0.0002354021492279792,0.37,1.3376064536059125e-07
NTAP,-0.06562908236300835,-0.8411285271294582,0.7754994447664498,1.8384718818373027,-0.005032540691487838,0.28,9.990891876571676e-06
NTRS,-0.12674904687092692,-0.39568729352507753,0.2689382466541504,1.5883218170899611,-0.002587187039573172,0.54,5.362247790238468e-12
NUE,0.07954278437540642,-0.653637344361652,0.7331801287370586,1.242568525476721,-0.003854236028568638,0.33,1.0505476984402553e-06
NVDA,0.5247980663090122,0.8579881802028403,-0.33319011389382774,2.3179951783746953,0.0038596545131571918,0.44,2.3924785938313204e-09
NVR,0.06868873520722296,0.19875508043248588,-0.13006634522526295,0.5041853503978094,0.0009040569268542599,0.05,0.0895316293254295
NWL,-0.008579415727992597,-0.21434422415179713,0.20576480842380448,1.276853960385884,-0.00152798501243584,0.2,0.00020374416529786107
NWS,0.13236793045124484,0.16335594846674562,-0.03098801801550078,1.0766013823004372,0.0005418870254701345,0.24,4.841440656153405e-05
NWSA,0.15032995166076368,0.1330388471764761,0.01729110448428733,1.1656843242201584,0.00035356608361554345,0.25,2.9083529698791675e-05
O,-0.23396503009890335,0.06531909420929811,-0.29928412430820156,0.09975936347063082,0.0003171391642344764,0.0,0.6245039855111143
ODFL,0.3011605989514061,0.2000872141483978,0.10107338480300822,1.3895379087359165,0.0006422087436770959,0.37,1.3258414271502644e-07
OKE,-0.8854993368340205,0.10328099759360548,-0.9887803344276256,0.6262304003455023,0.00035914375175161834,0.22,9.25845315297697e-05
OMC,-0.2979954208156421,-0.14702400516545913,-0.15097141565018285,0.7528206996725294,-0.0010107188077280128,0.26,1.843874131356172e-05
ORCL,0.026169739822932137,-0.24646275375128632,0.27263249357421837,1.0398328074194558,-0.0016268308949010891,0.4,3.2505016692688606e-08
ORLY,0.16316261090311016,-0.5310046434215816,0.6941672543246916,0.8149477519278493,-0.0030720406760305456,0.17,0.0007094598365458472
OXY,-1.2816397552510619,0.04818471278852272,-1.3298244680395837,1.139624682924127,-8.986983878116634e-05,0.15,0.0020485411659977677
PAYC,0.16246342392593238,0.8635924595558014,-0.7011290356298693,0.68498244690781,0.004385507180083537,0.03,0.18118997174225027
PAYX,0.019343411159420402,0.01624725138257643,0.003096159776843934,0.9024346555430016,-0.00018770129539720076,0.48,2.435988782991206e-10
PBCT,-0.23879332260761865,-0.268358168048135,0.02956484544051637,1.0740059525190928,-0.0017536762723987839,0.35,3.13374349013799e-07
PCAR,0.19164078437465282,-0.481520403606425,0.6731611879810783,1.338463598723293,-0.002967849398717358,0.47,5.579014242209464e-10
PEAK,-0.21455750885756109,0.14479907548167378,-0.35935658433923484,0.2877934763164015,0.0006827879269824305,0.02,0.24031713122171885
PEG,0.008116370759604589,-0.15877886030723712,0.16689523106684168,0.3192898222366166,-0.0009415556326219057,0.06,0.060626312596170975
PEP,-0.0056504563920292145,0.16284441118206272,-0.16849486757409188,0.46968535493172225,0.000723522420359048,0.18,0.0005702512605817298
PFE,0.06388275209341289,-0.11405303061066648,0.1779357827040794,0.15421857310283496,-0.0006535103696134601,0.01,0.5286899123117856
PFG,-0.18860130769536942,-0.24752990125033625,0.0589285935549666,1.6985982013066347,-0.0018326132723077235,0.67,1.6932573875360996e-16
PG,0.1399282715098451,0.06447961642829968,0.0754486550815454,0.291458376249798,0.00025444351466692673,0.06,0.05400611036939042
PGR,0.16117935594887817,0.17105480000556791,-0.00987544405668978,0.8503330776821794,0.000651569446721821,0.13,0.004129795477231912
PH,0.2012414189706755,-0.10976089034696296,0.3110023093176386,1.7723017439245143,-0.0011221875149965838,0.59,1.6734667099322772e-13
PHM,-0.08095609798824643,0.47518800034364306,-0.5561440983318897,0.32020380536008247,0.0024303308889775024,0.02,0.26566216959631433
PKG,0.2727372051835104,-0.616571300503458,0.8893085056869681,1.2264039175739903,-0.0036521660721557485,0.24,4.316539892202537e-05
PKI,0.3369112714922604,-0.09255177927181886,0.42946305076407915,1.07874871276878,-0.0008199765637121358,0.31,2.6015017631273037e-06
PLD,0.05724366680463345,0.16718927968953756,-0.10994561288490402,0.5885971176873103,0.0007105128789873828,0.11,0.007813991506869981
PM,-0.14668730088939164,0.0037998550586436043,-0.15048715594803524,0.551666262887672,-0.0001473617176438249,0.12,0.005174747463531473
PNC,-0.22232880430431834,-0.12930874922396235,-0.09302005508035613,0.9540808686167774,-0.000977623354474942,0.33,9.597993924127348e-07
PNR,0.18673693963983062,-0.22196749663912235,0.40870443627895275,1.2656688475597937,-0.0015651367530511318,0.53,1.0805743711267327e-11
PNW,-0.12666123076489644,0.4311248328515378,-0.5577860636164339,0.04929951281541872,0.0022782420145560024,0.0,0.7626989106032105
POOL,0.3777432641176403,0.29090621625832963,0.0868370478593106,0.34047287610262666,0.0014439517161253033,0.04,0.1326808858873651
PPG,0.17810145410611433,-0.42007525913370775,0.598176713239822,0.9679815558054787,-0.002528476188206018,0.33,1.038508496844979e-06
PPL,-0.16335719722489062,0.06103617863580831,-0.22439337586069896,0.22432646731180103,0.00025651929236110714,0.01,0.3396856160099204
PRGO,-0.18787748795503667,0.42736644003471386,-0.6152439279897507,0.6098606323545804,0.002087974956064996,0.03,0.1456236699200029
PRU,-0.24143552616801323,-0.28945938541181976,0.0480238592438067,1.4559729074238772,-0.0019819427738316624,0.58,3.704686158488255e-13
PSA,0.06737669628946197,0.10360917965252955,-0.0362324833630677,-0.14126176656859507,0.0005940222214787641,0.01,0.5384674287226576
PSX,-0.40795806271858037,-1.104761573982815,0.6968035112642332,1.2448993760978777,-0.0062545410120007135,0.26,1.5939994542121476e-05
PVH,-0.20607767264872479,-0.7510061244174767,0.5449284517687514,1.6484649097477173,-0.0044954498397122514,0.3,3.628461751613752e-06
PWR,0.5569359245951366,-0.4208691802156343,0.977805104810771,1.1141071736831132,-0.002577086176107215,0.32,1.6246825652140925e-06
PXD,-0.44273830346229204,-0.19007456662130928,-0.2526637368409827,1.8175067283219917,-0.0015631193514235087,0.28,8.57605154628103e-06
PYPL,0.42017885804571087,0.26169787261046745,0.15848098543524333,1.367079637006297,0.0009767469191515926,0.44,3.249839103186749e-09
QCOM,0.4656046015014237,-0.38820452593521737,0.8538091274366417,2.034843849087327,-0.002683020267587379,0.5,8.352668137214355e-11
QRVO,0.34801326429745494,-0.37681301351725416,0.7248262778147091,2.0931915221259625,-0.002640150759964968,0.42,7.617821203946497e-09
RCL,-0.45244852041590455,-0.5249783561994452,0.07252983578354094,1.850411531517441,-0.0033545176247660007,0.37,1.2115171485058963e-07
RE,-0.22380620330946677,0.13891553813455423,-0.36272174144402064,0.5983444279606451,0.0005571598013269711,0.2,0.0002734865059575383
REG,-0.32576251585969773,-0.141418364749069,-0.18434415111062857,0.2531910376402186,-0.0008291344560195564,0.02,0.24389876604658609
REGN,0.3458660006800329,0.20712556353539918,0.1387404371446338,1.292995324129386,0.0007089724723394875,0.19,0.0003058213049595761
RF,-0.09774776327406046,-0.2383093548567427,0.140561591582682,1.1888866903425535,-0.001628738242768307,0.37,1.0042229712988136e-07
RHI,0.06016972650105237,-0.16138948204439182,0.22155920854544398,1.2200378135029688,-0.0012290524239405775,0.45,1.5706468451617774e-09
RJF,-0.17210337147462607,0.15296874021819776,-0.3250721116928241,1.17152942480517,0.00045780064980330585,0.27,1.0997473558624573e-05
RL,-0.43412741842473146,-0.13456931769651945,-0.2995581007282123,1.7097240673973948,-0.0012351386888520748,0.28,7.306364836711712e-06
RMD,0.19542751519173152,0.34685807729590873,-0.15143056210417727,1.0651551809232072,0.0015214390679966808,0.34,4.994076366366309e-07
ROK,0.17960607965288755,-0.26896823111371787,0.44857431076660514,1.447548549478984,-0.0018703882958641426,0.6,8.904197914202723e-14
ROL,0.3927970900911917,0.13738543911047543,0.2554116509807165,0.5366963508848787,0.0005677471484173246,0.09,0.016890637755010828
ROP,0.02147059185612666,0.181142630891864,-0.15967203903573718,0.8761807140700411,0.0006973766638314367,0.26,1.6068131826643923e-05
ROST,-0.1283622697806761,0.08758525053281113,-0.2159475203134873,0.8260193913445826,0.00021496798779090196,0.25,2.8357817317910433e-05
RSG,0.010144260544743485,0.3681785849204134,-0.3580343243756699,0.2767497636436598,0.0018743314365015115,0.1,0.012744307139613983
RTX,-0.3601285777932297,-0.1843954318672562,-0.17573314592597342,1.128078237604144,-0.001323490928599669,0.59,2.8730786819901854e-13
SBAC,0.047664132562982964,0.500292426041219,-0.4526282934782362,0.5202579222659733,0.002503096786101896,0.04,0.12657559112284428
SBUX,0.05839028641784516,-0.0261608561273575,0.0845511425452028,1.2275733991021736,-0.0005120402258433521,0.42,1.1094903729492132e-08
SCHW,-0.03082432925241907,-0.09590136511817485,0.06507703586575593,1.5899021971901792,-0.0009930610924322534,0.31,2.2046515469693064e-06
SEE,0.2050898681694049,-0.47509431270027436,0.680184180869679,1.2713914624377545,-0.0029132942844394653,0.28,8.413271994113209e-06
SHW,0.20942460677185348,-0.1984384280655143,0.40786303483736763,0.9620659249068356,-0.0013477599465974853,0.25,3.136939604464086e-05
SIVB,0.2589674682631449,-0.02940424707584108,0.28837171533898615,2.261035191098037,-0.0008432158511726911,0.63,1.2578046148198101e-14
SJM,0.07341700846582545,0.08551782839569064,-0.012100819929865135,0.38104756702751685,0.00033913535493626637,0.04,0.13488631840103044
SLB,-0.6444820352782075,-0.3266583347446042,-0.3178237005336027,1.2582690251387818,-0.0021197551489143943,0.17,0.0009272037595744654
SLG,-0.5386771431418867,0.2058030063496466,-0.7444801494915331,0.30926944970194026,0.0010007533960786602,0.03,0.1569081979804166
SNA,0.08093816247188809,-0.32454723134448554,0.40548539381637405,1.1745769096157008,-0.0020831036239416802,0.4,2.0962179998172696e-08
SNPS,0.3156672626999173,0.19757251645433024,0.11809474624558712,1.5997778713296382,0.0005649703654736103,0.45,1.7875129095304448e-09
SO,-0.07111892033609818,0.3038193720473876,-0.37493829238348575,-0.05958352809147282,0.001634159535515197,0.0,0.7556101431086483
SPG,-0.6065738244866026,-0.4951861172717004,-0.11138770721490175,0.7837039751456886,-0.0028720260155611,0.15,0.0017125943917927703
SPGI,0.09426956973461476,0.34028112762832374,-0.24601155789370907,0.871593974664475,0.0015452512938261159,0.29,6.351469648277597e-06
SRE,-0.17154896319971424,0.2519667272905202,-0.42351569049023446,0.07275172699314847,0.001318149541714793,0.0,0.666972913717909
STE,0.13609110931082125,0.2471660782648375,-0.11107496895401632,0.6458737386672532,0.001118523080446358,0.13,0.0036816483492306848
STT,-0.13927965643032444,-0.07822851962616233,-0.061051136804161896,1.7335955510880985,-0.000942704775952621,0.54,8.70000490925555e-12
STX,0.013988785495802071,-0.5034977285819868,0.5174865140777889,1.2447285761689877,-0.00305627718632645,0.17,0.0008375548795058372
STZ,-0.02266097190005567,0.28807364063122115,-0.3107346125312772,0.6940701885977258,0.0013214763813453947,0.1,0.013847858027198968
SWK,0.11440534751448526,-0.24645320351446337,0.36085855102894876,1.736066803145265,-0.0018382675898871235,0.5,1.104872222486645e-10
SWKS,0.1720004500057284,0.14701858448309096,0.02498186552263731,2.104296675699212,0.00014281423450523273,0.42,1.2177984486733876e-08
SYF,-0.10579341930109498,-0.5697211164968076,0.4639276971957126,1.3792138559628855,-0.003449380393131926,0.27,1.0852736102162133e-05
SYK,0.02993395302721069,0.11903916218948435,-0.08910520916227394,0.7601114158141313,0.00040229618362795096,0.2,0.00028224245344918563
SYY,-0.06310467601499425,-0.21151346130599452,0.1484087852910002,0.03658129879854541,-0.0011361835094095797,0.0,0.885650721070344
T,-0.28491099762629535,-0.1319453936275903,-0.15296560399870476,0.2718859642486096,-0.0007844250680443479,0.02,0.23472731450528292
TAP,-0.21778261587941028,0.025634617173830816,-0.24341723305324103,0.5651439262421019,-3.531333044891428e-05,0.09,0.01601860171763839
TDG,-0.1234637330652113,0.30926618361501335,-0.4327299166802237,0.5154351991812836,0.0014884646985130034,0.05,0.07280760686043673
TDY,-0.03814936950603177,0.29168586274634234,-0.3298352322523742,0.5872889360650949,0.0013731261185374378,0.09,0.018701147527770766
TEL,0.15961262758367045,-0.2521757580878655,0.41178838567153603,1.3984317702955067,-0.0017661469563953448,0.43,6.897905146401619e-09
TER,0.40859833177006344,-0.37621605738520136,0.7848143891552656,2.3017044444538977,-0.002700313183628845,0.46,1.2227685107963273e-09
TFC,-0.14603505070363368,-0.19423211992567524,0.04819706922204152,1.0401448141089848,-0.0013491031494601289,0.26,1.8036144142602112e-05
TFX,-0.0809880209204623,0.2178084823835123,-0.29879650330397445,0.9147773147972867,0.0008806837155309074,0.28,9.577552483614439e-06
TGT,0.3275120436490502,0.08718699506487632,0.24032504858417383,0.1125075648467046,0.0004295854021252233,0.0,0.8070302527150053
TIF,-0.021686001075956973,0.1746536551717087,-0.19633965624766583,0.19532362519645094,0.0008696774524494297,0.02,0.2770453815825583
TJX,-0.06775111835442525,8.772610191807445e-06,-0.06775989096461711,1.031811442709971,-0.0003133755741873765,0.42,8.006180964892923e-09
TMO,0.36334309403279974,0.11769763396646099,0.24564546006633867,0.9989516421514155,0.0003226104748176908,0.3,3.539488720158449e-06
TMUS,0.24376729434956523,0.6215812091465484,-0.37781391479698295,0.7056426408957027,0.0030919375705575148,0.06,0.0584690652251302
TPR,-0.06254339270900466,-0.2983682322081353,0.23582483949913005,2.3444807263828165,-0.00229922269710469,0.5,1.1924952872497595e-10
TROW,0.009803614710055971,0.16892745460474473,-0.15912383989468876,1.257853447962615,0.0005164657106823386,0.46,8.796697526623351e-10
TRV,0.0008918063773686799,-0.1126116298118087,0.11350343618917738,0.7151211346283352,-0.0008162226675760888,0.16,0.0012461751975301214
TSCO,0.29117351091482035,-0.036941337956500196,0.3281148488713208,0.2221468886652826,-0.00026397564368413605,0.01,0.39296637561352743
TSN,-0.22176333684438365,-0.5841076849367736,0.3623443480923899,0.7478157064979886,-0.0033341116851879427,0.1,0.011203688837297759
TT,0.26856987219944184,0.1621300204165265,0.10643985178291568,1.1286487542004022,0.0005195562625963542,0.51,5.963709302773539e-11
TTWO,0.35439120703741533,-0.48769059460978775,0.8420818016472031,1.2265750845176897,-0.0029666823960455392,0.1,0.010073262544071704
TWTR,0.11465428823486562,0.593601227130424,-0.47894693889555817,1.323945613617331,0.0027552926514735144,0.12,0.006306520724095456
TXN,0.16268784731459363,0.002944282969996114,0.15974356434459747,1.9121431222477212,-0.0005651700199766029,0.62,1.7048650233846188e-14
TXT,-0.08157894669439836,-0.2749208865109185,0.19334193981652056,1.529869807501141,-0.001927057197452848,0.28,8.476113680589014e-06
TYL,0.22714650257859503,0.3579240031531061,-0.13077750057451115,0.5124011549649827,0.0017482045064440696,0.11,0.007234839864686473
UA,-0.12895824548159407,-0.4275360362114423,0.2985777907298482,1.2454881445190447,-0.002652456357052044,0.06,0.05618274744175372
UAA,-0.10690394326791575,-0.44028394872877175,0.33338000546085667,1.2224949472543816,-0.0027132800067355186,0.05,0.0938124086238259
UAL,-0.711444956604617,-0.8692867507581099,0.15784179415349325,2.21708461358407,-0.005297325584083936,0.54,9.192675590610601e-12
UDR,-0.25539382963493384,0.05645654961333152,-0.3118503792482655,0.2616278723091568,0.00022082891790416593,0.04,0.12706575599153355
UHS,-0.04283799320611604,-0.24613924856590957,0.20330125535979343,0.7268883214773627,-0.0015300503502971572,0.17,0.0007643553551035309
ULTA,-0.12358108445451599,0.3519314171057648,-0.47551250156028024,1.0990711552707062,0.001538122628202072,0.1,0.011681546982951678
UNH,0.15267572653883738,0.12471833003507946,0.027957396503757816,1.3317579380895168,0.0002588616226276212,0.29,4.499124636467516e-06
UNM,-0.35235534867558416,-0.35969160862504806,0.007336259949463998,1.926207475535085,-0.0024983565139284005,0.38,6.270029047174321e-08
UNP,0.10315646561985936,-0.15703872712959377,0.26019519274945324,1.4833475211849645,-0.0012858928614731522,0.5,7.576466061621081e-11
UPS,0.42726884978433777,-0.6439275294427887,1.0711963792271262,1.090920377118453,-0.0037565235539092656,0.2,0.00021512827687855278
URI,0.2999960450203183,-0.4576048919484372,0.7576009369687554,2.368542540922136,-0.0031535352043308264,0.44,2.471018480199764e-09
USB,-0.23439378176167036,-0.3920879684234464,0.1576941866617762,0.8806342632183237,-0.0023530750753036176,0.34,5.890211782026841e-07
V,-0.013355878825000111,0.3012945700282901,-0.31465044885328997,1.120271922654142,0.0012623377684165614,0.4,2.262454620915266e-08
VAR,0.1704274837958435,0.2624175005129898,-0.09199001671714638,0.6993600752279575,0.0011834006991029242,0.2,0.00021063776477241495
VFC,-0.04776550087977504,-0.32015380296786633,0.27238830208809145,1.0612017101606355,-0.0020252955621338697,0.14,0.0022430981118127078
VLO,-0.49135216236145407,-0.8209952297179532,0.32964306735649856,1.3659639107124326,-0.004781920032150874,0.24,4.2385255626741435e-05
VMC,0.018875400753102237,-0.24737709782844935,0.26625249858155187,0.7316043867627546,-0.0015380672031884753,0.1,0.011314715762332048
VNO,-0.5138850789670255,-0.13661079216459507,-0.37727428680243086,0.4828153010112846,-0.0008733127481070626,0.06,0.0548727919105641
VRSK,0.18238042134737587,0.43948408500572167,-0.25710366365834575,0.5906124118553246,0.0021582773388290322,0.22,0.00012916003186404823
VRSN,-0.06210811795246762,0.1539033535149366,-0.2160114714674042,1.1391136300826374,0.00047261859358360946,0.28,1.0219214225010232e-05
VRTX,-0.09413238501024332,0.3275834452424056,-0.421715830252649,0.9046752326566371,0.0014676616930115853,0.19,0.00034936425178118055
VTR,-0.1660556385870109,0.02155838019104938,-0.18761401877806025,0.1158615020977594,7.947823578002957e-05,0.01,0.5665309005296459
VTRS,-0.29568848982747475,0.17597684423042614,-0.47166533405790045,1.7133240390408497,0.00041560907342197667,0.3,3.877435619300305e-06
VZ,0.04762805051302442,-0.121106991097401,0.16873504161042524,0.2983293183488852,-0.0007348064033200943,0.05,0.08960992561428355
WAB,-0.12225964184489069,-0.38403314666616045,0.2617735048212699,1.8205555671778726,-0.0025957400390369733,0.46,1.0923195192977577e-09
WAT,0.07125203204222427,-0.14345072119506594,0.21470275323729007,0.7188569883570421,-0.0009813951877071596,0.13,0.0041450000479799866
WBA,-0.19815589789645882,-0.6667122755522401,0.46855637765578145,0.7449881137795265,-0.0037726388981298674,0.13,0.003940828388283903
WDC,-0.5172193506941332,0.554129406772967,-1.0713487574671,2.2004711193548183,0.002279083457991058,0.32,1.512353452353897e-06
WEC,-0.002639984602779137,0.42814895606364584,-0.430788940666425,0.11788810468321882,0.002241578465672938,0.01,0.43403517080556997
WELL,-0.29125960176945576,0.11362002238299382,-0.40487962415245027,0.08957635970035804,0.000577152176208232,0.0,0.7191342994987352
WFC,-0.6710944283795066,-0.599983593626826,-0.07111083475268026,1.0842049911755383,-0.0035207393540797674,0.29,6.041989401017791e-06
WHR,0.24838932468984165,-0.2642177106071892,0.512607035297031,1.728432599776736,-0.0019304406892453646,0.38,9.383239391389063e-08
WLTW,-0.023653046418811382,0.19499067077405083,-0.21864371719286207,0.7771071961164366,0.0008011309447813761,0.18,0.0005668201653451916
WM,-0.026786996462242918,0.28232255166728615,-0.30910954812952873,0.24957573564613106,0.0014259047700550102,0.05,0.0669974386601781
WMB,-0.07264545924487287,-0.2952273080046633,0.22258184875979048,0.991344200646065,-0.0018714879605031735,0.21,0.00013032368223409745
WMT,0.24625970612137493,-0.08612989617370871,0.3323896022950835,0.30045355979067556,-0.0005494032839857093,0.06,0.05026568299360175
WRB,-0.14328475048254052,0.3713448188332678,-0.514629569315808,0.5395984144115562,0.0018113304056292772,0.12,0.006444073860318025
WRK,-0.0004943266851373876,-0.2826171566859993,0.28212283000086175,1.7161266500088754,-0.002024572037602799,0.38,7.878128829561944e-08
WST,0.5098066006182318,0.3655240216882558,0.14428257892997579,0.46805870457424004,0.0018020995650070808,0.05,0.07258384748463696
WU,-0.21063626654994305,-0.23597887160685613,0.025342605056912867,0.9140618909457853,-0.0015328614891047525,0.13,0.003325030307438058
WY,-0.04134352686971979,-0.07410423542938958,0.032760708559669754,0.9427777185153714,-0.000680548887616497,0.22,0.00011028102461407542
WYNN,-0.39005240039681954,-0.0525687306281267,-0.3374836697686929,2.6109117564951045,-0.0010727094211340734,0.37,9.905761161598494e-08
XEL,0.045427854336082873,0.4632566823807223,-0.4178288280446395,-0.0681237921977714,0.002484824519107422,0.0,0.6539466169647006
XLNX,0.34162456110715844,-0.48863391976294596,0.8302584808701042,2.105280728297919,-0.0032386150222769063,0.32,1.2609224988090246e-06
XOM,-0.5142564903154421,-0.601399478304093,0.08714298798865112,1.0334847567995769,-0.0035128639168214865,0.23,6.040404869805118e-05
XRAY,-0.13170436489553294,-0.0007877333813179526,-0.13091663151421534,0.5479567630696076,-0.00017063698904975935,0.12,0.0049493124015028995
XRX,-0.5301388819890653,-0.4551304395433129,-0.07500844244575253,1.5209823041537294,-0.0028829189886856333,0.43,4.945839791306848e-09
XYL,0.07688944513497821,0.168545409751349,-0.09165596461637081,1.1103017247042481,0.0005592537532849952,0.26,2.0403356134413105e-05
YUM,-0.022302180118191295,0.08327853907247425,-0.10558071919066538,0.6398676661714054,0.00024860525058460563,0.16,0.001066138086191504
ZBH,-0.05563772478550355,0.052010450442024694,-0.10764817522752822,1.1016140554042424,-5.797409191863203e-05,0.34,6.312214449394674e-07
ZBRA,0.36331393699829734,-0.23400660570855936,0.5973205427068564,1.4382701768760688,-0.0016816038120769173,0.25,3.2114958057676295e-05
ZION,-0.2006949927199488,-0.4779443881174368,0.277249395397488,1.3053247966884785,-0.0029387618231403317,0.32,1.1165130968882082e-06
ZTS,0.14043173828591993,0.4320785221103903,-0.2916467838244705,0.8858173306602796,0.0020292148315333345,0.27,1.4487927768906148e-05
