CountryName,CountryCode,Date,ConfirmedCases,ConfirmedCases_PercentChange,ConfirmedCases_LogChange,ConfirmedDeaths,ConfirmedDeaths_PercentChange,ConfirmedDeaths_LogChange,StringencyIndexForDisplay,StringencyIndexForDisplay_PercentChange,StringencyIndexForDisplay_LogChange,StringencyLegacyIndexForDisplay,StringencyLegacyIndexForDisplay_PercentChange,StringencyLegacyIndexForDisplay_LogChange,GovernmentResponseIndexForDisplay,GovernmentResponseIndexForDisplay_PercentChange,GovernmentResponseIndexForDisplay_LogChange,ContainmentHealthIndexForDisplay,ContainmentHealthIndexForDisplay_PercentChange,ContainmentHealthIndexForDisplay_LogChange,EconomicSupportIndexForDisplay,EconomicSupportIndexForDisplay_PercentChange,EconomicSupportIndexForDisplay_LogChange
United States,USA,2020-01-01,0,0.0,0.0,0,0.0,0.0,0.00,0.0,0.0,0.00,0.0,0.0,0.00,0.0,0.0,0.00,0.0,0.0,0.00,0.0,0.0
United States,USA,2020-01-02,0,0.0,0.0,0,0.0,0.0,0.00,0.0,0.0,0.00,0.0,0.0,0.00,0.0,0.0,0.00,0.0,0.0,0.00,0.0,0.0
United States,USA,2020-01-03,0,0.0,0.0,0,0.0,0.0,0.00,0.0,0.0,0.00,0.0,0.0,0.00,0.0,0.0,0.00,0.0,0.0,0.00,0.0,0.0
United States,USA,2020-01-04,0,0.0,0.0,0,0.0,0.0,0.00,0.0,0.0,0.00,0.0,0.0,0.00,0.0,0.0,0.00,0.0,0.0,0.00,0.0,0.0
United States,USA,2020-01-05,0,0.0,0.0,0,0.0,0.0,0.00,0.0,0.0,0.00,0.0,0.0,0.00,0.0,0.0,0.00,0.0,0.0,0.00,0.0,0.0
United States,USA,2020-01-06,0,0.0,0.0,0,0.0,0.0,0.00,0.0,0.0,0.00,0.0,0.0,0.00,0.0,0.0,0.00,0.0,0.0,0.00,0.0,0.0
United States,USA,2020-01-07,0,0.0,0.0,0,0.0,0.0,0.00,0.0,0.0,0.00,0.0,0.0,0.00,0.0,0.0,0.00,0.0,0.0,0.00,0.0,0.0
United States,USA,2020-01-08,0,0.0,0.0,0,0.0,0.0,0.00,0.0,0.0,0.00,0.0,0.0,0.00,0.0,0.0,0.00,0.0,0.0,0.00,0.0,0.0
United States,USA,2020-01-09,0,0.0,0.0,0,0.0,0.0,0.00,0.0,0.0,0.00,0.0,0.0,0.00,0.0,0.0,0.00,0.0,0.0,0.00,0.0,0.0
United States,USA,2020-01-10,0,0.0,0.0,0,0.0,0.0,0.00,0.0,0.0,0.00,0.0,0.0,0.00,0.0,0.0,0.00,0.0,0.0,0.00,0.0,0.0
United States,USA,2020-01-11,0,0.0,0.0,0,0.0,0.0,0.00,0.0,0.0,0.00,0.0,0.0,0.00,0.0,0.0,0.00,0.0,0.0,0.00,0.0,0.0
United States,USA,2020-01-12,0,0.0,0.0,0,0.0,0.0,0.00,0.0,0.0,0.00,0.0,0.0,0.00,0.0,0.0,0.00,0.0,0.0,0.00,0.0,0.0
United States,USA,2020-01-13,0,0.0,0.0,0,0.0,0.0,0.00,0.0,0.0,0.00,0.0,0.0,0.00,0.0,0.0,0.00,0.0,0.0,0.00,0.0,0.0
United States,USA,2020-01-14,0,0.0,0.0,0,0.0,0.0,0.00,0.0,0.0,0.00,0.0,0.0,0.00,0.0,0.0,0.00,0.0,0.0,0.00,0.0,0.0
United States,USA,2020-01-15,0,0.0,0.0,0,0.0,0.0,0.00,0.0,0.0,0.00,0.0,0.0,0.00,0.0,0.0,0.00,0.0,0.0,0.00,0.0,0.0
United States,USA,2020-01-16,0,0.0,0.0,0,0.0,0.0,0.00,0.0,0.0,0.00,0.0,0.0,0.00,0.0,0.0,0.00,0.0,0.0,0.00,0.0,0.0
United States,USA,2020-01-17,0,0.0,0.0,0,0.0,0.0,0.00,0.0,0.0,0.00,0.0,0.0,0.00,0.0,0.0,0.00,0.0,0.0,0.00,0.0,0.0
United States,USA,2020-01-18,0,0.0,0.0,0,0.0,0.0,0.00,0.0,0.0,0.00,0.0,0.0,0.00,0.0,0.0,0.00,0.0,0.0,0.00,0.0,0.0
United States,USA,2020-01-19,0,0.0,0.0,0,0.0,0.0,0.00,0.0,0.0,0.00,0.0,0.0,0.00,0.0,0.0,0.00,0.0,0.0,0.00,0.0,0.0
United States,USA,2020-01-20,0,0.0,0.0,0,0.0,0.0,0.00,0.0,0.0,0.00,0.0,0.0,0.00,0.0,0.0,0.00,0.0,0.0,0.00,0.0,0.0
United States,USA,2020-01-21,1,-1.0,0.6931471805599453,0,0.0,0.0,0.00,0.0,0.0,0.00,0.0,0.0,3.57,-1.0,1.5195132049061133,4.17,-1.0,1.6428726885203377,0.00,0.0,0.0
United States,USA,2020-01-22,1,0.0,0.0,0,0.0,0.0,0.00,0.0,0.0,0.00,0.0,0.0,3.57,0.0,0.0,4.17,0.0,0.0,0.00,0.0,0.0
United States,USA,2020-01-23,1,0.0,0.0,0,0.0,0.0,0.00,0.0,0.0,0.00,0.0,0.0,3.57,0.0,0.0,4.17,0.0,0.0,0.00,0.0,0.0
United States,USA,2020-01-24,1,0.0,0.0,0,0.0,0.0,0.00,0.0,0.0,0.00,0.0,0.0,3.57,0.0,0.0,4.17,0.0,0.0,0.00,0.0,0.0
United States,USA,2020-01-25,2,-0.5,0.4054651081081645,0,0.0,0.0,0.00,0.0,0.0,0.00,0.0,0.0,3.57,0.0,0.0,4.17,0.0,0.0,0.00,0.0,0.0
United States,USA,2020-01-26,2,0.0,0.0,0,0.0,0.0,0.00,0.0,0.0,0.00,0.0,0.0,3.57,0.0,0.0,4.17,0.0,0.0,0.00,0.0,0.0
United States,USA,2020-01-27,5,-0.6,0.6931471805599452,0,0.0,0.0,0.00,0.0,0.0,0.00,0.0,0.0,3.57,0.0,0.0,4.17,0.0,0.0,0.00,0.0,0.0
United States,USA,2020-01-28,5,0.0,0.0,0,0.0,0.0,0.00,0.0,0.0,0.00,0.0,0.0,3.57,0.0,0.0,4.17,0.0,0.0,0.00,0.0,0.0
United States,USA,2020-01-29,5,0.0,0.0,0,0.0,0.0,0.00,0.0,0.0,0.00,0.0,0.0,3.57,0.0,0.0,4.17,0.0,0.0,0.00,0.0,0.0
United States,USA,2020-01-30,5,0.0,0.0,0,0.0,0.0,0.00,0.0,0.0,0.00,0.0,0.0,3.57,0.0,0.0,4.17,0.0,0.0,0.00,0.0,0.0
United States,USA,2020-01-31,6,-0.16666666666666666,0.15415067982725827,0,0.0,0.0,0.00,0.0,0.0,0.00,0.0,0.0,3.57,0.0,0.0,4.17,0.0,0.0,0.00,0.0,0.0
United States,USA,2020-02-01,7,-0.14285714285714285,0.13353139262452252,0,0.0,0.0,0.00,0.0,0.0,0.00,0.0,0.0,3.57,0.0,0.0,4.17,0.0,0.0,0.00,0.0,0.0
United States,USA,2020-02-02,8,-0.125,0.11778303565638382,0,0.0,0.0,5.56,-1.0,1.8809906029559975,7.14,-1.0,2.096790180014449,7.14,-0.5,0.5772769751083358,8.33,-0.49939975990396157,0.5903623263389148,0.00,0.0,0.0
United States,USA,2020-02-03,11,-0.2727272727272727,0.2876820724517808,0,0.0,0.0,5.56,0.0,0.0,7.14,0.0,0.0,7.14,0.0,0.0,8.33,0.0,0.0,0.00,0.0,0.0
United States,USA,2020-02-04,11,0.0,0.0,0,0.0,0.0,5.56,0.0,0.0,7.14,0.0,0.0,7.14,0.0,0.0,8.33,0.0,0.0,0.00,0.0,0.0
United States,USA,2020-02-05,11,0.0,0.0,0,0.0,0.0,5.56,0.0,0.0,7.14,0.0,0.0,7.14,0.0,0.0,8.33,0.0,0.0,0.00,0.0,0.0
United States,USA,2020-02-06,12,-0.08333333333333333,0.08004270767353638,0,0.0,0.0,5.56,0.0,0.0,7.14,0.0,0.0,7.14,0.0,0.0,8.33,0.0,0.0,0.00,0.0,0.0
United States,USA,2020-02-07,12,0.0,0.0,0,0.0,0.0,5.56,0.0,0.0,7.14,0.0,0.0,7.14,0.0,0.0,8.33,0.0,0.0,0.00,0.0,0.0
United States,USA,2020-02-08,12,0.0,0.0,0,0.0,0.0,5.56,0.0,0.0,7.14,0.0,0.0,7.14,0.0,0.0,8.33,0.0,0.0,0.00,0.0,0.0
United States,USA,2020-02-09,12,0.0,0.0,0,0.0,0.0,5.56,0.0,0.0,7.14,0.0,0.0,7.14,0.0,0.0,8.33,0.0,0.0,0.00,0.0,0.0
United States,USA,2020-02-10,12,0.0,0.0,0,0.0,0.0,5.56,0.0,0.0,7.14,0.0,0.0,7.14,0.0,0.0,8.33,0.0,0.0,0.00,0.0,0.0
United States,USA,2020-02-11,13,-0.07692307692307693,0.07410797215372167,0,0.0,0.0,5.56,0.0,0.0,7.14,0.0,0.0,7.14,0.0,0.0,8.33,0.0,0.0,0.00,0.0,0.0
United States,USA,2020-02-12,13,0.0,0.0,0,0.0,0.0,5.56,0.0,0.0,7.14,0.0,0.0,7.14,0.0,0.0,8.33,0.0,0.0,0.00,0.0,0.0
United States,USA,2020-02-13,14,-0.07142857142857142,0.06899287148695166,0,0.0,0.0,5.56,0.0,0.0,7.14,0.0,0.0,7.14,0.0,0.0,8.33,0.0,0.0,0.00,0.0,0.0
United States,USA,2020-02-14,15,-0.06666666666666667,0.06453852113757108,0,0.0,0.0,5.56,0.0,0.0,7.14,0.0,0.0,7.14,0.0,0.0,8.33,0.0,0.0,0.00,0.0,0.0
United States,USA,2020-02-15,15,0.0,0.0,0,0.0,0.0,5.56,0.0,0.0,7.14,0.0,0.0,7.14,0.0,0.0,8.33,0.0,0.0,0.00,0.0,0.0
United States,USA,2020-02-16,15,0.0,0.0,0,0.0,0.0,5.56,0.0,0.0,7.14,0.0,0.0,7.14,0.0,0.0,8.33,0.0,0.0,0.00,0.0,0.0
United States,USA,2020-02-17,15,0.0,0.0,0,0.0,0.0,5.56,0.0,0.0,7.14,0.0,0.0,7.14,0.0,0.0,8.33,0.0,0.0,0.00,0.0,0.0
United States,USA,2020-02-18,15,0.0,0.0,0,0.0,0.0,5.56,0.0,0.0,7.14,0.0,0.0,7.14,0.0,0.0,8.33,0.0,0.0,0.00,0.0,0.0
United States,USA,2020-02-19,15,0.0,0.0,0,0.0,0.0,5.56,0.0,0.0,7.14,0.0,0.0,7.14,0.0,0.0,8.33,0.0,0.0,0.00,0.0,0.0
United States,USA,2020-02-20,15,0.0,0.0,0,0.0,0.0,5.56,0.0,0.0,7.14,0.0,0.0,7.14,0.0,0.0,8.33,0.0,0.0,0.00,0.0,0.0
United States,USA,2020-02-21,16,-0.0625,0.06062462181643502,0,0.0,0.0,5.56,0.0,0.0,7.14,0.0,0.0,7.14,0.0,0.0,8.33,0.0,0.0,0.00,0.0,0.0
United States,USA,2020-02-22,35,-0.5428571428571428,0.7503055943998937,0,0.0,0.0,5.56,0.0,0.0,7.14,0.0,0.0,7.14,0.0,0.0,8.33,0.0,0.0,0.00,0.0,0.0
United States,USA,2020-02-23,35,0.0,0.0,0,0.0,0.0,5.56,0.0,0.0,7.14,0.0,0.0,7.14,0.0,0.0,8.33,0.0,0.0,0.00,0.0,0.0
United States,USA,2020-02-24,35,0.0,0.0,0,0.0,0.0,5.56,0.0,0.0,7.14,0.0,0.0,7.14,0.0,0.0,8.33,0.0,0.0,0.00,0.0,0.0
United States,USA,2020-02-25,53,-0.33962264150943394,0.4054651081081646,0,0.0,0.0,5.56,0.0,0.0,7.14,0.0,0.0,7.14,0.0,0.0,8.33,0.0,0.0,0.00,0.0,0.0
United States,USA,2020-02-26,53,0.0,0.0,0,0.0,0.0,5.56,0.0,0.0,7.14,0.0,0.0,7.14,0.0,0.0,8.33,0.0,0.0,0.00,0.0,0.0
United States,USA,2020-02-27,59,-0.1016949152542373,0.10536051565782589,0,0.0,0.0,5.56,0.0,0.0,7.14,0.0,0.0,7.14,0.0,0.0,8.33,0.0,0.0,0.00,0.0,0.0
United States,USA,2020-02-28,60,-0.016666666666666666,0.01652930195121094,0,0.0,0.0,5.56,0.0,0.0,7.14,0.0,0.0,9.52,-0.25,0.25648802729511466,11.11,-0.2502250225022502,0.26079654270574837,0.00,0.0,0.0
United States,USA,2020-02-29,66,-0.09090909090909091,0.09381875521765437,0,0.0,0.0,5.56,0.0,0.0,7.14,0.0,0.0,9.52,0.0,0.0,11.11,0.0,0.0,0.00,0.0,0.0
United States,USA,2020-03-01,69,-0.043478260869565216,0.04380262265839363,1,-1.0,0.6931471805599453,8.33,-0.33253301320528217,0.35224441190325506,11.90,-0.4,0.46043713135317743,11.31,-0.15826702033598594,0.15713373288679833,13.19,-0.15769522365428357,0.1585059336069503,0.00,0.0,0.0
United States,USA,2020-03-02,89,-0.2247191011235955,0.25131442828090567,2,-0.5,0.4054651081081645,11.11,-0.2502250225022502,0.26079654270574837,15.48,-0.23126614987080102,0.24492021311369916,13.10,-0.13664122137404575,0.1357628571877605,15.28,-0.13678010471204188,0.1373998694024432,0.00,0.0,0.0
United States,USA,2020-03-03,103,-0.13592233009708737,0.14458122881110747,6,-0.6666666666666666,0.8472978603872034,11.11,0.0,0.0,15.48,0.0,0.0,13.10,0.0,0.0,15.28,0.0,0.0,0.00,0.0,0.0
United States,USA,2020-03-04,125,-0.176,0.19189100781010549,9,-0.3333333333333333,0.35667494393873267,11.11,0.0,0.0,15.48,0.0,0.0,15.48,-0.15374677002583984,0.1559727270972031,18.06,-0.15393133997785158,0.15765453765166138,0.00,0.0,0.0
United States,USA,2020-03-05,159,-0.2138364779874214,0.23889190828234863,11,-0.18181818181818182,0.18232155679395445,20.37,-0.4545900834560629,0.5679565117660554,26.19,-0.40893470790378006,0.5007017341630537,21.43,-0.27764815678954735,0.30825182405079143,25.00,-0.27760000000000007,0.3105046397954263,0.00,0.0,0.0
United States,USA,2020-03-06,233,-0.31759656652360513,0.3801473001238751,12,-0.08333333333333333,0.08004270767353638,20.37,0.0,0.0,26.19,0.0,0.0,21.43,0.0,0.0,25.00,0.0,0.0,0.00,0.0,0.0
United States,USA,2020-03-07,338,-0.3106508875739645,0.37067899202274823,14,-0.14285714285714285,0.14310084364067333,20.37,0.0,0.0,26.19,0.0,0.0,21.43,0.0,0.0,25.00,0.0,0.0,0.00,0.0,0.0
United States,USA,2020-03-08,433,-0.21939953810623555,0.2470444267199552,17,-0.17647058823529413,0.18232155679395445,20.37,0.0,0.0,26.19,0.0,0.0,21.43,0.0,0.0,25.00,0.0,0.0,0.00,0.0,0.0
United States,USA,2020-03-09,554,-0.2184115523465704,0.2459235796460293,21,-0.19047619047619047,0.20067069546215155,20.37,0.0,0.0,26.19,0.0,0.0,21.43,0.0,0.0,25.00,0.0,0.0,0.00,0.0,0.0
United States,USA,2020-03-10,754,-0.26525198938992045,0.3077496355025904,26,-0.19230769230769232,0.20479441264601306,20.37,0.0,0.0,26.19,0.0,0.0,22.32,-0.03987455197132619,0.038912012950174546,26.04,-0.039938556067588296,0.03922071315328113,0.00,0.0,0.0
United States,USA,2020-03-11,1025,-0.26439024390243904,0.30670527648169,28,-0.07142857142857142,0.07145896398214502,21.76,-0.06387867647058826,0.0630165399270739,26.19,0.0,0.0,23.21,-0.03834554071520899,0.03745440946767564,27.08,-0.0384047267355982,0.03774032798284699,0.00,0.0,0.0
United States,USA,2020-03-12,1312,-0.21875,0.2466468485720812,30,-0.06666666666666667,0.06669137449867213,30.09,-0.27683615819209034,0.31188161481253207,30.95,-0.15379644588045227,0.16132292217916433,28.57,-0.18760938046902342,0.19999456291441842,33.33,-0.18751875187518752,0.20096202831199017,0.00,0.0,0.0
United States,USA,2020-03-13,1663,-0.2110643415514131,0.2369097470783581,40,-0.25,0.2795848622191617,30.09,0.0,0.0,30.95,0.0,0.0,28.57,0.0,0.0,33.33,0.0,0.0,0.00,0.0,0.0
United States,USA,2020-03-14,2174,-0.23505059797608097,0.26780432214163064,47,-0.14893617021276595,0.1576289442035832,35.65,-0.15596072931276295,0.16452720426199807,40.48,-0.2354249011857707,0.2610392025377828,34.52,-0.17236384704519125,0.18333558425958385,40.28,-0.1725422045680239,0.1843585137037067,0.00,0.0,0.0
United States,USA,2020-03-15,2951,-0.26330057607590646,0.30545424219757855,57,-0.17543859649122806,0.18924199963852795,41.20,-0.13470873786407778,0.14100679270930572,40.48,0.0,0.0,38.10,-0.09396325459317581,0.0960265488673504,44.44,-0.09360936093609354,0.09601465323958891,0.00,0.0,0.0
United States,USA,2020-03-16,3774,-0.21807101218865924,0.24591747596276115,69,-0.17391304347826086,0.18805223150294026,52.31,-0.21238768877843622,0.2337037097927035,54.76,-0.26077428780131484,0.295845383090942,45.24,-0.15782493368700265,0.16772275737280218,52.78,-0.1580143993937098,0.16850887642782242,0.00,0.0,0.0
United States,USA,2020-03-17,4661,-0.19030251019094616,0.21104415791257836,85,-0.18823529411764706,0.20585205420414798,55.09,-0.050462878925394826,0.0508336126855764,59.52,-0.07997311827956997,0.0819171224678863,47.02,-0.03785623139089751,0.03777236642898529,54.86,-0.03791469194312793,0.03794690967631231,0.00,0.0,0.0
United States,USA,2020-03-18,6427,-0.27477827913489966,0.32121890726170044,108,-0.21296296296296297,0.2370005859756361,55.09,0.0,0.0,59.52,0.0,0.0,47.02,0.0,0.0,54.86,0.0,0.0,0.00,0.0,0.0
United States,USA,2020-03-19,9415,-0.3173659054699947,0.3817469220827103,150,-0.28,0.32593195458578084,67.13,-0.17935349322210625,0.19446010126533064,70.24,-0.15261958997722086,0.16308056950130645,54.76,-0.14134404674945206,0.1494391756591611,63.89,-0.1413366724056973,0.14984496811604675,0.00,0.0,0.0
United States,USA,2020-03-20,14250,-0.3392982456140351,0.4144167097330982,150,0.0,0.0,67.13,0.0,0.0,70.24,0.0,0.0,54.76,0.0,0.0,63.89,0.0,0.0,0.00,0.0,0.0
United States,USA,2020-03-21,19624,-0.27384834896045657,0.3199771839773966,260,-0.4230769230769231,0.5472405705077694,72.69,-0.07648920071536666,0.07844945999333142,72.14,-0.02633767673967294,0.026320954299773547,58.33,-0.061203497342705304,0.06205831381828375,68.06,-0.06126946811636794,0.0622821633287689,0.00,0.0,0.0
United States,USA,2020-03-22,26747,-0.2663102404007926,0.30965544052326166,340,-0.23529411764705882,0.26736206996082323,72.69,0.0,0.0,72.14,0.0,0.0,58.33,0.0,0.0,68.06,0.0,0.0,0.00,0.0,0.0
United States,USA,2020-03-23,35206,-0.24027154462307562,0.2747852222779308,471,-0.2781316348195329,0.32509650830203807,72.69,0.0,0.0,72.14,0.0,0.0,58.33,0.0,0.0,68.06,0.0,0.0,0.00,0.0,0.0
United States,USA,2020-03-24,46442,-0.24193617845915336,0.2769808277567751,590,-0.2016949152542373,0.2248370318205435,72.69,0.0,0.0,72.14,0.0,0.0,58.33,0.0,0.0,68.06,0.0,0.0,0.00,0.0,0.0
United States,USA,2020-03-25,55231,-0.15913164708225452,0.17331674123452423,801,-0.2634207240948814,0.30529259046041624,72.69,0.0,0.0,72.14,0.0,0.0,58.33,0.0,0.0,68.06,0.0,0.0,0.00,0.0,0.0
United States,USA,2020-03-26,69194,-0.201794953319652,0.225386110216931,1050,-0.23714285714285716,0.2703887630104367,72.69,0.0,0.0,72.14,0.0,0.0,58.33,0.0,0.0,68.06,0.0,0.0,0.00,0.0,0.0
United States,USA,2020-03-27,85991,-0.19533439545999,0.21732566299286837,1296,-0.18981481481481483,0.21031181343949257,72.69,0.0,0.0,72.14,0.0,0.0,67.26,-0.13276836158192099,0.14020886320800852,68.06,0.0,0.0,62.50,-1.0,4.151039905898646
United States,USA,2020-03-28,104686,-0.17858166325965266,0.19672067721781517,1707,-0.24077328646748683,0.2752691900320716,72.69,0.0,0.0,72.14,0.0,0.0,67.26,0.0,0.0,68.06,0.0,0.0,62.50,0.0,0.0
United States,USA,2020-03-29,124665,-0.1602615008222035,0.17466321524996253,2191,-0.2209036969420356,0.24949127371939017,72.69,0.0,0.0,72.14,0.0,0.0,67.26,0.0,0.0,68.06,0.0,0.0,62.50,0.0,0.0
United States,USA,2020-03-30,143025,-0.12836916622968012,0.13738827077626325,2509,-0.1267437225986449,0.1354683840579236,72.69,0.0,0.0,72.14,0.0,0.0,67.26,0.0,0.0,68.06,0.0,0.0,62.50,0.0,0.0
United States,USA,2020-03-31,164620,-0.13118090147005224,0.14061943020728407,3170,-0.2085173501577287,0.23376424241251836,72.69,0.0,0.0,72.14,0.0,0.0,67.26,0.0,0.0,68.06,0.0,0.0,62.50,0.0,0.0
United States,USA,2020-04-01,189618,-0.13183347572487844,0.14137093364851339,4079,-0.22284873743564598,0.25204999285985963,72.69,0.0,0.0,72.14,0.0,0.0,67.26,0.0,0.0,68.06,0.0,0.0,62.50,0.0,0.0
United States,USA,2020-04-02,216721,-0.12505940817917968,0.13359863046125753,5138,-0.20611132736473337,0.23076151959402225,72.69,0.0,0.0,72.14,0.0,0.0,67.26,0.0,0.0,68.06,0.0,0.0,62.50,0.0,0.0
United States,USA,2020-04-03,245540,-0.11736987863484565,0.12484851316872891,6053,-0.15116471171320006,0.1638607025894352,72.69,0.0,0.0,72.14,0.0,0.0,67.26,0.0,0.0,68.06,0.0,0.0,62.50,0.0,0.0
United States,USA,2020-04-04,277965,-0.11665137697192092,0.12403486465225733,7157,-0.1542545759396395,0.16751140174430645,72.69,0.0,0.0,72.14,0.0,0.0,69.05,-0.02592324402606795,0.025885329304455418,70.14,-0.029654975762760168,0.029674074558462493,62.50,0.0,0.0
United States,USA,2020-04-05,312237,-0.10976277635257833,0.11626691346976692,8501,-0.15809904717092108,0.17207081759276477,72.69,0.0,0.0,72.14,0.0,0.0,69.05,0.0,0.0,70.14,0.0,0.0,62.50,0.0,0.0
United States,USA,2020-04-06,337635,-0.07522324403571905,0.07820267458516561,9647,-0.11879340727687364,0.1264492100482304,72.69,0.0,0.0,72.14,0.0,0.0,70.83,-0.025130594380912058,0.025092943303693716,72.22,-0.02880088618111324,0.02881884117178135,62.50,0.0,0.0
United States,USA,2020-04-07,368196,-0.08300198807157058,0.08664972891221723,10989,-0.12212212212212212,0.13023512843069973,72.69,0.0,0.0,72.14,0.0,0.0,70.83,0.0,0.0,72.22,0.0,0.0,62.50,0.0,0.0
United States,USA,2020-04-08,398809,-0.07676105604437211,0.07986699197898695,12895,-0.1478092283830942,0.1599314173487425,72.69,0.0,0.0,72.14,0.0,0.0,70.83,0.0,0.0,72.22,0.0,0.0,62.50,0.0,0.0
United States,USA,2020-04-09,432132,-0.07711301176492368,0.08024829823314228,14817,-0.12971586690963083,0.13892547223019314,72.69,0.0,0.0,72.14,0.0,0.0,70.83,0.0,0.0,72.22,0.0,0.0,62.50,0.0,0.0
United States,USA,2020-04-10,466033,-0.07274377565537204,0.07552518160536081,16690,-0.11222288795686039,0.11902699400181582,72.69,0.0,0.0,72.14,0.0,0.0,70.83,0.0,0.0,72.22,0.0,0.0,62.50,0.0,0.0
United States,USA,2020-04-11,501560,-0.07083300103676529,0.0734666422622734,18777,-0.11114661554028865,0.11781631984007568,72.69,0.0,0.0,72.14,0.0,0.0,70.83,0.0,0.0,72.22,0.0,0.0,62.50,0.0,0.0
United States,USA,2020-04-12,529951,-0.053572877492447414,0.05506120130732306,20608,-0.08884899068322981,0.09304190175301486,72.69,0.0,0.0,72.14,0.0,0.0,70.83,0.0,0.0,72.22,0.0,0.0,62.50,0.0,0.0
United States,USA,2020-04-13,557571,-0.0495362922390153,0.050805206570373684,22108,-0.06784874253663832,0.07025689185371142,72.69,0.0,0.0,72.14,0.0,0.0,70.83,0.0,0.0,72.22,0.0,0.0,62.50,0.0,0.0
United States,USA,2020-04-14,582594,-0.04295100876425092,0.043900619293406606,23649,-0.06516131760328132,0.06737834949485944,72.69,0.0,0.0,72.14,0.0,0.0,70.83,0.0,0.0,72.22,0.0,0.0,62.50,0.0,0.0
United States,USA,2020-04-15,609516,-0.0441694721713622,0.045174577976018426,26057,-0.09241278735080785,0.096961707842798,72.69,0.0,0.0,72.14,0.0,0.0,70.83,0.0,0.0,72.22,0.0,0.0,62.50,0.0,0.0
United States,USA,2020-04-16,639664,-0.047130993771730155,0.048277761565605815,30985,-0.15904469904792642,0.17321066679335928,72.69,0.0,0.0,72.14,0.0,0.0,70.83,0.0,0.0,72.22,0.0,0.0,62.50,0.0,0.0
United States,USA,2020-04-17,671331,-0.04717047179409263,0.04831919669862117,33284,-0.06907222689580579,0.07157135547856797,72.69,0.0,0.0,72.14,0.0,0.0,70.83,0.0,0.0,72.22,0.0,0.0,62.50,0.0,0.0
United States,USA,2020-04-18,702164,-0.04391139391936926,0.04490462063153089,37054,-0.10174340152210287,0.10729645035065438,72.69,0.0,0.0,72.14,0.0,0.0,70.83,0.0,0.0,72.22,0.0,0.0,62.50,0.0,0.0
United States,USA,2020-04-19,735086,-0.04478659639824456,0.0458204404122764,38910,-0.04769982009766127,0.04887369159699695,72.69,0.0,0.0,72.14,0.0,0.0,70.83,0.0,0.0,72.22,0.0,0.0,62.50,0.0,0.0
United States,USA,2020-04-20,759687,-0.032383073555293164,0.032918963120675215,40682,-0.04355734722973305,0.04453332777359975,72.69,0.0,0.0,72.14,0.0,0.0,70.83,0.0,0.0,72.22,0.0,0.0,62.50,0.0,0.0
United States,USA,2020-04-21,787752,-0.035626694695792584,0.03627676626936349,42539,-0.04365405862855262,0.044634494998172514,72.69,0.0,0.0,72.14,0.0,0.0,70.83,0.0,0.0,72.22,0.0,0.0,62.50,0.0,0.0
United States,USA,2020-04-22,825041,-0.04519654174762224,0.046249705184813195,45063,-0.056010474224973926,0.05763889182032145,72.69,0.0,0.0,72.14,0.0,0.0,70.83,0.0,0.0,72.22,0.0,0.0,62.50,0.0,0.0
United States,USA,2020-04-23,842629,-0.020872768442576746,0.021093658863941656,46784,-0.03678608071135431,0.03747893713546446,72.69,0.0,0.0,72.14,0.0,0.0,70.83,0.0,0.0,72.22,0.0,0.0,62.50,0.0,0.0
United States,USA,2020-04-24,869172,-0.030538259400901088,0.031014231859622043,49963,-0.06362708404219122,0.0657401073757864,72.69,0.0,0.0,72.14,0.0,0.0,70.83,0.0,0.0,72.22,0.0,0.0,62.50,0.0,0.0
United States,USA,2020-04-25,890524,-0.023976894502562535,0.02426899159798168,51017,-0.020659780073308896,0.020875765528046486,72.69,0.0,0.0,72.14,0.0,0.0,70.83,0.0,0.0,72.22,0.0,0.0,62.50,0.0,0.0
United States,USA,2020-04-26,939053,-0.05167865924500534,0.053061809090651835,53189,-0.04083551110191957,0.04169189712251686,72.69,0.0,0.0,72.14,0.0,0.0,70.83,0.0,0.0,72.22,0.0,0.0,62.50,0.0,0.0
United States,USA,2020-04-27,965910,-0.02780486794835958,0.028198711920918385,54876,-0.030742036591588306,0.03122390844620071,72.69,0.0,0.0,72.14,0.0,0.0,70.83,0.0,0.0,72.22,0.0,0.0,62.50,0.0,0.0
United States,USA,2020-04-28,988451,-0.02280436764189626,0.023068385546940462,56245,-0.024339941328118054,0.024640610244476946,72.69,0.0,0.0,72.14,0.0,0.0,70.83,0.0,0.0,72.22,0.0,0.0,62.50,0.0,0.0
United States,USA,2020-04-29,1012583,-0.023832120428646342,0.024120675492598664,58355,-0.0361579984577157,0.03682725376474494,72.69,0.0,0.0,72.14,0.0,0.0,70.83,0.0,0.0,72.22,0.0,0.0,62.50,0.0,0.0
United States,USA,2020-04-30,1039909,-0.026277299263685574,0.02662869142679014,60966,-0.04282714955877046,0.04377055297267596,72.69,0.0,0.0,72.14,0.0,0.0,70.83,0.0,0.0,72.22,0.0,0.0,62.50,0.0,0.0
United States,USA,2020-05-01,1069826,-0.02796436055956763,0.028362782211766913,63006,-0.032377868774402435,0.032913097147936554,72.69,0.0,0.0,72.14,0.0,0.0,70.83,0.0,0.0,72.22,0.0,0.0,62.50,0.0,0.0
United States,USA,2020-05-02,1103781,-0.03076244291213565,0.03124551142941101,65068,-0.031689924386795354,0.032202413993379864,72.69,0.0,0.0,72.14,0.0,0.0,70.83,0.0,0.0,72.22,0.0,0.0,62.50,0.0,0.0
United States,USA,2020-05-03,1133069,-0.025848381696083823,0.026188298426450984,66385,-0.019838819010318597,0.020037945554664205,72.69,0.0,0.0,72.14,0.0,0.0,70.83,0.0,0.0,72.22,0.0,0.0,62.50,0.0,0.0
United States,USA,2020-05-04,1158041,-0.021564003347031756,0.021799884908432432,67682,-0.01916314529712479,0.019348849678417324,72.69,0.0,0.0,72.14,0.0,0.0,70.83,0.0,0.0,72.22,0.0,0.0,62.50,0.0,0.0
United States,USA,2020-05-05,1180634,-0.019136328447258,0.019321781404626037,68934,-0.018162300171178227,0.018328991066869804,72.69,0.0,0.0,72.14,0.0,0.0,70.83,0.0,0.0,72.22,0.0,0.0,62.50,0.0,0.0
United States,USA,2020-05-06,1204475,-0.019793686045787583,0.019992188266318323,71078,-0.030164045133515293,0.030627902908856086,72.69,0.0,0.0,72.14,0.0,0.0,70.83,0.0,0.0,72.22,0.0,0.0,62.50,0.0,0.0
United States,USA,2020-05-07,1228603,-0.01963856510198982,0.019833947886549907,73431,-0.032043687271043564,0.032567873384341084,72.69,0.0,0.0,72.14,0.0,0.0,70.83,0.0,0.0,72.22,0.0,0.0,62.50,0.0,0.0
United States,USA,2020-05-08,1256972,-0.02256931737540693,0.02282788418318482,75670,-0.029589004889652437,0.0300351879791787,72.69,0.0,0.0,72.14,0.0,0.0,70.83,0.0,0.0,72.22,0.0,0.0,62.50,0.0,0.0
United States,USA,2020-05-09,1283929,-0.020995709264297325,0.02121923698388528,77180,-0.01956465405545478,0.019758316854106894,72.69,0.0,0.0,72.14,0.0,0.0,70.83,0.0,0.0,72.22,0.0,0.0,62.50,0.0,0.0
United States,USA,2020-05-10,1309541,-0.019557997802283397,0.019751771114016492,78794,-0.020483793182221998,0.020696230323958176,72.69,0.0,0.0,72.14,0.0,0.0,70.83,0.0,0.0,72.22,0.0,0.0,62.50,0.0,0.0
United States,USA,2020-05-11,1329799,-0.015233881210619048,0.015351097224501231,79528,-0.009229453777285988,0.00927219194446316,72.69,0.0,0.0,72.14,0.0,0.0,70.83,0.0,0.0,72.22,0.0,0.0,62.50,0.0,0.0
United States,USA,2020-05-12,1347916,-0.013440748533291393,0.013531882907924953,80684,-0.014327499876059689,0.01443094937481959,72.69,0.0,0.0,72.14,0.0,0.0,70.83,0.0,0.0,72.22,0.0,0.0,62.50,0.0,0.0
United States,USA,2020-05-13,1369964,-0.016093853561115475,0.01622475417429392,82387,-0.02067073688810128,0.020887110848914148,72.69,0.0,0.0,72.14,0.0,0.0,70.83,0.0,0.0,72.22,0.0,0.0,62.50,0.0,0.0
United States,USA,2020-05-14,1390746,-0.014943059336499979,0.01505582079303025,84133,-0.020752855597684618,0.02097097065559339,72.69,0.0,0.0,72.14,0.0,0.0,70.83,0.0,0.0,72.22,0.0,0.0,62.50,0.0,0.0
United States,USA,2020-05-15,1417889,-0.01914324746154318,0.019328838191492892,85906,-0.020638837799455217,0.02085454987702029,72.69,0.0,0.0,72.14,0.0,0.0,70.83,0.0,0.0,72.22,0.0,0.0,62.50,0.0,0.0
United States,USA,2020-05-16,1443397,-0.017672199678951808,0.017830204984823794,87568,-0.018979535903526402,0.019161738258206995,72.69,0.0,0.0,72.14,0.0,0.0,70.83,0.0,0.0,72.22,0.0,0.0,62.50,0.0,0.0
United States,USA,2020-05-17,1467884,-0.016681835894389475,0.01682253321130922,88754,-0.013362778015638732,0.013452710763715459,72.69,0.0,0.0,72.14,0.0,0.0,70.83,0.0,0.0,72.22,0.0,0.0,62.50,0.0,0.0
United States,USA,2020-05-18,1486757,-0.012694071727928639,0.01277532120529834,89562,-0.009021683303186619,0.00906252346969083,72.69,0.0,0.0,72.14,0.0,0.0,70.83,0.0,0.0,72.22,0.0,0.0,62.50,0.0,0.0
United States,USA,2020-05-19,1508598,-0.014477680601459103,0.014583495116550438,90353,-0.008754551592088808,0.008793000066280143,72.69,0.0,0.0,72.14,0.0,0.0,70.83,0.0,0.0,72.22,0.0,0.0,62.50,0.0,0.0
United States,USA,2020-05-20,1528568,-0.013064515284894097,0.01315059805529728,91921,-0.01705812599949957,0.017205103021538548,72.69,0.0,0.0,72.14,0.0,0.0,70.83,0.0,0.0,72.22,0.0,0.0,62.50,0.0,0.0
United States,USA,2020-05-21,1551853,-0.01500464283666043,0.015118341544777536,93439,-0.016245893042519718,0.01637912772564043,72.69,0.0,0.0,72.14,0.0,0.0,70.83,0.0,0.0,72.22,0.0,0.0,62.50,0.0,0.0
United States,USA,2020-05-22,1577287,-0.01612515667725658,0.016256571373720163,94702,-0.013336571561318664,0.013426159596619414,72.69,0.0,0.0,72.14,0.0,0.0,70.83,0.0,0.0,72.22,0.0,0.0,62.50,0.0,0.0
United States,USA,2020-05-23,1601434,-0.015078361018936778,0.015193185748932692,96007,-0.013592758861333027,0.013685842652604308,72.69,0.0,0.0,72.14,0.0,0.0,70.83,0.0,0.0,72.22,0.0,0.0,62.50,0.0,0.0
United States,USA,2020-05-24,1622670,-0.01308707254093562,0.01317345466116926,97087,-0.011124043383769197,0.011186262396925883,72.69,0.0,0.0,72.14,0.0,0.0,70.83,0.0,0.0,72.22,0.0,0.0,62.50,0.0,0.0
United States,USA,2020-05-25,1643238,-0.012516750464631417,0.012595737132883755,97720,-0.006477691363078183,0.006498695930801546,72.69,0.0,0.0,72.14,0.0,0.0,70.83,0.0,0.0,72.22,0.0,0.0,62.50,0.0,0.0
United States,USA,2020-05-26,1662302,-0.011468433533738153,0.011534696198314265,98220,-0.005090612909794339,0.005103562128221384,72.69,0.0,0.0,72.14,0.0,0.0,70.83,0.0,0.0,72.22,0.0,0.0,62.50,0.0,0.0
United States,USA,2020-05-27,1681212,-0.011247837869346638,0.011311566404865303,98916,-0.007036273201504306,0.007061072870833129,72.69,0.0,0.0,72.14,0.0,0.0,70.83,0.0,0.0,72.22,0.0,0.0,62.50,0.0,0.0
United States,USA,2020-05-28,1699933,-0.011012786974545467,0.011073870088205595,100442,-0.015192847613548117,0.015309287765660429,72.69,0.0,0.0,72.14,0.0,0.0,70.83,0.0,0.0,72.22,0.0,0.0,62.50,0.0,0.0
United States,USA,2020-05-29,1721750,-0.01267140990271526,0.012752369467809999,101617,-0.011563025871655334,0.011630282385201696,72.69,0.0,0.0,72.14,0.0,0.0,70.83,0.0,0.0,72.22,0.0,0.0,62.50,0.0,0.0
United States,USA,2020-05-30,1747087,-0.014502426038314063,0.014608605702772337,102836,-0.011853825508576762,0.011924525636818117,72.69,0.0,0.0,72.14,0.0,0.0,70.83,0.0,0.0,72.22,0.0,0.0,62.50,0.0,0.0
United States,USA,2020-05-31,1770384,-0.013159291995408906,0.013246635107575955,103781,-0.009105712991780769,0.009147334846238309,72.69,0.0,0.0,72.14,0.0,0.0,70.83,0.0,0.0,72.22,0.0,0.0,62.50,0.0,0.0
United States,USA,2020-06-01,1790191,-0.011064182536947175,0.01112583961301361,104383,-0.005767222632037784,0.00578386170870715,72.69,0.0,0.0,72.14,0.0,0.0,70.83,0.0,0.0,72.22,0.0,0.0,62.50,0.0,0.0
United States,USA,2020-06-02,1811277,-0.011641510381901829,0.011709796800186467,105147,-0.007266018050919189,0.007292474522289538,72.69,0.0,0.0,72.14,0.0,0.0,70.83,0.0,0.0,72.22,0.0,0.0,62.50,0.0,0.0
United States,USA,2020-06-03,1831821,-0.011215069594682013,0.011278426488930293,106181,-0.00973808873527279,0.009785721396264435,72.69,0.0,0.0,72.14,0.0,0.0,70.83,0.0,0.0,72.22,0.0,0.0,62.50,0.0,0.0
United States,USA,2020-06-04,1851520,-0.010639366574490149,0.010696363502821882,107175,-0.00927455096804292,0.009317740057582569,72.69,0.0,0.0,72.14,0.0,0.0,70.83,0.0,0.0,72.22,0.0,0.0,62.50,0.0,0.0
United States,USA,2020-06-05,1872660,-0.011288755032947786,0.01135295055925134,108211,-0.009573888052046465,0.009619923018240328,72.69,0.0,0.0,72.14,0.0,0.0,70.83,0.0,0.0,72.22,0.0,0.0,62.50,0.0,0.0
United States,USA,2020-06-06,1897838,-0.013266675027057103,0.01335545643555669,109143,-0.008539255838670368,0.008575845267648319,72.69,0.0,0.0,72.14,0.0,0.0,70.83,0.0,0.0,72.22,0.0,0.0,62.50,0.0,0.0
United States,USA,2020-06-07,1920061,-0.011574111447500887,0.011641606727966547,109802,-0.006001712172820167,0.006019739845978478,72.69,0.0,0.0,72.14,0.0,0.0,70.83,0.0,0.0,72.22,0.0,0.0,62.50,0.0,0.0
United States,USA,2020-06-08,1942363,-0.011481890872097543,0.011548310753646263,110514,-0.0064426226541433665,0.006463407244853059,72.69,0.0,0.0,72.14,0.0,0.0,70.83,0.0,0.0,72.22,0.0,0.0,62.50,0.0,0.0
United States,USA,2020-06-09,1961185,-0.009597258800164186,0.009643604344182322,111007,-0.004441161368202005,0.004451012435934487,72.69,0.0,0.0,72.14,0.0,0.0,70.83,0.0,0.0,72.22,0.0,0.0,62.50,0.0,0.0
United States,USA,2020-06-10,1979850,-0.0094274818799404,0.00947219706675817,112006,-0.008919165044729747,0.008959098554711886,72.69,0.0,0.0,72.14,0.0,0.0,70.83,0.0,0.0,72.22,0.0,0.0,62.50,0.0,0.0
United States,USA,2020-06-11,2000464,-0.010304609330635293,0.010358064186430482,112924,-0.008129361340370515,0.008162512198616412,72.69,0.0,0.0,72.14,0.0,0.0,70.83,0.0,0.0,72.22,0.0,0.0,62.50,0.0,0.0
United States,USA,2020-06-12,2023347,-0.011309478799237105,0.011373911605431886,113820,-0.007872078720787207,0.007903157397858962,72.69,0.0,0.0,72.14,0.0,0.0,70.83,0.0,0.0,72.22,0.0,0.0,62.50,0.0,0.0
United States,USA,2020-06-13,2048986,-0.012513018634583154,0.012591959536873532,114669,-0.007403919106297256,0.007431399111686332,72.69,0.0,0.0,72.14,0.0,0.0,70.83,0.0,0.0,72.22,0.0,0.0,62.50,0.0,0.0
United States,USA,2020-06-14,2074526,-0.012311246038854176,0.01238765121215657,115436,-0.00664437437194636,0.006666488551733352,72.69,0.0,0.0,72.14,0.0,0.0,70.83,0.0,0.0,72.22,0.0,0.0,62.50,0.0,0.0
United States,USA,2020-06-15,2094069,-0.009332548258916015,0.009376364843459939,115732,-0.0025576331524556736,0.0025608873276592448,68.98,0.05378370542186132,-0.051657617839365955,68.57,0.05206358465801382,-0.05004197278568512,68.45,0.03476990504017524,-0.03369514688635711,69.44,0.04003456221198159,-0.0387073240640845,62.50,0.0,0.0
United States,USA,2020-06-16,2114026,-0.009440281245358383,0.009485118628768774,116127,-0.003401448414236138,0.003407217101054627,68.98,0.0,0.0,68.57,0.0,0.0,68.45,0.0,0.0,69.44,0.0,0.0,62.50,0.0,0.0
United States,USA,2020-06-17,2137731,-0.011088860104475259,0.011150794587949875,116963,-0.007147559484623343,0.007173164112412422,68.98,0.0,0.0,68.57,0.0,0.0,68.45,0.0,0.0,69.44,0.0,0.0,62.50,0.0,0.0
United States,USA,2020-06-18,2163290,-0.011814874566054482,0.011885219338745756,117717,-0.00640519211328865,0.006425738611346432,68.98,0.0,0.0,68.57,0.0,0.0,68.45,0.0,0.0,69.44,0.0,0.0,62.50,0.0,0.0
United States,USA,2020-06-19,2191052,-0.012670625799844093,0.012751576899004746,118434,-0.006054004762146005,0.00607235312012655,68.98,0.0,0.0,68.57,0.0,0.0,68.45,0.0,0.0,69.44,0.0,0.0,62.50,0.0,0.0
United States,USA,2020-06-20,2220961,-0.013466693021624423,0.013558185167347858,119112,-0.005692121700584324,0.005708335503197048,68.98,0.0,0.0,68.57,0.0,0.0,68.45,0.0,0.0,69.44,0.0,0.0,62.50,0.0,0.0
United States,USA,2020-06-21,2255119,-0.015146872515375021,0.015262751260626928,119719,-0.0050702060658709145,0.005083060606756007,68.98,0.0,0.0,68.57,0.0,0.0,68.45,0.0,0.0,69.44,0.0,0.0,62.50,0.0,0.0
United States,USA,2020-06-22,2280912,-0.01130819601983768,0.011372614792328761,119975,-0.0021337778703896643,0.0021360397948804177,68.98,0.0,0.0,68.57,0.0,0.0,68.45,0.0,0.0,69.44,0.0,0.0,62.50,0.0,0.0
United States,USA,2020-06-23,2312302,-0.013575216386094897,0.013668196177745173,120402,-0.00354645271673228,0.0035527267284418684,68.98,0.0,0.0,68.57,0.0,0.0,68.45,0.0,0.0,69.44,0.0,0.0,62.50,0.0,0.0
United States,USA,2020-06-24,2347022,-0.014793214550183169,0.014903718978775515,121228,-0.006813607417428317,0.006836869433344717,68.98,0.0,0.0,68.57,0.0,0.0,68.45,0.0,0.0,69.44,0.0,0.0,62.50,0.0,0.0
United States,USA,2020-06-25,2381361,-0.01441990525585999,0.014524876342315807,121979,-0.0061567974815337064,0.006175777927143855,68.98,0.0,0.0,68.57,0.0,0.0,68.45,0.0,0.0,69.44,0.0,0.0,62.50,0.0,0.0
United States,USA,2020-06-26,2422310,-0.01690493784858255,0.017049450255784748,124416,-0.019587512860082305,0.019781730048748614,68.98,0.0,0.0,68.57,0.0,0.0,68.45,0.0,0.0,69.44,0.0,0.0,62.50,0.0,0.0
United States,USA,2020-06-27,2467837,-0.018448138997834946,0.018620420530915283,125039,-0.004982445477011172,0.004994859196163048,68.98,0.0,0.0,68.57,0.0,0.0,68.45,0.0,0.0,69.44,0.0,0.0,62.50,0.0,0.0
United States,USA,2020-06-28,2510323,-0.01692451529145851,0.01706936478421106,125539,-0.003982826054054915,0.0039907467761644,68.98,0.0,0.0,68.57,0.0,0.0,68.45,0.0,0.0,69.44,0.0,0.0,62.50,0.0,0.0
United States,USA,2020-06-29,2548996,-0.01517185589934233,0.015288119982704629,125804,-0.0021064513052049217,0.0021086562150998134,68.98,0.0,0.0,68.57,0.0,0.0,68.45,0.0,0.0,69.44,0.0,0.0,62.50,0.0,0.0
United States,USA,2020-06-30,2590552,-0.016041368789354547,0.01617141797303745,126140,-0.0026637069922308544,0.0026672397989777608,68.98,0.0,0.0,68.57,0.0,0.0,68.45,0.0,0.0,69.44,0.0,0.0,62.50,0.0,0.0
United States,USA,2020-07-01,2634432,-0.01665634186040862,0.01679661213888295,127410,-0.00996782042225885,0.010017752736523278,68.98,0.0,0.0,68.57,0.0,0.0,70.24,-0.02548405466970376,0.025447389221108452,71.53,-0.029218509716203038,0.029238985747315205,62.50,0.0,0.0
United States,USA,2020-07-02,2686480,-0.019374050802537148,0.019564180189620473,128062,-0.0050912839093564055,0.005104248695092295,68.98,0.0,0.0,68.57,0.0,0.0,70.24,0.0,0.0,71.53,0.0,0.0,62.50,0.0,0.0
United States,USA,2020-07-03,2739879,-0.019489546801154358,0.01968196505778863,128740,-0.005266428460462948,0.005280303852822854,68.98,0.0,0.0,68.57,0.0,0.0,70.24,0.0,0.0,71.53,0.0,0.0,62.50,0.0,0.0
United States,USA,2020-07-04,2794321,-0.01948308730457238,0.019675377331630273,129434,-0.005361806016966176,0.005376190440479434,68.98,0.0,0.0,68.57,0.0,0.0,70.24,0.0,0.0,71.53,0.0,0.0,62.50,0.0,0.0
United States,USA,2020-07-05,2839542,-0.015925455584034326,0.01605362257975429,129676,-0.0018661895801844598,0.001867918663464252,68.98,0.0,0.0,68.57,0.0,0.0,70.24,0.0,0.0,71.53,0.0,0.0,62.50,0.0,0.0
United States,USA,2020-07-06,2888635,-0.016995224387989484,0.01714129466014036,129947,-0.0020854656129037225,0.002087627142397963,68.98,0.0,0.0,68.57,0.0,0.0,70.24,0.0,0.0,71.53,0.0,0.0,62.50,0.0,0.0
United States,USA,2020-07-07,2938625,-0.017011357352503295,0.017157706779187265,130306,-0.002755053489478612,0.0027588344331572756,68.98,0.0,0.0,68.57,0.0,0.0,70.24,0.0,0.0,71.53,0.0,0.0,62.50,0.0,0.0
United States,USA,2020-07-08,2996098,-0.019182616856991994,0.019368983996576716,131480,-0.008929114694250076,0.008969149619195704,68.98,0.0,0.0,68.57,0.0,0.0,70.24,0.0,0.0,71.53,0.0,0.0,62.50,0.0,0.0
United States,USA,2020-07-09,3055004,-0.01928180781432692,0.019470120115656186,132309,-0.006265635746623434,0.006285299567723612,68.98,0.0,0.0,68.57,0.0,0.0,70.24,0.0,0.0,71.53,0.0,0.0,62.50,0.0,0.0
United States,USA,2020-07-10,3118008,-0.020206490810799716,0.020413427813672058,133291,-0.007367339130173831,0.0073945563256199165,68.98,0.0,0.0,68.57,0.0,0.0,70.24,0.0,0.0,71.53,0.0,0.0,62.50,0.0,0.0
United States,USA,2020-07-11,3184633,-0.020920777998595128,0.02114271166617243,134097,-0.006010574434923973,0.006028665553373003,68.98,0.0,0.0,68.57,0.0,0.0,70.24,0.0,0.0,71.53,0.0,0.0,62.50,0.0,0.0
United States,USA,2020-07-12,3247684,-0.019414142508938678,0.01960506607440493,134814,-0.005318438737816547,0.005332592318575635,68.98,0.0,0.0,68.57,0.0,0.0,70.24,0.0,0.0,71.53,0.0,0.0,62.50,0.0,0.0
United States,USA,2020-07-13,3304942,-0.01732496364535293,0.017476791721179552,135205,-0.002891904885174365,0.0028960730704952198,68.98,0.0,0.0,68.57,0.0,0.0,70.24,0.0,0.0,71.53,0.0,0.0,62.50,0.0,0.0
United States,USA,2020-07-14,3363056,-0.01728011665580353,0.017431155208180726,135605,-0.0029497437410124995,0.002954080992617847,68.98,0.0,0.0,68.57,0.0,0.0,70.24,0.0,0.0,71.53,0.0,0.0,62.50,0.0,0.0
United States,USA,2020-07-15,3431574,-0.01996693062716992,0.020168957691716116,136466,-0.006309263845939648,0.006329204840019642,68.98,0.0,0.0,68.57,0.0,0.0,70.24,0.0,0.0,71.53,0.0,0.0,62.50,0.0,0.0
United States,USA,2020-07-16,3499291,-0.019351634373934605,0.019541322859812027,137419,-0.006934994433084217,0.006959102447908094,68.98,0.0,0.0,68.57,0.0,0.0,70.24,0.0,0.0,71.53,0.0,0.0,62.50,0.0,0.0
United States,USA,2020-07-17,3576221,-0.021511534102618378,0.021746273602694544,138358,-0.0067867416412495125,0.006809826917514528,68.98,0.0,0.0,68.57,0.0,0.0,70.24,0.0,0.0,71.53,0.0,0.0,62.50,0.0,0.0
United States,USA,2020-07-18,3647715,-0.019599667188911415,0.01979428238309211,139266,-0.006519897175189924,0.006541197420755651,68.98,0.0,0.0,68.57,0.0,0.0,70.24,0.0,0.0,71.53,0.0,0.0,62.50,0.0,0.0
United States,USA,2020-07-19,3711464,-0.017176240965829117,0.01732545907711014,140119,-0.006087682612636402,0.0061062443880874895,68.98,0.0,0.0,68.57,0.0,0.0,70.24,0.0,0.0,71.53,0.0,0.0,62.50,0.0,0.0
United States,USA,2020-07-20,3773260,-0.016377350089842736,0.016512936930414668,140534,-0.002953022044487455,0.0029573697419742473,67.13,0.027558468642931756,-0.02679184215396546,68.57,0.0,0.0,69.05,0.017233888486603878,-0.01684518563844506,70.14,0.019817507841459945,-0.019350502855012053,62.50,0.0,0.0
United States,USA,2020-07-21,3830010,-0.014817193688789324,0.01492806093921395,140906,-0.002640057910947724,0.002643530223888746,67.13,0.0,0.0,68.57,0.0,0.0,69.05,0.0,0.0,70.14,0.0,0.0,62.50,0.0,0.0
United States,USA,2020-07-22,3902058,-0.018464102788836045,0.018636687286564424,142066,-0.008165218982726338,0.008198679014787658,67.13,0.0,0.0,68.57,0.0,0.0,69.05,0.0,0.0,70.14,0.0,0.0,62.50,0.0,0.0
United States,USA,2020-07-23,3970906,-0.017338108733875847,0.017490169543705747,143190,-0.00784971017529157,0.007880626079504793,67.13,0.0,0.0,68.57,0.0,0.0,69.05,0.0,0.0,70.14,0.0,0.0,62.50,0.0,0.0
United States,USA,2020-07-24,4034102,-0.015665444255003963,0.015789440094453155,144242,-0.007293298761803081,0.007319973958216153,67.13,0.0,0.0,68.57,0.0,0.0,69.05,0.0,0.0,70.14,0.0,0.0,62.50,0.0,0.0
United States,USA,2020-07-25,4112529,-0.01907026065956009,0.019254438721892697,145546,-0.008959366798125678,0.00899968115783345,67.13,0.0,0.0,68.57,0.0,0.0,69.05,0.0,0.0,70.14,0.0,0.0,62.50,0.0,0.0
United States,USA,2020-07-26,4178027,-0.01567677757946514,0.01580095398539072,146460,-0.00624061177113205,0.00626012290693545,67.13,0.0,0.0,68.57,0.0,0.0,69.05,0.0,0.0,70.14,0.0,0.0,62.50,0.0,0.0
United States,USA,2020-07-27,4234020,-0.013224547829249743,0.013312767666116443,146935,-0.0032327219518834857,0.0032379364138073186,67.13,0.0,0.0,68.57,0.0,0.0,69.05,0.0,0.0,70.14,0.0,0.0,62.50,0.0,0.0
United States,USA,2020-07-28,4290263,-0.01310945273052025,0.01319613695883426,148011,-0.00726972995250353,0.007296233732068558,67.13,0.0,0.0,68.57,0.0,0.0,69.05,0.0,0.0,70.14,0.0,0.0,62.50,0.0,0.0
United States,USA,2020-07-29,4351997,-0.01418521198429135,0.014286780486660433,149256,-0.008341373211127191,0.008376300787112712,67.13,0.0,0.0,68.57,0.0,0.0,69.05,0.0,0.0,70.14,0.0,0.0,62.50,0.0,0.0
United States,USA,2020-07-30,4426982,-0.016938175940177755,0.017083263675635507,150713,-0.009667381048748282,0.009714348773043113,67.13,0.0,0.0,68.57,0.0,0.0,69.05,0.0,0.0,70.14,0.0,0.0,62.50,0.0,0.0
United States,USA,2020-07-31,4495014,-0.015134991793129009,0.01525069128882528,152070,-0.008923522062208193,0.008963515931272426,67.13,0.0,0.0,68.57,0.0,0.0,69.05,0.0,0.0,70.14,0.0,0.0,62.50,0.0,0.0
United States,USA,2020-08-01,4562037,-0.014691463484404007,0.01480044854829643,153314,-0.008114066556217958,0.008147111399418705,67.13,0.0,0.0,68.57,0.0,0.0,69.05,0.0,0.0,70.14,0.0,0.0,62.50,0.0,0.0
United States,USA,2020-08-02,4620444,-0.012640992943535297,0.012721567293992209,154447,-0.007335849838455911,0.007362841657108987,67.13,0.0,0.0,68.57,0.0,0.0,69.05,0.0,0.0,70.14,0.0,0.0,62.50,0.0,0.0
United States,USA,2020-08-03,4667955,-0.010178118683663404,0.010230267700103823,154860,-0.00266692496448405,0.0026704702769038136,67.13,0.0,0.0,68.57,0.0,0.0,69.05,0.0,0.0,70.14,0.0,0.0,62.50,0.0,0.0
United States,USA,2020-08-04,4713562,-0.009675697487377911,0.00972280912718837,155403,-0.0034941410397482673,0.0035002372448555974,67.13,0.0,0.0,68.57,0.0,0.0,69.05,0.0,0.0,70.14,0.0,0.0,62.50,0.0,0.0
United States,USA,2020-08-05,4771087,-0.0120570008469768,0.012130273505603029,156806,-0.008947361708097904,0.008987572148969392,67.13,0.0,0.0,68.57,0.0,0.0,69.05,0.0,0.0,70.14,0.0,0.0,62.50,0.0,0.0
United States,USA,2020-08-06,4823891,-0.010946350155921849,0.011006699980210755,158256,-0.00916236983115964,0.009204544076279575,67.13,0.0,0.0,68.57,0.0,0.0,69.05,0.0,0.0,70.14,0.0,0.0,62.50,0.0,0.0
United States,USA,2020-08-07,4883646,-0.012235735350187136,0.012311205699518268,160104,-0.011542497376705142,0.011609556142689215,67.13,0.0,0.0,68.57,0.0,0.0,69.05,0.0,0.0,70.14,0.0,0.0,62.50,0.0,0.0
United States,USA,2020-08-08,4941796,-0.011766977026166196,0.011836753421418322,161356,-0.007759240437293934,0.007789451508896761,67.13,0.0,0.0,68.57,0.0,0.0,69.05,0.0,0.0,70.14,0.0,0.0,62.50,0.0,0.0
United States,USA,2020-08-09,4998017,-0.01124866121903947,0.011312403611348998,162425,-0.006581499153455441,0.006603211930491071,67.13,0.0,0.0,68.57,0.0,0.0,69.05,0.0,0.0,70.14,0.0,0.0,62.50,0.0,0.0
United States,USA,2020-08-10,5044864,-0.009286077880394794,0.009329460433194825,162938,-0.0031484368287324014,0.003153384199890752,67.13,0.0,0.0,68.57,0.0,0.0,69.05,0.0,0.0,70.14,0.0,0.0,62.50,0.0,0.0
United States,USA,2020-08-11,5094394,-0.009722451777385102,0.009770021477493174,163461,-0.0031995399514257224,0.0032046497871700552,67.13,0.0,0.0,68.57,0.0,0.0,69.05,0.0,0.0,70.14,0.0,0.0,62.50,0.0,0.0
United States,USA,2020-08-12,5141207,-0.009105449362377355,0.009147155552041042,164537,-0.006539562530008448,0.006560999145440505,67.13,0.0,0.0,68.57,0.0,0.0,69.05,0.0,0.0,70.14,0.0,0.0,62.50,0.0,0.0
United States,USA,2020-08-13,5197148,-0.010763788139187108,0.010822134692496377,166027,-0.008974443915748644,0.009014902263514202,67.13,0.0,0.0,68.57,0.0,0.0,69.05,0.0,0.0,70.14,0.0,0.0,62.50,0.0,0.0
United States,USA,2020-08-14,5248242,-0.00973545046131638,0.009783147921401891,167110,-0.006480761175273772,0.00650181344836831,67.13,0.0,0.0,68.57,0.0,0.0,69.05,0.0,0.0,70.14,0.0,0.0,62.50,0.0,0.0
United States,USA,2020-08-15,5313080,-0.012203467668471019,0.012278539053054871,168446,-0.00793132517245883,0.007962897975241745,67.13,0.0,0.0,68.57,0.0,0.0,69.05,0.0,0.0,70.14,0.0,0.0,62.50,0.0,0.0
United States,USA,2020-08-16,5361165,-0.008969132641879143,0.00900959576179794,169481,-0.00610687923720063,0.006125566236214297,67.13,0.0,0.0,68.57,0.0,0.0,69.05,0.0,0.0,70.14,0.0,0.0,62.50,0.0,0.0
United States,USA,2020-08-17,5403269,-0.007792319797515171,0.007822837112671621,170052,-0.0033577964387363863,0.0033634266764419607,67.13,0.0,0.0,68.57,0.0,0.0,69.05,0.0,0.0,70.14,0.0,0.0,62.50,0.0,0.0
United States,USA,2020-08-18,5438325,-0.006446102430435842,0.006466967072915608,170497,-0.0026100165985325254,0.0026134132818675937,67.13,0.0,0.0,68.57,0.0,0.0,69.05,0.0,0.0,70.14,0.0,0.0,62.50,0.0,0.0
United States,USA,2020-08-19,5482416,-0.008042257282190917,0.008074769192502274,171821,-0.007705693716134815,0.007735490781135113,67.13,0.0,0.0,68.57,0.0,0.0,69.05,0.0,0.0,70.14,0.0,0.0,62.50,0.0,0.0
United States,USA,2020-08-20,5529842,-0.008576375238207529,0.008613362418055104,173177,-0.007830139106232353,0.007860910044662717,67.13,0.0,0.0,68.57,0.0,0.0,69.05,0.0,0.0,70.14,0.0,0.0,62.50,0.0,0.0
United States,USA,2020-08-21,5573847,-0.007894906336682725,0.007926234688085287,174255,-0.006186336116610714,0.006205515058038458,67.13,0.0,0.0,68.57,0.0,0.0,69.05,0.0,0.0,70.14,0.0,0.0,62.50,0.0,0.0
United States,USA,2020-08-22,5623727,-0.00886956283617608,0.008909129962590967,175406,-0.006561919204588212,0.0065835055883507465,67.13,0.0,0.0,68.57,0.0,0.0,69.05,0.0,0.0,70.14,0.0,0.0,62.50,0.0,0.0
United States,USA,2020-08-23,5668105,-0.007829424472552996,0.007860233950413686,176362,-0.005420668851566664,0.005435383083389311,67.13,0.0,0.0,68.57,0.0,0.0,69.05,0.0,0.0,70.14,0.0,0.0,62.50,0.0,0.0
United States,USA,2020-08-24,5702611,-0.00605091246799054,0.006069292356515987,176806,-0.002511226994559008,0.0025143711748807362,67.13,0.0,0.0,68.57,0.0,0.0,69.05,0.0,0.0,70.14,0.0,0.0,62.50,0.0,0.0
United States,USA,2020-08-25,5740909,-0.006671068989248915,0.006693418859160971,177279,-0.0026681107181335635,0.0026716613789687926,67.13,0.0,0.0,68.57,0.0,0.0,69.05,0.0,0.0,70.14,0.0,0.0,62.50,0.0,0.0
United States,USA,2020-08-26,5779028,-0.006596091937952195,0.006617941141039196,178486,-0.006762435148975269,0.006785365876950777,67.13,0.0,0.0,68.57,0.0,0.0,69.05,0.0,0.0,70.14,0.0,0.0,62.50,0.0,0.0
United States,USA,2020-08-27,5821876,-0.007359826969863322,0.007387042847412317,179714,-0.0068330792258811225,0.006856493324100654,67.13,0.0,0.0,68.57,0.0,0.0,69.05,0.0,0.0,70.14,0.0,0.0,62.50,0.0,0.0
United States,USA,2020-08-28,5867785,-0.007823906295135217,0.007854672291708553,180824,-0.006138565677122506,0.0061574499753724865,67.13,0.0,0.0,68.57,0.0,0.0,69.05,0.0,0.0,70.14,0.0,0.0,62.50,0.0,0.0
United States,USA,2020-08-29,5917439,-0.0083911300141835,0.008426532306209822,181773,-0.005220797368145984,0.005234444479084388,67.13,0.0,0.0,68.57,0.0,0.0,69.05,0.0,0.0,70.14,0.0,0.0,62.50,0.0,0.0
United States,USA,2020-08-30,5961582,-0.007404578180758061,0.007432126899985292,182779,-0.005503914563489241,0.005519086629627523,67.13,0.0,0.0,68.57,0.0,0.0,69.05,0.0,0.0,70.14,0.0,0.0,62.50,0.0,0.0
United States,USA,2020-08-31,5997163,-0.005932971973581508,0.005950640981687627,183069,-0.0015841021691274874,0.0015853495188675737,67.13,0.0,0.0,68.57,0.0,0.0,69.05,0.0,0.0,70.14,0.0,0.0,62.50,0.0,0.0
United States,USA,2020-09-01,6031013,-0.005612655784359941,0.005628464986612514,183598,-0.0028812950032135426,0.0028854381855403233,67.13,0.0,0.0,68.57,0.0,0.0,69.05,0.0,0.0,70.14,0.0,0.0,62.50,0.0,0.0
United States,USA,2020-09-02,6075652,-0.0073471950006353225,0.007374317356042326,184689,-0.005907227826237621,0.005924712339355764,67.13,0.0,0.0,68.57,0.0,0.0,69.05,0.0,0.0,70.14,0.0,0.0,62.50,0.0,0.0
United States,USA,2020-09-03,6114406,-0.006338146338336054,0.006358316622353755,185744,-0.005679860453096736,0.005696021447352706,67.13,0.0,0.0,68.57,0.0,0.0,69.05,0.0,0.0,70.14,0.0,0.0,62.50,0.0,0.0
United States,USA,2020-09-04,6150655,-0.005893518657768969,0.005910953012312703,186797,-0.005637135500034797,0.005653053764138605,67.13,0.0,0.0,68.57,0.0,0.0,69.05,0.0,0.0,70.14,0.0,0.0,62.50,0.0,0.0
United States,USA,2020-09-05,6201726,-0.008234965556362857,0.008269058854134315,187765,-0.0051553803957074,0.005168687620997758,67.13,0.0,0.0,68.57,0.0,0.0,69.05,0.0,0.0,70.14,0.0,0.0,62.50,0.0,0.0
United States,USA,2020-09-06,6245866,-0.007067074445721378,0.00709216335551055,188538,-0.0040999692369707965,0.004108375319342272,67.13,0.0,0.0,68.57,0.0,0.0,69.05,0.0,0.0,70.14,0.0,0.0,62.50,0.0,0.0
United States,USA,2020-09-07,6276421,-0.004868220280315804,0.004880107884440932,188941,-0.002132940970990944,0.002135207616330348,67.13,0.0,0.0,68.57,0.0,0.0,69.05,0.0,0.0,70.14,0.0,0.0,62.50,0.0,0.0
United States,USA,2020-09-08,6300671,-0.0038487964218414197,0.0038562214849751086,189208,-0.0014111454061139063,0.0014121345408018016,67.13,0.0,0.0,68.57,0.0,0.0,69.05,0.0,0.0,70.14,0.0,0.0,62.50,0.0,0.0
United States,USA,2020-09-09,6327793,-0.004286170549510706,0.004295381830342393,189679,-0.002483142572451352,0.0024862175603672654,67.13,0.0,0.0,68.57,0.0,0.0,69.05,0.0,0.0,70.14,0.0,0.0,62.50,0.0,0.0
United States,USA,2020-09-10,6359720,-0.005020189568094193,0.005032832259265874,190815,-0.0059534103713020465,0.005971171183546176,67.13,0.0,0.0,68.57,0.0,0.0,69.05,0.0,0.0,70.14,0.0,0.0,62.50,0.0,0.0
United States,USA,2020-09-11,6397227,-0.005863009081903768,0.00588026307462286,191789,-0.005078497724061338,0.005091410506048888,67.13,0.0,0.0,68.57,0.0,0.0,69.05,0.0,0.0,70.14,0.0,0.0,62.50,0.0,0.0
United States,USA,2020-09-12,6445288,-0.007456765314443668,0.007484704807909637,193016,-0.006356985949351349,0.006377244480624711,62.50,0.07407999999999992,-0.07037773888693089,66.67,0.02849857507124631,-0.027690489691415188,66.07,0.04510367791736044,-0.0434724226713703,66.67,0.052047397630118473,-0.050006816276174426,62.50,0.0,0.0
United States,USA,2020-09-13,6486108,-0.006293450556173286,0.006313336823179583,193701,-0.0035363782324303954,0.003542627677500576,62.50,0.0,0.0,66.67,0.0,0.0,66.07,0.0,0.0,66.67,0.0,0.0,62.50,0.0,0.0
United States,USA,2020-09-14,6519979,-0.005194955382525005,0.005208495278203884,194079,-0.001947660488770037,0.0019495495908703475,62.50,0.0,0.0,66.67,0.0,0.0,66.07,0.0,0.0,66.67,0.0,0.0,62.50,0.0,0.0
United States,USA,2020-09-15,6554820,-0.005315325211066055,0.005329500994683656,194530,-0.002318408471701023,0.002321088196053367,62.50,0.0,0.0,66.67,0.0,0.0,66.07,0.0,0.0,66.67,0.0,0.0,62.50,0.0,0.0
United States,USA,2020-09-16,6606293,-0.007791510306914937,0.007822021529861445,195937,-0.007180879568432711,0.007206749266320145,62.50,0.0,0.0,66.67,0.0,0.0,66.07,0.0,0.0,66.67,0.0,0.0,62.50,0.0,0.0
United States,USA,2020-09-17,6630891,-0.0037096070497916493,0.003716504144176014,196802,-0.004395280535766913,0.0044049457462911334,62.50,0.0,0.0,66.67,0.0,0.0,66.07,0.0,0.0,66.67,0.0,0.0,62.50,0.0,0.0
United States,USA,2020-09-18,6674458,-0.006527421402606774,0.006548817194637735,197633,-0.004204763374537653,0.004213606885244303,62.50,0.0,0.0,66.67,0.0,0.0,66.07,0.0,0.0,66.67,0.0,0.0,62.50,0.0,0.0
United States,USA,2020-09-19,6724667,-0.007466392016139981,0.0074944039269695395,198589,-0.004813962505476134,0.00482556258642397,62.50,0.0,0.0,66.67,0.0,0.0,66.07,0.0,0.0,66.67,0.0,0.0,62.50,0.0,0.0
United States,USA,2020-09-20,6764962,-0.005956426658420254,0.005974236040852787,199258,-0.0033574561623623644,0.003363088159339611,62.50,0.0,0.0,66.67,0.0,0.0,66.07,0.0,0.0,66.67,0.0,0.0,62.50,0.0,0.0
United States,USA,2020-09-21,6804814,-0.005856442218699879,0.005873657560785617,199509,-0.0012580886075314898,0.0012588743515564715,62.50,0.0,0.0,66.67,0.0,0.0,66.07,0.0,0.0,66.67,0.0,0.0,62.50,0.0,0.0
United States,USA,2020-09-22,6857967,-0.007750547647721256,0.0077807381052767965,199881,-0.0018611073588785327,0.0018628320425762013,62.50,0.0,0.0,66.67,0.0,0.0,66.07,0.0,0.0,66.67,0.0,0.0,62.50,0.0,0.0
United States,USA,2020-09-23,6896274,-0.005554738689327019,0.005570222810096226,200807,-0.0046113930291274705,0.004622035231861332,62.50,0.0,0.0,66.67,0.0,0.0,66.07,0.0,0.0,66.67,0.0,0.0,62.50,0.0,0.0
United States,USA,2020-09-24,6934204,-0.005469986172890212,0.0054850005342341746,201909,-0.0054579043034238195,0.005472825900875833,62.50,0.0,0.0,66.67,0.0,0.0,66.07,0.0,0.0,66.67,0.0,0.0,62.50,0.0,0.0
United States,USA,2020-09-25,6978417,-0.006335677561257804,0.006355832230603653,202810,-0.004442581726739313,0.004452457314938485,62.50,0.0,0.0,66.67,0.0,0.0,66.07,0.0,0.0,66.67,0.0,0.0,62.50,0.0,0.0
United States,USA,2020-09-26,7033430,-0.007821646053205903,0.007852394452051215,203774,-0.00473073110406627,0.004741933103298734,62.50,0.0,0.0,66.67,0.0,0.0,66.07,0.0,0.0,66.67,0.0,0.0,62.50,0.0,0.0
United States,USA,2020-09-27,7078798,-0.006408997685765295,0.006429622574579241,204497,-0.003535504188325501,0.003541751503412627,62.50,0.0,0.0,66.67,0.0,0.0,66.07,0.0,0.0,66.67,0.0,0.0,62.50,0.0,0.0
United States,USA,2020-09-28,7115046,-0.005094555959300895,0.005107576734470598,204756,-0.0012649201976987243,0.0012657146990360246,62.50,0.0,0.0,66.67,0.0,0.0,66.07,0.0,0.0,66.67,0.0,0.0,62.50,0.0,0.0
United States,USA,2020-09-29,7148044,-0.004616367778374056,0.004627055462156804,205070,-0.0015311844735943823,0.0015323504564932477,62.50,0.0,0.0,66.67,0.0,0.0,66.07,0.0,0.0,66.67,0.0,0.0,62.50,0.0,0.0
United States,USA,2020-09-30,7191061,-0.005982010165120279,0.005999973227030608,205998,-0.004504898105806852,0.004515053769404531,62.50,0.0,0.0,66.67,0.0,0.0,66.07,0.0,0.0,66.67,0.0,0.0,62.50,0.0,0.0
United States,USA,2020-10-01,7233043,-0.005804196103908134,0.005821105106623037,206928,-0.0044943168638366966,0.0045044248511239005,62.50,0.0,0.0,66.67,0.0,0.0,66.07,0.0,0.0,66.67,0.0,0.0,62.50,0.0,0.0
United States,USA,2020-10-02,7277814,-0.006151709840344917,0.006170708717441187,207808,-0.004234678164459501,0.004243649343090183,62.50,0.0,0.0,66.67,0.0,0.0,66.07,0.0,0.0,66.67,0.0,0.0,62.50,0.0,0.0
United States,USA,2020-10-03,7332285,-0.00742892563505101,0.00745665651317573,208716,-0.00435040916843941,0.004359878798982919,62.50,0.0,0.0,66.67,0.0,0.0,66.07,0.0,0.0,66.67,0.0,0.0,62.50,0.0,0.0
United States,USA,2020-10-04,7382944,-0.006861625931335792,0.006885274194125657,209394,-0.0032379151265079227,0.0032431530033534273,62.50,0.0,0.0,66.67,0.0,0.0,66.07,0.0,0.0,66.67,0.0,0.0,62.50,0.0,0.0
United States,USA,2020-10-05,7417845,-0.00470500529466442,0.004716108036122435,209794,-0.0019066322201778888,0.0019084430516240758,62.50,0.0,0.0,66.67,0.0,0.0,66.07,0.0,0.0,66.67,0.0,0.0,62.50,0.0,0.0
United States,USA,2020-10-06,7458550,-0.005457495089528125,0.005472440885348817,210192,-0.0018935068889396362,0.0018952928137920821,62.50,0.0,0.0,66.67,0.0,0.0,66.07,0.0,0.0,66.67,0.0,0.0,62.50,0.0,0.0
United States,USA,2020-10-07,7501612,-0.00574036620395723,0.005756904660914941,210909,-0.0033995704308493234,0.0034053459266907282,62.50,0.0,0.0,66.67,0.0,0.0,66.07,0.0,0.0,66.67,0.0,0.0,62.50,0.0,0.0
United States,USA,2020-10-08,7549794,-0.00638189598285728,0.006402346489009503,211801,-0.004211500417845053,0.004220373795831733,62.50,0.0,0.0,66.67,0.0,0.0,66.07,0.0,0.0,66.67,0.0,0.0,62.50,0.0,0.0
United States,USA,2020-10-09,7606594,-0.007467205427291111,0.007495223586980515,212773,-0.004568248790965019,0.004578693558366709,62.50,0.0,0.0,66.67,0.0,0.0,66.07,0.0,0.0,66.67,0.0,0.0,62.50,0.0,0.0
United States,USA,2020-10-10,7664676,-0.007577880656664418,0.007606737678914399,213787,-0.00474303863190933,0.004754300242328924,62.50,0.0,0.0,66.67,0.0,0.0,66.07,0.0,0.0,66.67,0.0,0.0,62.50,0.0,0.0
United States,USA,2020-10-11,7718947,-0.0070308812847140936,0.007055713480795589,214377,-0.0027521609127844873,0.0027559421973322173,62.50,0.0,0.0,66.67,0.0,0.0,66.07,0.0,0.0,66.67,0.0,0.0,62.50,0.0,0.0
United States,USA,2020-10-12,7762544,-0.0056163288736269966,0.005632159023132743,214771,-0.0018345121082455266,0.0018361883290243242,62.50,0.0,0.0,66.67,0.0,0.0,66.07,0.0,0.0,66.67,0.0,0.0,62.50,0.0,0.0
United States,USA,2020-10-13,7804197,-0.005337256350653373,0.005351549699073033,215085,-0.0014598879512750774,0.001460947828581638,66.20,-0.055891238670694905,0.056633341630457856,66.67,0.0,0.0,68.45,-0.03476990504017545,0.03487021908870691,69.44,-0.03989055299539165,0.040118333383871274,62.50,0.0,0.0
United States,USA,2020-10-14,7856714,-0.006684346661975986,0.0067067861056830935,215902,-0.003784124278607887,0.003791284597141953,66.20,0.0,0.0,66.67,0.0,0.0,68.45,0.0,0.0,69.44,0.0,0.0,62.50,0.0,0.0
United States,USA,2020-10-15,7916100,-0.007501926453683001,0.007530206479099633,216872,-0.004472684348371389,0.004482696010452258,66.20,0.0,0.0,66.67,0.0,0.0,68.45,0.0,0.0,69.44,0.0,0.0,62.50,0.0,0.0
United States,USA,2020-10-16,7979885,-0.00799322295998,0.008025339017290634,217700,-0.003803399173174093,0.0038106329506302217,66.20,0.0,0.0,66.67,0.0,0.0,68.45,0.0,0.0,69.44,0.0,0.0,62.50,0.0,0.0
United States,USA,2020-10-17,8050141,-0.008727300552872304,0.008765605381055863,218599,-0.004112553122383908,0.004121014035224135,66.20,0.0,0.0,66.67,0.0,0.0,68.45,0.0,0.0,69.44,0.0,0.0,62.50,0.0,0.0
United States,USA,2020-10-18,8106752,-0.0069831912953547855,0.007007687017756226,219289,-0.0031465326578168536,0.0031514790065063636,66.20,0.0,0.0,66.67,0.0,0.0,68.45,0.0,0.0,69.44,0.0,0.0,62.50,0.0,0.0
United States,USA,2020-10-19,8154595,-0.00586699891288286,0.005884276642209585,219674,-0.001752597030144669,0.0017541266329619276,66.20,0.0,0.0,66.67,0.0,0.0,68.45,0.0,0.0,69.44,0.0,0.0,62.50,0.0,0.0
United States,USA,2020-10-20,8214755,-0.007323407697490673,0.0073503545966495665,220133,-0.002085103096764229,0.002087270458966728,66.20,0.0,0.0,66.67,0.0,0.0,68.45,0.0,0.0,69.44,0.0,0.0,62.50,0.0,0.0
United States,USA,2020-10-21,8273304,-0.007076858290230844,0.007102017161891183,221066,-0.004220459048428976,0.004229371151737382,66.20,0.0,0.0,66.67,0.0,0.0,68.45,0.0,0.0,69.44,0.0,0.0,62.50,0.0,0.0
United States,USA,2020-10-22,8336282,-0.007554686849605136,0.0075833671260756574,222201,-0.005107987812836126,0.005121055072502045,66.20,0.0,0.0,66.67,0.0,0.0,68.45,0.0,0.0,69.44,0.0,0.0,62.50,0.0,0.0
United States,USA,2020-10-23,8408340,-0.008569824721645414,0.00860675579397352,223042,-0.0037705902924112947,0.0037776999187411064,66.20,0.0,0.0,66.67,0.0,0.0,68.45,0.0,0.0,69.44,0.0,0.0,62.50,0.0,0.0
United States,USA,2020-10-24,8493669,-0.0100461885199435,0.010096990817745066,223995,-0.004254559253554767,0.004263616568888295,66.20,0.0,0.0,66.67,0.0,0.0,68.45,0.0,0.0,69.44,0.0,0.0,62.50,0.0,0.0
United States,USA,2020-10-25,8576725,-0.00968388283406545,0.009731075413425216,224899,-0.004019582123531007,0.004027664412527443,66.20,0.0,0.0,66.67,0.0,0.0,68.45,0.0,0.0,69.44,0.0,0.0,62.50,0.0,0.0
United States,USA,2020-10-26,8636165,-0.006882684617535677,0.006906478733624155,225230,-0.001469608844292501,0.001470683244034987,62.50,0.059200000000000044,-0.056633341630457856,66.67,0.0,0.0,66.07,0.03602240048433494,-0.03487021908870691,66.67,0.04154792260386975,-0.040118333383871274,62.50,0.0,0.0
United States,USA,2020-10-27,8704524,-0.00785327262007664,0.007884271060374815,225735,-0.0022371364653243847,0.0022396326608742356,62.50,0.0,0.0,66.67,0.0,0.0,66.07,0.0,0.0,66.67,0.0,0.0,62.50,0.0,0.0
United States,USA,2020-10-28,8779653,-0.008557171906452339,0.00859399373547376,226723,-0.004357740502727999,0.004367243824107803,62.50,0.0,0.0,66.67,0.0,0.0,66.07,0.0,0.0,66.67,0.0,0.0,62.50,0.0,0.0
United States,USA,2020-10-29,8858024,-0.008847458530254603,0.008886828678896563,227700,-0.004290733421168204,0.004299946109286523,62.50,0.0,0.0,66.67,0.0,0.0,66.07,0.0,0.0,66.67,0.0,0.0,62.50,0.0,0.0
United States,USA,2020-10-30,8946154,-0.00985116062164814,0.009900003235317811,228668,-0.004233211468154705,0.004242178283773157,62.50,0.0,0.0,66.67,0.0,0.0,66.07,0.0,0.0,66.67,0.0,0.0,62.50,0.0,0.0
United States,USA,2020-10-31,9047427,-0.011193569177181534,0.011256687384786801,229708,-0.0045274870705417315,0.004537747381270663,62.50,0.0,0.0,66.67,0.0,0.0,66.07,0.0,0.0,66.67,0.0,0.0,62.50,0.0,0.0
United States,USA,2020-11-01,9126361,-0.00864901136389411,0.008686630179674637,230556,-0.00367806519891046,0.003684829900578279,62.50,0.0,0.0,66.67,0.0,0.0,66.07,0.0,0.0,66.67,0.0,0.0,62.50,0.0,0.0
United States,USA,2020-11-02,9207362,-0.008797416675916511,0.008836341447480578,230996,-0.0019047948882231728,0.0019066030552785662,62.50,0.0,0.0,66.67,0.0,0.0,66.07,0.0,0.0,66.67,0.0,0.0,62.50,0.0,0.0
United States,USA,2020-11-03,9291245,-0.009028176525320342,0.009069176492893405,231551,-0.0023968801689476615,0.002399746908301026,62.50,0.0,0.0,66.67,0.0,0.0,66.07,0.0,0.0,66.67,0.0,0.0,62.50,0.0,0.0
United States,USA,2020-11-04,9383979,-0.009882161927259214,0.0099313135169119,232627,-0.004625430410055582,0.004636140838799818,62.50,0.0,0.0,66.67,0.0,0.0,66.07,0.0,0.0,66.67,0.0,0.0,62.50,0.0,0.0
United States,USA,2020-11-05,9486486,-0.010805581750713594,0.010864384891085876,233729,-0.004714862083866358,0.004725991839302779,62.50,0.0,0.0,66.67,0.0,0.0,66.07,0.0,0.0,66.67,0.0,0.0,62.50,0.0,0.0
United States,USA,2020-11-06,9608922,-0.01274190798926248,0.012823780989485556,234937,-0.00514180397297999,0.005155046536847507,62.50,0.0,0.0,66.67,0.0,0.0,66.07,0.0,0.0,66.67,0.0,0.0,62.50,0.0,0.0
United States,USA,2020-11-07,9739545,-0.013411612144099134,0.013502358716245055,236099,-0.004921664217129255,0.004933794543742209,62.50,0.0,0.0,66.67,0.0,0.0,66.07,0.0,0.0,66.67,0.0,0.0,62.50,0.0,0.0
United States,USA,2020-11-08,9860958,-0.012312495398520104,0.012388920889797816,237113,-0.0042764420339669275,0.004285594052387154,62.50,0.0,0.0,66.67,0.0,0.0,66.07,0.0,0.0,66.67,0.0,0.0,62.50,0.0,0.0
United States,USA,2020-11-09,9971651,-0.011100769571658696,0.011162841790554268,237572,-0.0019320458639907059,0.0019339065238987985,65.28,-0.042585784313725505,0.04284828665971663,71.43,-0.06663866722665553,0.06797762796310014,67.86,-0.026377836722664402,0.026338607798732205,68.75,-0.03025454545454543,0.030274470457340108,62.50,0.0,0.0
United States,USA,2020-11-10,10110552,-0.013738221216803988,0.013833462516203099,238251,-0.0028499355721487004,0.0028539923748720497,65.28,0.0,0.0,71.43,0.0,0.0,67.86,0.0,0.0,68.75,0.0,0.0,62.50,0.0,0.0
United States,USA,2020-11-11,10257826,-0.014357233199315332,0.014461294083940146,239683,-0.005974558062107033,0.005992452065529008,65.28,0.0,0.0,71.43,0.0,0.0,67.86,0.0,0.0,68.75,0.0,0.0,62.50,0.0,0.0
United States,USA,2020-11-12,10401132,-0.013777923402952679,0.013873718582317451,241800,-0.008755169561621175,0.008793684713284122,65.28,0.0,0.0,71.43,0.0,0.0,67.86,0.0,0.0,68.75,0.0,0.0,62.50,0.0,0.0
United States,USA,2020-11-13,10554801,-0.014559156539284824,0.014666179721050554,242430,-0.0025986882811533225,0.0026020599855538507,65.28,0.0,0.0,71.43,0.0,0.0,67.86,0.0,0.0,68.75,0.0,0.0,62.50,0.0,0.0
United States,USA,2020-11-14,10739614,-0.01720853282063955,0.01735831889608974,244345,-0.007837279256788557,0.007868119814061103,65.28,0.0,0.0,71.43,0.0,0.0,67.86,0.0,0.0,68.75,0.0,0.0,62.50,0.0,0.0
United States,USA,2020-11-15,10904891,-0.015156226687639518,0.015272254752282777,245600,-0.005109934853420196,0.005123014304883711,65.28,0.0,0.0,71.43,0.0,0.0,67.86,0.0,0.0,68.75,0.0,0.0,62.50,0.0,0.0
United States,USA,2020-11-16,11037061,-0.011975108228540188,0.012047386352826095,246214,-0.0024937655860349127,0.0024968700448582126,75.46,-0.1349059104161144,0.14287953570990464,76.90,-0.07113133940182052,0.07280537466946768,74.40,-0.08790322580645168,0.09073181710353229,76.39,-0.10001309071868046,0.1039401525808934,62.50,0.0,0.0
United States,USA,2020-11-17,11205486,-0.015030584126382382,0.01514468680477421,247220,-0.004069250060674703,0.004077535460881521,75.46,0.0,0.0,76.90,0.0,0.0,74.40,0.0,0.0,76.39,0.0,0.0,62.50,0.0,0.0
United States,USA,2020-11-18,11359802,-0.013584391699784908,0.013677502545082376,248687,-0.005898981450578438,0.00591642530886638,75.46,0.0,0.0,76.90,0.0,0.0,74.40,0.0,0.0,76.39,0.0,0.0,62.50,0.0,0.0
United States,USA,2020-11-19,11529807,-0.014744826170984476,0.014854610337355467,250537,-0.0073841388697078675,0.007411506886395358,75.46,0.0,0.0,76.90,0.0,0.0,74.40,0.0,0.0,76.39,0.0,0.0,62.50,0.0,0.0
United States,USA,2020-11-20,11717827,-0.016045637130502097,0.016175760811428574,252555,-0.007990338738096653,0.008022400676662045,75.46,0.0,0.0,76.90,0.0,0.0,74.40,0.0,0.0,76.39,0.0,0.0,62.50,0.0,0.0
United States,USA,2020-11-21,11913944,-0.016461131595045267,0.016598120036054098,254413,-0.007303085927212839,0.007329855094733162,75.46,0.0,0.0,76.90,0.0,0.0,74.40,0.0,0.0,76.39,0.0,0.0,62.50,0.0,0.0
United States,USA,2020-11-22,12089438,-0.014516307540515945,0.014622698786805444,255899,-0.005806978534499939,0.005823881767408778,75.46,0.0,0.0,76.90,0.0,0.0,74.40,0.0,0.0,76.39,0.0,0.0,62.50,0.0,0.0
United States,USA,2020-11-23,12246909,-0.012858019929763502,0.012941398708697704,256782,-0.003438714551643028,0.003444627081840679,75.46,0.0,0.0,76.90,0.0,0.0,74.40,0.0,0.0,76.39,0.0,0.0,62.50,0.0,0.0
United States,USA,2020-11-24,12420872,-0.014005699438815567,0.014104703616506953,257701,-0.003566148365741693,0.003572508342980285,75.46,0.0,0.0,76.90,0.0,0.0,74.40,0.0,0.0,76.39,0.0,0.0,62.50,0.0,0.0
United States,USA,2020-11-25,12591165,-0.01352480092191628,0.013617093062798347,259925,-0.008556314321438876,0.008593096529704525,75.46,0.0,0.0,76.90,0.0,0.0,74.40,0.0,0.0,76.39,0.0,0.0,62.50,0.0,0.0
