Date,USA_StringencyIndex,USA_StringencyIndex_LogChange,USA_StringencyIndex_Cumulative,USA_StringencyLegacyIndex,USA_StringencyLegacyIndex_LogChange,USA_StringencyLegacyIndex_Cumulative,USA_GovernmentResponseIndex,USA_GovernmentResponseIndex_LogChange,USA_GovernmentResponseIndex_Cumulative,USA_ContainmentHealthIndex,USA_ContainmentHealthIndex_LogChange,USA_ContainmentHealthIndex_Cumulative,USA_EconomicSupportIndex,USA_EconomicSupportIndex_LogChange,USA_EconomicSupportIndex_Cumulative
2020-01-01,0.0,0.0,0.0,0.0,0.0,0.0,0.0,0.0,0.0,0.0,0.0,0.0,0.0,0.0,0.0
2020-01-02,0.0,0.0,0.0,0.0,0.0,0.0,0.0,0.0,0.0,0.0,0.0,0.0,0.0,0.0,0.0
2020-01-03,0.0,0.0,0.0,0.0,0.0,0.0,0.0,0.0,0.0,0.0,0.0,0.0,0.0,0.0,0.0
2020-01-04,0.0,0.0,0.0,0.0,0.0,0.0,0.0,0.0,0.0,0.0,0.0,0.0,0.0,0.0,0.0
2020-01-05,0.0,0.0,0.0,0.0,0.0,0.0,0.0,0.0,0.0,0.0,0.0,0.0,0.0,0.0,0.0
2020-01-06,0.0,0.0,0.0,0.0,0.0,0.0,0.0,0.0,0.0,0.0,0.0,0.0,0.0,0.0,0.0
2020-01-07,0.0,0.0,0.0,0.0,0.0,0.0,0.0,0.0,0.0,0.0,0.0,0.0,0.0,0.0,0.0
2020-01-08,0.0,0.0,0.0,0.0,0.0,0.0,0.0,0.0,0.0,0.0,0.0,0.0,0.0,0.0,0.0
2020-01-09,0.0,0.0,0.0,0.0,0.0,0.0,0.0,0.0,0.0,0.0,0.0,0.0,0.0,0.0,0.0
2020-01-10,0.0,0.0,0.0,0.0,0.0,0.0,0.0,0.0,0.0,0.0,0.0,0.0,0.0,0.0,0.0
2020-01-11,0.0,0.0,0.0,0.0,0.0,0.0,0.0,0.0,0.0,0.0,0.0,0.0,0.0,0.0,0.0
2020-01-12,0.0,0.0,0.0,0.0,0.0,0.0,0.0,0.0,0.0,0.0,0.0,0.0,0.0,0.0,0.0
2020-01-13,0.0,0.0,0.0,0.0,0.0,0.0,0.0,0.0,0.0,0.0,0.0,0.0,0.0,0.0,0.0
2020-01-14,0.0,0.0,0.0,0.0,0.0,0.0,0.0,0.0,0.0,0.0,0.0,0.0,0.0,0.0,0.0
2020-01-15,0.0,0.0,0.0,0.0,0.0,0.0,0.0,0.0,0.0,0.0,0.0,0.0,0.0,0.0,0.0
2020-01-16,0.0,0.0,0.0,0.0,0.0,0.0,0.0,0.0,0.0,0.0,0.0,0.0,0.0,0.0,0.0
2020-01-17,0.0,0.0,0.0,0.0,0.0,0.0,0.0,0.0,0.0,0.0,0.0,0.0,0.0,0.0,0.0
2020-01-18,0.0,0.0,0.0,0.0,0.0,0.0,0.0,0.0,0.0,0.0,0.0,0.0,0.0,0.0,0.0
2020-01-19,0.0,0.0,0.0,0.0,0.0,0.0,0.0,0.0,0.0,0.0,0.0,0.0,0.0,0.0,0.0
2020-01-20,0.0,0.0,0.0,0.0,0.0,0.0,0.0,0.0,0.0,0.0,0.0,0.0,0.0,0.0,0.0
2020-01-21,0.0,0.0,0.0,0.0,0.0,0.0,3.57,1.5195132,1.5195132493972778,4.17,1.6428727,1.64287269115448,0.0,0.0,0.0
2020-01-22,0.0,0.0,0.0,0.0,0.0,0.0,3.57,0.0,1.5195132493972778,4.17,0.0,1.64287269115448,0.0,0.0,0.0
2020-01-23,0.0,0.0,0.0,0.0,0.0,0.0,3.57,0.0,1.5195132493972778,4.17,0.0,1.64287269115448,0.0,0.0,0.0
2020-01-24,0.0,0.0,0.0,0.0,0.0,0.0,3.57,0.0,1.5195132493972778,4.17,0.0,1.64287269115448,0.0,0.0,0.0
2020-01-25,0.0,0.0,0.0,0.0,0.0,0.0,3.57,0.0,1.5195132493972778,4.17,0.0,1.64287269115448,0.0,0.0,0.0
2020-01-26,0.0,0.0,0.0,0.0,0.0,0.0,3.57,0.0,1.5195132493972778,4.17,0.0,1.64287269115448,0.0,0.0,0.0
2020-01-27,0.0,0.0,0.0,0.0,0.0,0.0,3.57,0.0,1.5195132493972778,4.17,0.0,1.64287269115448,0.0,0.0,0.0
2020-01-28,0.0,0.0,0.0,0.0,0.0,0.0,3.57,0.0,1.5195132493972778,4.17,0.0,1.64287269115448,0.0,0.0,0.0
2020-01-29,0.0,0.0,0.0,0.0,0.0,0.0,3.57,0.0,1.5195132493972778,4.17,0.0,1.64287269115448,0.0,0.0,0.0
2020-01-30,0.0,0.0,0.0,0.0,0.0,0.0,3.57,0.0,1.5195132493972778,4.17,0.0,1.64287269115448,0.0,0.0,0.0
2020-01-31,0.0,0.0,0.0,0.0,0.0,0.0,3.57,0.0,1.5195132493972778,4.17,0.0,1.64287269115448,0.0,0.0,0.0
2020-02-01,0.0,0.0,0.0,0.0,0.0,0.0,3.57,0.0,1.5195132493972778,4.17,0.0,1.64287269115448,0.0,0.0,0.0
2020-02-02,5.56,1.8809906,1.8809906244277954,7.14,2.09679,2.096790075302124,7.14,0.577277,2.0967902541160583,8.33,0.5903623,2.233235001564026,0.0,0.0,0.0
2020-02-03,5.56,0.0,1.8809906244277954,7.14,0.0,2.096790075302124,7.14,0.0,2.0967902541160583,8.33,0.0,2.233235001564026,0.0,0.0,0.0
2020-02-04,5.56,0.0,1.8809906244277954,7.14,0.0,2.096790075302124,7.14,0.0,2.0967902541160583,8.33,0.0,2.233235001564026,0.0,0.0,0.0
2020-02-05,5.56,0.0,1.8809906244277954,7.14,0.0,2.096790075302124,7.14,0.0,2.0967902541160583,8.33,0.0,2.233235001564026,0.0,0.0,0.0
2020-02-06,5.56,0.0,1.8809906244277954,7.14,0.0,2.096790075302124,7.14,0.0,2.0967902541160583,8.33,0.0,2.233235001564026,0.0,0.0,0.0
2020-02-07,5.56,0.0,1.8809906244277954,7.14,0.0,2.096790075302124,7.14,0.0,2.0967902541160583,8.33,0.0,2.233235001564026,0.0,0.0,0.0
2020-02-08,5.56,0.0,1.8809906244277954,7.14,0.0,2.096790075302124,7.14,0.0,2.0967902541160583,8.33,0.0,2.233235001564026,0.0,0.0,0.0
2020-02-09,5.56,0.0,1.8809906244277954,7.14,0.0,2.096790075302124,7.14,0.0,2.0967902541160583,8.33,0.0,2.233235001564026,0.0,0.0,0.0
2020-02-10,5.56,0.0,1.8809906244277954,7.14,0.0,2.096790075302124,7.14,0.0,2.0967902541160583,8.33,0.0,2.233235001564026,0.0,0.0,0.0
2020-02-11,5.56,0.0,1.8809906244277954,7.14,0.0,2.096790075302124,7.14,0.0,2.0967902541160583,8.33,0.0,2.233235001564026,0.0,0.0,0.0
2020-02-12,5.56,0.0,1.8809906244277954,7.14,0.0,2.096790075302124,7.14,0.0,2.0967902541160583,8.33,0.0,2.233235001564026,0.0,0.0,0.0
2020-02-13,5.56,0.0,1.8809906244277954,7.14,0.0,2.096790075302124,7.14,0.0,2.0967902541160583,8.33,0.0,2.233235001564026,0.0,0.0,0.0
2020-02-14,5.56,0.0,1.8809906244277954,7.14,0.0,2.096790075302124,7.14,0.0,2.0967902541160583,8.33,0.0,2.233235001564026,0.0,0.0,0.0
2020-02-15,5.56,0.0,1.8809906244277954,7.14,0.0,2.096790075302124,7.14,0.0,2.0967902541160583,8.33,0.0,2.233235001564026,0.0,0.0,0.0
2020-02-16,5.56,0.0,1.8809906244277954,7.14,0.0,2.096790075302124,7.14,0.0,2.0967902541160583,8.33,0.0,2.233235001564026,0.0,0.0,0.0
2020-02-17,5.56,0.0,1.8809906244277954,7.14,0.0,2.096790075302124,7.14,0.0,2.0967902541160583,8.33,0.0,2.233235001564026,0.0,0.0,0.0
2020-02-18,5.56,0.0,1.8809906244277954,7.14,0.0,2.096790075302124,7.14,0.0,2.0967902541160583,8.33,0.0,2.233235001564026,0.0,0.0,0.0
2020-02-19,5.56,0.0,1.8809906244277954,7.14,0.0,2.096790075302124,7.14,0.0,2.0967902541160583,8.33,0.0,2.233235001564026,0.0,0.0,0.0
2020-02-20,5.56,0.0,1.8809906244277954,7.14,0.0,2.096790075302124,7.14,0.0,2.0967902541160583,8.33,0.0,2.233235001564026,0.0,0.0,0.0
2020-02-21,5.56,0.0,1.8809906244277954,7.14,0.0,2.096790075302124,7.14,0.0,2.0967902541160583,8.33,0.0,2.233235001564026,0.0,0.0,0.0
2020-02-22,5.56,0.0,1.8809906244277954,7.14,0.0,2.096790075302124,7.14,0.0,2.0967902541160583,8.33,0.0,2.233235001564026,0.0,0.0,0.0
2020-02-23,5.56,0.0,1.8809906244277954,7.14,0.0,2.096790075302124,7.14,0.0,2.0967902541160583,8.33,0.0,2.233235001564026,0.0,0.0,0.0
2020-02-24,5.56,0.0,1.8809906244277954,7.14,0.0,2.096790075302124,7.14,0.0,2.0967902541160583,8.33,0.0,2.233235001564026,0.0,0.0,0.0
2020-02-25,5.56,0.0,1.8809906244277954,7.14,0.0,2.096790075302124,7.14,0.0,2.0967902541160583,8.33,0.0,2.233235001564026,0.0,0.0,0.0
2020-02-26,5.56,0.0,1.8809906244277954,7.14,0.0,2.096790075302124,7.14,0.0,2.0967902541160583,8.33,0.0,2.233235001564026,0.0,0.0,0.0
2020-02-27,5.56,0.0,1.8809906244277954,7.14,0.0,2.096790075302124,7.14,0.0,2.0967902541160583,8.33,0.0,2.233235001564026,0.0,0.0,0.0
2020-02-28,5.56,0.0,1.8809906244277954,7.14,0.0,2.096790075302124,9.52,0.25648803,2.3532782793045044,11.11,0.26079655,2.494031548500061,0.0,0.0,0.0
2020-02-29,5.56,0.0,1.8809906244277954,7.14,0.0,2.096790075302124,9.52,0.0,2.3532782793045044,11.11,0.0,2.494031548500061,0.0,0.0,0.0
2020-03-01,8.33,0.3522444,2.2332350313663483,11.9,0.46043712,2.5572271943092346,11.31,0.15713373,2.5104120075702667,13.19,0.15850593,2.652537479996681,0.0,0.0,0.0
2020-03-02,11.11,0.26079655,2.4940315783023834,15.48,0.24492021,2.802147403359413,13.1,0.13576286,2.6461748629808426,15.28,0.13739987,2.789937347173691,0.0,0.0,0.0
2020-03-03,11.11,0.0,2.4940315783023834,15.48,0.0,2.802147403359413,13.1,0.0,2.6461748629808426,15.28,0.0,2.789937347173691,0.0,0.0,0.0
2020-03-04,11.11,0.0,2.4940315783023834,15.48,0.0,2.802147403359413,15.48,0.15597273,2.8021475970745087,18.06,0.15765454,2.9475918859243393,0.0,0.0,0.0
2020-03-05,20.37,0.5679565,3.0619880855083466,26.19,0.5007017,3.302849128842354,21.43,0.30825183,3.1103994250297546,25.0,0.31050465,3.258096531033516,0.0,0.0,0.0
2020-03-06,20.37,0.0,3.0619880855083466,26.19,0.0,3.302849128842354,21.43,0.0,3.1103994250297546,25.0,0.0,3.258096531033516,0.0,0.0,0.0
2020-03-07,20.37,0.0,3.0619880855083466,26.19,0.0,3.302849128842354,21.43,0.0,3.1103994250297546,25.0,0.0,3.258096531033516,0.0,0.0,0.0
2020-03-08,20.37,0.0,3.0619880855083466,26.19,0.0,3.302849128842354,21.43,0.0,3.1103994250297546,25.0,0.0,3.258096531033516,0.0,0.0,0.0
2020-03-09,20.37,0.0,3.0619880855083466,26.19,0.0,3.302849128842354,21.43,0.0,3.1103994250297546,25.0,0.0,3.258096531033516,0.0,0.0,0.0
2020-03-10,20.37,0.0,3.0619880855083466,26.19,0.0,3.302849128842354,22.32,0.038912013,3.149311438202858,26.04,0.039220713,3.2973172441124916,0.0,0.0,0.0
2020-03-11,21.76,0.06301654,3.1250046268105507,26.19,0.0,3.302849128842354,23.21,0.037454408,3.186765845865011,27.08,0.037740327,3.335057571530342,0.0,0.0,0.0
2020-03-12,30.09,0.3118816,3.436886228621006,30.95,0.16132292,3.464172050356865,28.57,0.19999456,3.3867604099214077,33.33,0.20096202,3.536019593477249,0.0,0.0,0.0
2020-03-13,30.09,0.0,3.436886228621006,30.95,0.0,3.464172050356865,28.57,0.0,3.3867604099214077,33.33,0.0,3.536019593477249,0.0,0.0,0.0
2020-03-14,35.65,0.16452721,3.6014134362339973,40.48,0.2610392,3.7252112478017807,34.52,0.18333559,3.5700959973037243,40.28,0.1843585,3.72037810087204,0.0,0.0,0.0
2020-03-15,41.2,0.1410068,3.742420233786106,40.48,0.0,3.7252112478017807,38.1,0.09602655,3.666122544556856,44.44,0.096014656,3.816392756998539,0.0,0.0,0.0
2020-03-16,52.31,0.2337037,3.9761239364743233,54.76,0.2958454,4.021056637167931,45.24,0.16772276,3.833845306187868,52.78,0.16850887,3.9849016293883324,0.0,0.0,0.0
2020-03-17,55.09,0.050833613,4.0269575491547585,59.52,0.08191712,4.102973759174347,47.02,0.037772365,3.8716176711022854,54.86,0.03794691,4.022848539054394,0.0,0.0,0.0
2020-03-18,55.09,0.0,4.0269575491547585,59.52,0.0,4.102973759174347,47.02,0.0,3.8716176711022854,54.86,0.0,4.022848539054394,0.0,0.0,0.0
2020-03-19,67.13,0.1944601,4.221417643129826,70.24,0.16308057,4.266054332256317,54.76,0.14943917,4.021056842058897,63.89,0.14984497,4.1726935133337975,0.0,0.0,0.0
2020-03-20,67.13,0.0,4.221417643129826,70.24,0.0,4.266054332256317,54.76,0.0,4.021056842058897,63.89,0.0,4.1726935133337975,0.0,0.0,0.0
2020-03-21,72.69,0.07844946,4.29986710101366,72.14,0.026320955,4.292375287041068,58.33,0.062058315,4.08311515673995,68.06,0.062282164,4.234975676983595,0.0,0.0,0.0
2020-03-22,72.69,0.0,4.29986710101366,72.14,0.0,4.292375287041068,58.33,0.0,4.08311515673995,68.06,0.0,4.234975676983595,0.0,0.0,0.0
2020-03-23,72.69,0.0,4.29986710101366,72.14,0.0,4.292375287041068,58.33,0.0,4.08311515673995,68.06,0.0,4.234975676983595,0.0,0.0,0.0
2020-03-24,72.69,0.0,4.29986710101366,72.14,0.0,4.292375287041068,58.33,0.0,4.08311515673995,68.06,0.0,4.234975676983595,0.0,0.0,0.0
2020-03-25,72.69,0.0,4.29986710101366,72.14,0.0,4.292375287041068,58.33,0.0,4.08311515673995,68.06,0.0,4.234975676983595,0.0,0.0,0.0
2020-03-26,72.69,0.0,4.29986710101366,72.14,0.0,4.292375287041068,58.33,0.0,4.08311515673995,68.06,0.0,4.234975676983595,0.0,0.0,0.0
2020-03-27,72.69,0.0,4.29986710101366,72.14,0.0,4.292375287041068,67.26,0.14020887,4.223324026912451,68.06,0.0,4.234975676983595,62.5,4.15104,4.151040077209473
2020-03-28,72.69,0.0,4.29986710101366,72.14,0.0,4.292375287041068,67.26,0.0,4.223324026912451,68.06,0.0,4.234975676983595,62.5,0.0,4.151040077209473
2020-03-29,72.69,0.0,4.29986710101366,72.14,0.0,4.292375287041068,67.26,0.0,4.223324026912451,68.06,0.0,4.234975676983595,62.5,0.0,4.151040077209473
2020-03-30,72.69,0.0,4.29986710101366,72.14,0.0,4.292375287041068,67.26,0.0,4.223324026912451,68.06,0.0,4.234975676983595,62.5,0.0,4.151040077209473
2020-03-31,72.69,0.0,4.29986710101366,72.14,0.0,4.292375287041068,67.26,0.0,4.223324026912451,68.06,0.0,4.234975676983595,62.5,0.0,4.151040077209473
2020-04-01,72.69,0.0,4.29986710101366,72.14,0.0,4.292375287041068,67.26,0.0,4.223324026912451,68.06,0.0,4.234975676983595,62.5,0.0,4.151040077209473
2020-04-02,72.69,0.0,4.29986710101366,72.14,0.0,4.292375287041068,67.26,0.0,4.223324026912451,68.06,0.0,4.234975676983595,62.5,0.0,4.151040077209473
2020-04-03,72.69,0.0,4.29986710101366,72.14,0.0,4.292375287041068,67.26,0.0,4.223324026912451,68.06,0.0,4.234975676983595,62.5,0.0,4.151040077209473
2020-04-04,72.69,0.0,4.29986710101366,72.14,0.0,4.292375287041068,69.05,0.025885329,4.249209355562925,70.14,0.029674074,4.26464975066483,62.5,0.0,4.151040077209473
2020-04-05,72.69,0.0,4.29986710101366,72.14,0.0,4.292375287041068,69.05,0.0,4.249209355562925,70.14,0.0,4.26464975066483,62.5,0.0,4.151040077209473
2020-04-06,72.69,0.0,4.29986710101366,72.14,0.0,4.292375287041068,70.83,0.025092943,4.274302298203111,72.22,0.028818842,4.293468592688441,62.5,0.0,4.151040077209473
2020-04-07,72.69,0.0,4.29986710101366,72.14,0.0,4.292375287041068,70.83,0.0,4.274302298203111,72.22,0.0,4.293468592688441,62.5,0.0,4.151040077209473
2020-04-08,72.69,0.0,4.29986710101366,72.14,0.0,4.292375287041068,70.83,0.0,4.274302298203111,72.22,0.0,4.293468592688441,62.5,0.0,4.151040077209473
2020-04-09,72.69,0.0,4.29986710101366,72.14,0.0,4.292375287041068,70.83,0.0,4.274302298203111,72.22,0.0,4.293468592688441,62.5,0.0,4.151040077209473
2020-04-10,72.69,0.0,4.29986710101366,72.14,0.0,4.292375287041068,70.83,0.0,4.274302298203111,72.22,0.0,4.293468592688441,62.5,0.0,4.151040077209473
2020-04-11,72.69,0.0,4.29986710101366,72.14,0.0,4.292375287041068,70.83,0.0,4.274302298203111,72.22,0.0,4.293468592688441,62.5,0.0,4.151040077209473
2020-04-12,72.69,0.0,4.29986710101366,72.14,0.0,4.292375287041068,70.83,0.0,4.274302298203111,72.22,0.0,4.293468592688441,62.5,0.0,4.151040077209473
2020-04-13,72.69,0.0,4.29986710101366,72.14,0.0,4.292375287041068,70.83,0.0,4.274302298203111,72.22,0.0,4.293468592688441,62.5,0.0,4.151040077209473
2020-04-14,72.69,0.0,4.29986710101366,72.14,0.0,4.292375287041068,70.83,0.0,4.274302298203111,72.22,0.0,4.293468592688441,62.5,0.0,4.151040077209473
2020-04-15,72.69,0.0,4.29986710101366,72.14,0.0,4.292375287041068,70.83,0.0,4.274302298203111,72.22,0.0,4.293468592688441,62.5,0.0,4.151040077209473
2020-04-16,72.69,0.0,4.29986710101366,72.14,0.0,4.292375287041068,70.83,0.0,4.274302298203111,72.22,0.0,4.293468592688441,62.5,0.0,4.151040077209473
2020-04-17,72.69,0.0,4.29986710101366,72.14,0.0,4.292375287041068,70.83,0.0,4.274302298203111,72.22,0.0,4.293468592688441,62.5,0.0,4.151040077209473
2020-04-18,72.69,0.0,4.29986710101366,72.14,0.0,4.292375287041068,70.83,0.0,4.274302298203111,72.22,0.0,4.293468592688441,62.5,0.0,4.151040077209473
2020-04-19,72.69,0.0,4.29986710101366,72.14,0.0,4.292375287041068,70.83,0.0,4.274302298203111,72.22,0.0,4.293468592688441,62.5,0.0,4.151040077209473
2020-04-20,72.69,0.0,4.29986710101366,72.14,0.0,4.292375287041068,70.83,0.0,4.274302298203111,72.22,0.0,4.293468592688441,62.5,0.0,4.151040077209473
2020-04-21,72.69,0.0,4.29986710101366,72.14,0.0,4.292375287041068,70.83,0.0,4.274302298203111,72.22,0.0,4.293468592688441,62.5,0.0,4.151040077209473
2020-04-22,72.69,0.0,4.29986710101366,72.14,0.0,4.292375287041068,70.83,0.0,4.274302298203111,72.22,0.0,4.293468592688441,62.5,0.0,4.151040077209473
2020-04-23,72.69,0.0,4.29986710101366,72.14,0.0,4.292375287041068,70.83,0.0,4.274302298203111,72.22,0.0,4.293468592688441,62.5,0.0,4.151040077209473
2020-04-24,72.69,0.0,4.29986710101366,72.14,0.0,4.292375287041068,70.83,0.0,4.274302298203111,72.22,0.0,4.293468592688441,62.5,0.0,4.151040077209473
2020-04-25,72.69,0.0,4.29986710101366,72.14,0.0,4.292375287041068,70.83,0.0,4.274302298203111,72.22,0.0,4.293468592688441,62.5,0.0,4.151040077209473
2020-04-26,72.69,0.0,4.29986710101366,72.14,0.0,4.292375287041068,70.83,0.0,4.274302298203111,72.22,0.0,4.293468592688441,62.5,0.0,4.151040077209473
2020-04-27,72.69,0.0,4.29986710101366,72.14,0.0,4.292375287041068,70.83,0.0,4.274302298203111,72.22,0.0,4.293468592688441,62.5,0.0,4.151040077209473
2020-04-28,72.69,0.0,4.29986710101366,72.14,0.0,4.292375287041068,70.83,0.0,4.274302298203111,72.22,0.0,4.293468592688441,62.5,0.0,4.151040077209473
2020-04-29,72.69,0.0,4.29986710101366,72.14,0.0,4.292375287041068,70.83,0.0,4.274302298203111,72.22,0.0,4.293468592688441,62.5,0.0,4.151040077209473
2020-04-30,72.69,0.0,4.29986710101366,72.14,0.0,4.292375287041068,70.83,0.0,4.274302298203111,72.22,0.0,4.293468592688441,62.5,0.0,4.151040077209473
2020-05-01,72.69,0.0,4.29986710101366,72.14,0.0,4.292375287041068,70.83,0.0,4.274302298203111,72.22,0.0,4.293468592688441,62.5,0.0,4.151040077209473
2020-05-02,72.69,0.0,4.29986710101366,72.14,0.0,4.292375287041068,70.83,0.0,4.274302298203111,72.22,0.0,4.293468592688441,62.5,0.0,4.151040077209473
2020-05-03,72.69,0.0,4.29986710101366,72.14,0.0,4.292375287041068,70.83,0.0,4.274302298203111,72.22,0.0,4.293468592688441,62.5,0.0,4.151040077209473
2020-05-04,72.69,0.0,4.29986710101366,72.14,0.0,4.292375287041068,70.83,0.0,4.274302298203111,72.22,0.0,4.293468592688441,62.5,0.0,4.151040077209473
2020-05-05,72.69,0.0,4.29986710101366,72.14,0.0,4.292375287041068,70.83,0.0,4.274302298203111,72.22,0.0,4.293468592688441,62.5,0.0,4.151040077209473
2020-05-06,72.69,0.0,4.29986710101366,72.14,0.0,4.292375287041068,70.83,0.0,4.274302298203111,72.22,0.0,4.293468592688441,62.5,0.0,4.151040077209473
2020-05-07,72.69,0.0,4.29986710101366,72.14,0.0,4.292375287041068,70.83,0.0,4.274302298203111,72.22,0.0,4.293468592688441,62.5,0.0,4.151040077209473
2020-05-08,72.69,0.0,4.29986710101366,72.14,0.0,4.292375287041068,70.83,0.0,4.274302298203111,72.22,0.0,4.293468592688441,62.5,0.0,4.151040077209473
2020-05-09,72.69,0.0,4.29986710101366,72.14,0.0,4.292375287041068,70.83,0.0,4.274302298203111,72.22,0.0,4.293468592688441,62.5,0.0,4.151040077209473
2020-05-10,72.69,0.0,4.29986710101366,72.14,0.0,4.292375287041068,70.83,0.0,4.274302298203111,72.22,0.0,4.293468592688441,62.5,0.0,4.151040077209473
2020-05-11,72.69,0.0,4.29986710101366,72.14,0.0,4.292375287041068,70.83,0.0,4.274302298203111,72.22,0.0,4.293468592688441,62.5,0.0,4.151040077209473
2020-05-12,72.69,0.0,4.29986710101366,72.14,0.0,4.292375287041068,70.83,0.0,4.274302298203111,72.22,0.0,4.293468592688441,62.5,0.0,4.151040077209473
2020-05-13,72.69,0.0,4.29986710101366,72.14,0.0,4.292375287041068,70.83,0.0,4.274302298203111,72.22,0.0,4.293468592688441,62.5,0.0,4.151040077209473
2020-05-14,72.69,0.0,4.29986710101366,72.14,0.0,4.292375287041068,70.83,0.0,4.274302298203111,72.22,0.0,4.293468592688441,62.5,0.0,4.151040077209473
2020-05-15,72.69,0.0,4.29986710101366,72.14,0.0,4.292375287041068,70.83,0.0,4.274302298203111,72.22,0.0,4.293468592688441,62.5,0.0,4.151040077209473
2020-05-16,72.69,0.0,4.29986710101366,72.14,0.0,4.292375287041068,70.83,0.0,4.274302298203111,72.22,0.0,4.293468592688441,62.5,0.0,4.151040077209473
2020-05-17,72.69,0.0,4.29986710101366,72.14,0.0,4.292375287041068,70.83,0.0,4.274302298203111,72.22,0.0,4.293468592688441,62.5,0.0,4.151040077209473
2020-05-18,72.69,0.0,4.29986710101366,72.14,0.0,4.292375287041068,70.83,0.0,4.274302298203111,72.22,0.0,4.293468592688441,62.5,0.0,4.151040077209473
2020-05-19,72.69,0.0,4.29986710101366,72.14,0.0,4.292375287041068,70.83,0.0,4.274302298203111,72.22,0.0,4.293468592688441,62.5,0.0,4.151040077209473
2020-05-20,72.69,0.0,4.29986710101366,72.14,0.0,4.292375287041068,70.83,0.0,4.274302298203111,72.22,0.0,4.293468592688441,62.5,0.0,4.151040077209473
2020-05-21,72.69,0.0,4.29986710101366,72.14,0.0,4.292375287041068,70.83,0.0,4.274302298203111,72.22,0.0,4.293468592688441,62.5,0.0,4.151040077209473
2020-05-22,72.69,0.0,4.29986710101366,72.14,0.0,4.292375287041068,70.83,0.0,4.274302298203111,72.22,0.0,4.293468592688441,62.5,0.0,4.151040077209473
2020-05-23,72.69,0.0,4.29986710101366,72.14,0.0,4.292375287041068,70.83,0.0,4.274302298203111,72.22,0.0,4.293468592688441,62.5,0.0,4.151040077209473
2020-05-24,72.69,0.0,4.29986710101366,72.14,0.0,4.292375287041068,70.83,0.0,4.274302298203111,72.22,0.0,4.293468592688441,62.5,0.0,4.151040077209473
2020-05-25,72.69,0.0,4.29986710101366,72.14,0.0,4.292375287041068,70.83,0.0,4.274302298203111,72.22,0.0,4.293468592688441,62.5,0.0,4.151040077209473
2020-05-26,72.69,0.0,4.29986710101366,72.14,0.0,4.292375287041068,70.83,0.0,4.274302298203111,72.22,0.0,4.293468592688441,62.5,0.0,4.151040077209473
2020-05-27,72.69,0.0,4.29986710101366,72.14,0.0,4.292375287041068,70.83,0.0,4.274302298203111,72.22,0.0,4.293468592688441,62.5,0.0,4.151040077209473
2020-05-28,72.69,0.0,4.29986710101366,72.14,0.0,4.292375287041068,70.83,0.0,4.274302298203111,72.22,0.0,4.293468592688441,62.5,0.0,4.151040077209473
2020-05-29,72.69,0.0,4.29986710101366,72.14,0.0,4.292375287041068,70.83,0.0,4.274302298203111,72.22,0.0,4.293468592688441,62.5,0.0,4.151040077209473
2020-05-30,72.69,0.0,4.29986710101366,72.14,0.0,4.292375287041068,70.83,0.0,4.274302298203111,72.22,0.0,4.293468592688441,62.5,0.0,4.151040077209473
2020-05-31,72.69,0.0,4.29986710101366,72.14,0.0,4.292375287041068,70.83,0.0,4.274302298203111,72.22,0.0,4.293468592688441,62.5,0.0,4.151040077209473
2020-06-01,72.69,0.0,4.29986710101366,72.14,0.0,4.292375287041068,70.83,0.0,4.274302298203111,72.22,0.0,4.293468592688441,62.5,0.0,4.151040077209473
2020-06-02,72.69,0.0,4.29986710101366,72.14,0.0,4.292375287041068,70.83,0.0,4.274302298203111,72.22,0.0,4.293468592688441,62.5,0.0,4.151040077209473
2020-06-03,72.69,0.0,4.29986710101366,72.14,0.0,4.292375287041068,70.83,0.0,4.274302298203111,72.22,0.0,4.293468592688441,62.5,0.0,4.151040077209473
2020-06-04,72.69,0.0,4.29986710101366,72.14,0.0,4.292375287041068,70.83,0.0,4.274302298203111,72.22,0.0,4.293468592688441,62.5,0.0,4.151040077209473
2020-06-05,72.69,0.0,4.29986710101366,72.14,0.0,4.292375287041068,70.83,0.0,4.274302298203111,72.22,0.0,4.293468592688441,62.5,0.0,4.151040077209473
2020-06-06,72.69,0.0,4.29986710101366,72.14,0.0,4.292375287041068,70.83,0.0,4.274302298203111,72.22,0.0,4.293468592688441,62.5,0.0,4.151040077209473
2020-06-07,72.69,0.0,4.29986710101366,72.14,0.0,4.292375287041068,70.83,0.0,4.274302298203111,72.22,0.0,4.293468592688441,62.5,0.0,4.151040077209473
2020-06-08,72.69,0.0,4.29986710101366,72.14,0.0,4.292375287041068,70.83,0.0,4.274302298203111,72.22,0.0,4.293468592688441,62.5,0.0,4.151040077209473
2020-06-09,72.69,0.0,4.29986710101366,72.14,0.0,4.292375287041068,70.83,0.0,4.274302298203111,72.22,0.0,4.293468592688441,62.5,0.0,4.151040077209473
2020-06-10,72.69,0.0,4.29986710101366,72.14,0.0,4.292375287041068,70.83,0.0,4.274302298203111,72.22,0.0,4.293468592688441,62.5,0.0,4.151040077209473
2020-06-11,72.69,0.0,4.29986710101366,72.14,0.0,4.292375287041068,70.83,0.0,4.274302298203111,72.22,0.0,4.293468592688441,62.5,0.0,4.151040077209473
2020-06-12,72.69,0.0,4.29986710101366,72.14,0.0,4.292375287041068,70.83,0.0,4.274302298203111,72.22,0.0,4.293468592688441,62.5,0.0,4.151040077209473
2020-06-13,72.69,0.0,4.29986710101366,72.14,0.0,4.292375287041068,70.83,0.0,4.274302298203111,72.22,0.0,4.293468592688441,62.5,0.0,4.151040077209473
2020-06-14,72.69,0.0,4.29986710101366,72.14,0.0,4.292375287041068,70.83,0.0,4.274302298203111,72.22,0.0,4.293468592688441,62.5,0.0,4.151040077209473
2020-06-15,68.98,-0.051657617,4.248209483921528,68.57,-0.050041974,4.242333313450217,68.45,-0.033695146,4.240607151761651,69.44,-0.038707323,4.254761269316077,62.5,0.0,4.151040077209473
2020-06-16,68.98,0.0,4.248209483921528,68.57,0.0,4.242333313450217,68.45,0.0,4.240607151761651,69.44,0.0,4.254761269316077,62.5,0.0,4.151040077209473
2020-06-17,68.98,0.0,4.248209483921528,68.57,0.0,4.242333313450217,68.45,0.0,4.240607151761651,69.44,0.0,4.254761269316077,62.5,0.0,4.151040077209473
2020-06-18,68.98,0.0,4.248209483921528,68.57,0.0,4.242333313450217,68.45,0.0,4.240607151761651,69.44,0.0,4.254761269316077,62.5,0.0,4.151040077209473
2020-06-19,68.98,0.0,4.248209483921528,68.57,0.0,4.242333313450217,68.45,0.0,4.240607151761651,69.44,0.0,4.254761269316077,62.5,0.0,4.151040077209473
2020-06-20,68.98,0.0,4.248209483921528,68.57,0.0,4.242333313450217,68.45,0.0,4.240607151761651,69.44,0.0,4.254761269316077,62.5,0.0,4.151040077209473
2020-06-21,68.98,0.0,4.248209483921528,68.57,0.0,4.242333313450217,68.45,0.0,4.240607151761651,69.44,0.0,4.254761269316077,62.5,0.0,4.151040077209473
2020-06-22,68.98,0.0,4.248209483921528,68.57,0.0,4.242333313450217,68.45,0.0,4.240607151761651,69.44,0.0,4.254761269316077,62.5,0.0,4.151040077209473
2020-06-23,68.98,0.0,4.248209483921528,68.57,0.0,4.242333313450217,68.45,0.0,4.240607151761651,69.44,0.0,4.254761269316077,62.5,0.0,4.151040077209473
2020-06-24,68.98,0.0,4.248209483921528,68.57,0.0,4.242333313450217,68.45,0.0,4.240607151761651,69.44,0.0,4.254761269316077,62.5,0.0,4.151040077209473
2020-06-25,68.98,0.0,4.248209483921528,68.57,0.0,4.242333313450217,68.45,0.0,4.240607151761651,69.44,0.0,4.254761269316077,62.5,0.0,4.151040077209473
2020-06-26,68.98,0.0,4.248209483921528,68.57,0.0,4.242333313450217,68.45,0.0,4.240607151761651,69.44,0.0,4.254761269316077,62.5,0.0,4.151040077209473
2020-06-27,68.98,0.0,4.248209483921528,68.57,0.0,4.242333313450217,68.45,0.0,4.240607151761651,69.44,0.0,4.254761269316077,62.5,0.0,4.151040077209473
2020-06-28,68.98,0.0,4.248209483921528,68.57,0.0,4.242333313450217,68.45,0.0,4.240607151761651,69.44,0.0,4.254761269316077,62.5,0.0,4.151040077209473
2020-06-29,68.98,0.0,4.248209483921528,68.57,0.0,4.242333313450217,68.45,0.0,4.240607151761651,69.44,0.0,4.254761269316077,62.5,0.0,4.151040077209473
2020-06-30,68.98,0.0,4.248209483921528,68.57,0.0,4.242333313450217,68.45,0.0,4.240607151761651,69.44,0.0,4.254761269316077,62.5,0.0,4.151040077209473
2020-07-01,68.98,0.0,4.248209483921528,68.57,0.0,4.242333313450217,70.24,0.02544739,4.266054540872574,71.53,0.029238986,4.284000255167484,62.5,0.0,4.151040077209473
2020-07-02,68.98,0.0,4.248209483921528,68.57,0.0,4.242333313450217,70.24,0.0,4.266054540872574,71.53,0.0,4.284000255167484,62.5,0.0,4.151040077209473
2020-07-03,68.98,0.0,4.248209483921528,68.57,0.0,4.242333313450217,70.24,0.0,4.266054540872574,71.53,0.0,4.284000255167484,62.5,0.0,4.151040077209473
2020-07-04,68.98,0.0,4.248209483921528,68.57,0.0,4.242333313450217,70.24,0.0,4.266054540872574,71.53,0.0,4.284000255167484,62.5,0.0,4.151040077209473
2020-07-05,68.98,0.0,4.248209483921528,68.57,0.0,4.242333313450217,70.24,0.0,4.266054540872574,71.53,0.0,4.284000255167484,62.5,0.0,4.151040077209473
2020-07-06,68.98,0.0,4.248209483921528,68.57,0.0,4.242333313450217,70.24,0.0,4.266054540872574,71.53,0.0,4.284000255167484,62.5,0.0,4.151040077209473
2020-07-07,68.98,0.0,4.248209483921528,68.57,0.0,4.242333313450217,70.24,0.0,4.266054540872574,71.53,0.0,4.284000255167484,62.5,0.0,4.151040077209473
2020-07-08,68.98,0.0,4.248209483921528,68.57,0.0,4.242333313450217,70.24,0.0,4.266054540872574,71.53,0.0,4.284000255167484,62.5,0.0,4.151040077209473
2020-07-09,68.98,0.0,4.248209483921528,68.57,0.0,4.242333313450217,70.24,0.0,4.266054540872574,71.53,0.0,4.284000255167484,62.5,0.0,4.151040077209473
2020-07-10,68.98,0.0,4.248209483921528,68.57,0.0,4.242333313450217,70.24,0.0,4.266054540872574,71.53,0.0,4.284000255167484,62.5,0.0,4.151040077209473
2020-07-11,68.98,0.0,4.248209483921528,68.57,0.0,4.242333313450217,70.24,0.0,4.266054540872574,71.53,0.0,4.284000255167484,62.5,0.0,4.151040077209473
2020-07-12,68.98,0.0,4.248209483921528,68.57,0.0,4.242333313450217,70.24,0.0,4.266054540872574,71.53,0.0,4.284000255167484,62.5,0.0,4.151040077209473
2020-07-13,68.98,0.0,4.248209483921528,68.57,0.0,4.242333313450217,70.24,0.0,4.266054540872574,71.53,0.0,4.284000255167484,62.5,0.0,4.151040077209473
2020-07-14,68.98,0.0,4.248209483921528,68.57,0.0,4.242333313450217,70.24,0.0,4.266054540872574,71.53,0.0,4.284000255167484,62.5,0.0,4.151040077209473
2020-07-15,68.98,0.0,4.248209483921528,68.57,0.0,4.242333313450217,70.24,0.0,4.266054540872574,71.53,0.0,4.284000255167484,62.5,0.0,4.151040077209473
2020-07-16,68.98,0.0,4.248209483921528,68.57,0.0,4.242333313450217,70.24,0.0,4.266054540872574,71.53,0.0,4.284000255167484,62.5,0.0,4.151040077209473
2020-07-17,68.98,0.0,4.248209483921528,68.57,0.0,4.242333313450217,70.24,0.0,4.266054540872574,71.53,0.0,4.284000255167484,62.5,0.0,4.151040077209473
2020-07-18,68.98,0.0,4.248209483921528,68.57,0.0,4.242333313450217,70.24,0.0,4.266054540872574,71.53,0.0,4.284000255167484,62.5,0.0,4.151040077209473
2020-07-19,68.98,0.0,4.248209483921528,68.57,0.0,4.242333313450217,70.24,0.0,4.266054540872574,71.53,0.0,4.284000255167484,62.5,0.0,4.151040077209473
2020-07-20,67.13,-0.026791843,4.22141764126718,68.57,0.0,4.242333313450217,69.05,-0.016845185,4.249209355562925,70.14,-0.019350503,4.264649752527475,62.5,0.0,4.151040077209473
2020-07-21,67.13,0.0,4.22141764126718,68.57,0.0,4.242333313450217,69.05,0.0,4.249209355562925,70.14,0.0,4.264649752527475,62.5,0.0,4.151040077209473
2020-07-22,67.13,0.0,4.22141764126718,68.57,0.0,4.242333313450217,69.05,0.0,4.249209355562925,70.14,0.0,4.264649752527475,62.5,0.0,4.151040077209473
2020-07-23,67.13,0.0,4.22141764126718,68.57,0.0,4.242333313450217,69.05,0.0,4.249209355562925,70.14,0.0,4.264649752527475,62.5,0.0,4.151040077209473
2020-07-24,67.13,0.0,4.22141764126718,68.57,0.0,4.242333313450217,69.05,0.0,4.249209355562925,70.14,0.0,4.264649752527475,62.5,0.0,4.151040077209473
2020-07-25,67.13,0.0,4.22141764126718,68.57,0.0,4.242333313450217,69.05,0.0,4.249209355562925,70.14,0.0,4.264649752527475,62.5,0.0,4.151040077209473
2020-07-26,67.13,0.0,4.22141764126718,68.57,0.0,4.242333313450217,69.05,0.0,4.249209355562925,70.14,0.0,4.264649752527475,62.5,0.0,4.151040077209473
2020-07-27,67.13,0.0,4.22141764126718,68.57,0.0,4.242333313450217,69.05,0.0,4.249209355562925,70.14,0.0,4.264649752527475,62.5,0.0,4.151040077209473
2020-07-28,67.13,0.0,4.22141764126718,68.57,0.0,4.242333313450217,69.05,0.0,4.249209355562925,70.14,0.0,4.264649752527475,62.5,0.0,4.151040077209473
2020-07-29,67.13,0.0,4.22141764126718,68.57,0.0,4.242333313450217,69.05,0.0,4.249209355562925,70.14,0.0,4.264649752527475,62.5,0.0,4.151040077209473
2020-07-30,67.13,0.0,4.22141764126718,68.57,0.0,4.242333313450217,69.05,0.0,4.249209355562925,70.14,0.0,4.264649752527475,62.5,0.0,4.151040077209473
2020-07-31,67.13,0.0,4.22141764126718,68.57,0.0,4.242333313450217,69.05,0.0,4.249209355562925,70.14,0.0,4.264649752527475,62.5,0.0,4.151040077209473
2020-08-01,67.13,0.0,4.22141764126718,68.57,0.0,4.242333313450217,69.05,0.0,4.249209355562925,70.14,0.0,4.264649752527475,62.5,0.0,4.151040077209473
2020-08-02,67.13,0.0,4.22141764126718,68.57,0.0,4.242333313450217,69.05,0.0,4.249209355562925,70.14,0.0,4.264649752527475,62.5,0.0,4.151040077209473
2020-08-03,67.13,0.0,4.22141764126718,68.57,0.0,4.242333313450217,69.05,0.0,4.249209355562925,70.14,0.0,4.264649752527475,62.5,0.0,4.151040077209473
2020-08-04,67.13,0.0,4.22141764126718,68.57,0.0,4.242333313450217,69.05,0.0,4.249209355562925,70.14,0.0,4.264649752527475,62.5,0.0,4.151040077209473
2020-08-05,67.13,0.0,4.22141764126718,68.57,0.0,4.242333313450217,69.05,0.0,4.249209355562925,70.14,0.0,4.264649752527475,62.5,0.0,4.151040077209473
2020-08-06,67.13,0.0,4.22141764126718,68.57,0.0,4.242333313450217,69.05,0.0,4.249209355562925,70.14,0.0,4.264649752527475,62.5,0.0,4.151040077209473
2020-08-07,67.13,0.0,4.22141764126718,68.57,0.0,4.242333313450217,69.05,0.0,4.249209355562925,70.14,0.0,4.264649752527475,62.5,0.0,4.151040077209473
2020-08-08,67.13,0.0,4.22141764126718,68.57,0.0,4.242333313450217,69.05,0.0,4.249209355562925,70.14,0.0,4.264649752527475,62.5,0.0,4.151040077209473
2020-08-09,67.13,0.0,4.22141764126718,68.57,0.0,4.242333313450217,69.05,0.0,4.249209355562925,70.14,0.0,4.264649752527475,62.5,0.0,4.151040077209473
2020-08-10,67.13,0.0,4.22141764126718,68.57,0.0,4.242333313450217,69.05,0.0,4.249209355562925,70.14,0.0,4.264649752527475,62.5,0.0,4.151040077209473
2020-08-11,67.13,0.0,4.22141764126718,68.57,0.0,4.242333313450217,69.05,0.0,4.249209355562925,70.14,0.0,4.264649752527475,62.5,0.0,4.151040077209473
2020-08-12,67.13,0.0,4.22141764126718,68.57,0.0,4.242333313450217,69.05,0.0,4.249209355562925,70.14,0.0,4.264649752527475,62.5,0.0,4.151040077209473
2020-08-13,67.13,0.0,4.22141764126718,68.57,0.0,4.242333313450217,69.05,0.0,4.249209355562925,70.14,0.0,4.264649752527475,62.5,0.0,4.151040077209473
2020-08-14,67.13,0.0,4.22141764126718,68.57,0.0,4.242333313450217,69.05,0.0,4.249209355562925,70.14,0.0,4.264649752527475,62.5,0.0,4.151040077209473
2020-08-15,67.13,0.0,4.22141764126718,68.57,0.0,4.242333313450217,69.05,0.0,4.249209355562925,70.14,0.0,4.264649752527475,62.5,0.0,4.151040077209473
2020-08-16,67.13,0.0,4.22141764126718,68.57,0.0,4.242333313450217,69.05,0.0,4.249209355562925,70.14,0.0,4.264649752527475,62.5,0.0,4.151040077209473
2020-08-17,67.13,0.0,4.22141764126718,68.57,0.0,4.242333313450217,69.05,0.0,4.249209355562925,70.14,0.0,4.264649752527475,62.5,0.0,4.151040077209473
2020-08-18,67.13,0.0,4.22141764126718,68.57,0.0,4.242333313450217,69.05,0.0,4.249209355562925,70.14,0.0,4.264649752527475,62.5,0.0,4.151040077209473
2020-08-19,67.13,0.0,4.22141764126718,68.57,0.0,4.242333313450217,69.05,0.0,4.249209355562925,70.14,0.0,4.264649752527475,62.5,0.0,4.151040077209473
2020-08-20,67.13,0.0,4.22141764126718,68.57,0.0,4.242333313450217,69.05,0.0,4.249209355562925,70.14,0.0,4.264649752527475,62.5,0.0,4.151040077209473
2020-08-21,67.13,0.0,4.22141764126718,68.57,0.0,4.242333313450217,69.05,0.0,4.249209355562925,70.14,0.0,4.264649752527475,62.5,0.0,4.151040077209473
2020-08-22,67.13,0.0,4.22141764126718,68.57,0.0,4.242333313450217,69.05,0.0,4.249209355562925,70.14,0.0,4.264649752527475,62.5,0.0,4.151040077209473
2020-08-23,67.13,0.0,4.22141764126718,68.57,0.0,4.242333313450217,69.05,0.0,4.249209355562925,70.14,0.0,4.264649752527475,62.5,0.0,4.151040077209473
2020-08-24,67.13,0.0,4.22141764126718,68.57,0.0,4.242333313450217,69.05,0.0,4.249209355562925,70.14,0.0,4.264649752527475,62.5,0.0,4.151040077209473
2020-08-25,67.13,0.0,4.22141764126718,68.57,0.0,4.242333313450217,69.05,0.0,4.249209355562925,70.14,0.0,4.264649752527475,62.5,0.0,4.151040077209473
2020-08-26,67.13,0.0,4.22141764126718,68.57,0.0,4.242333313450217,69.05,0.0,4.249209355562925,70.14,0.0,4.264649752527475,62.5,0.0,4.151040077209473
2020-08-27,67.13,0.0,4.22141764126718,68.57,0.0,4.242333313450217,69.05,0.0,4.249209355562925,70.14,0.0,4.264649752527475,62.5,0.0,4.151040077209473
2020-08-28,67.13,0.0,4.22141764126718,68.57,0.0,4.242333313450217,69.05,0.0,4.249209355562925,70.14,0.0,4.264649752527475,62.5,0.0,4.151040077209473
2020-08-29,67.13,0.0,4.22141764126718,68.57,0.0,4.242333313450217,69.05,0.0,4.249209355562925,70.14,0.0,4.264649752527475,62.5,0.0,4.151040077209473
2020-08-30,67.13,0.0,4.22141764126718,68.57,0.0,4.242333313450217,69.05,0.0,4.249209355562925,70.14,0.0,4.264649752527475,62.5,0.0,4.151040077209473
2020-08-31,67.13,0.0,4.22141764126718,68.57,0.0,4.242333313450217,69.05,0.0,4.249209355562925,70.14,0.0,4.264649752527475,62.5,0.0,4.151040077209473
2020-09-01,67.13,0.0,4.22141764126718,68.57,0.0,4.242333313450217,69.05,0.0,4.249209355562925,70.14,0.0,4.264649752527475,62.5,0.0,4.151040077209473
2020-09-02,67.13,0.0,4.22141764126718,68.57,0.0,4.242333313450217,69.05,0.0,4.249209355562925,70.14,0.0,4.264649752527475,62.5,0.0,4.151040077209473
2020-09-03,67.13,0.0,4.22141764126718,68.57,0.0,4.242333313450217,69.05,0.0,4.249209355562925,70.14,0.0,4.264649752527475,62.5,0.0,4.151040077209473
2020-09-04,67.13,0.0,4.22141764126718,68.57,0.0,4.242333313450217,69.05,0.0,4.249209355562925,70.14,0.0,4.264649752527475,62.5,0.0,4.151040077209473
2020-09-05,67.13,0.0,4.22141764126718,68.57,0.0,4.242333313450217,69.05,0.0,4.249209355562925,70.14,0.0,4.264649752527475,62.5,0.0,4.151040077209473
2020-09-06,67.13,0.0,4.22141764126718,68.57,0.0,4.242333313450217,69.05,0.0,4.249209355562925,70.14,0.0,4.264649752527475,62.5,0.0,4.151040077209473
2020-09-07,67.13,0.0,4.22141764126718,68.57,0.0,4.242333313450217,69.05,0.0,4.249209355562925,70.14,0.0,4.264649752527475,62.5,0.0,4.151040077209473
2020-09-08,67.13,0.0,4.22141764126718,68.57,0.0,4.242333313450217,69.05,0.0,4.249209355562925,70.14,0.0,4.264649752527475,62.5,0.0,4.151040077209473
2020-09-09,67.13,0.0,4.22141764126718,68.57,0.0,4.242333313450217,69.05,0.0,4.249209355562925,70.14,0.0,4.264649752527475,62.5,0.0,4.151040077209473
2020-09-10,67.13,0.0,4.22141764126718,68.57,0.0,4.242333313450217,69.05,0.0,4.249209355562925,70.14,0.0,4.264649752527475,62.5,0.0,4.151040077209473
2020-09-11,67.13,0.0,4.22141764126718,68.57,0.0,4.242333313450217,69.05,0.0,4.249209355562925,70.14,0.0,4.264649752527475,62.5,0.0,4.151040077209473
2020-09-12,62.5,-0.07037774,4.151039903983474,66.67,-0.027690489,4.214642824605107,66.07,-0.043472424,4.205736931413412,66.67,-0.050006818,4.214642934501171,62.5,0.0,4.151040077209473
2020-09-13,62.5,0.0,4.151039903983474,66.67,0.0,4.214642824605107,66.07,0.0,4.205736931413412,66.67,0.0,4.214642934501171,62.5,0.0,4.151040077209473
2020-09-14,62.5,0.0,4.151039903983474,66.67,0.0,4.214642824605107,66.07,0.0,4.205736931413412,66.67,0.0,4.214642934501171,62.5,0.0,4.151040077209473
2020-09-15,62.5,0.0,4.151039903983474,66.67,0.0,4.214642824605107,66.07,0.0,4.205736931413412,66.67,0.0,4.214642934501171,62.5,0.0,4.151040077209473
2020-09-16,62.5,0.0,4.151039903983474,66.67,0.0,4.214642824605107,66.07,0.0,4.205736931413412,66.67,0.0,4.214642934501171,62.5,0.0,4.151040077209473
2020-09-17,62.5,0.0,4.151039903983474,66.67,0.0,4.214642824605107,66.07,0.0,4.205736931413412,66.67,0.0,4.214642934501171,62.5,0.0,4.151040077209473
2020-09-18,62.5,0.0,4.151039903983474,66.67,0.0,4.214642824605107,66.07,0.0,4.205736931413412,66.67,0.0,4.214642934501171,62.5,0.0,4.151040077209473
2020-09-19,62.5,0.0,4.151039903983474,66.67,0.0,4.214642824605107,66.07,0.0,4.205736931413412,66.67,0.0,4.214642934501171,62.5,0.0,4.151040077209473
2020-09-20,62.5,0.0,4.151039903983474,66.67,0.0,4.214642824605107,66.07,0.0,4.205736931413412,66.67,0.0,4.214642934501171,62.5,0.0,4.151040077209473
2020-09-21,62.5,0.0,4.151039903983474,66.67,0.0,4.214642824605107,66.07,0.0,4.205736931413412,66.67,0.0,4.214642934501171,62.5,0.0,4.151040077209473
2020-09-22,62.5,0.0,4.151039903983474,66.67,0.0,4.214642824605107,66.07,0.0,4.205736931413412,66.67,0.0,4.214642934501171,62.5,0.0,4.151040077209473
2020-09-23,62.5,0.0,4.151039903983474,66.67,0.0,4.214642824605107,66.07,0.0,4.205736931413412,66.67,0.0,4.214642934501171,62.5,0.0,4.151040077209473
2020-09-24,62.5,0.0,4.151039903983474,66.67,0.0,4.214642824605107,66.07,0.0,4.205736931413412,66.67,0.0,4.214642934501171,62.5,0.0,4.151040077209473
2020-09-25,62.5,0.0,4.151039903983474,66.67,0.0,4.214642824605107,66.07,0.0,4.205736931413412,66.67,0.0,4.214642934501171,62.5,0.0,4.151040077209473
2020-09-26,62.5,0.0,4.151039903983474,66.67,0.0,4.214642824605107,66.07,0.0,4.205736931413412,66.67,0.0,4.214642934501171,62.5,0.0,4.151040077209473
2020-09-27,62.5,0.0,4.151039903983474,66.67,0.0,4.214642824605107,66.07,0.0,4.205736931413412,66.67,0.0,4.214642934501171,62.5,0.0,4.151040077209473
2020-09-28,62.5,0.0,4.151039903983474,66.67,0.0,4.214642824605107,66.07,0.0,4.205736931413412,66.67,0.0,4.214642934501171,62.5,0.0,4.151040077209473
2020-09-29,62.5,0.0,4.151039903983474,66.67,0.0,4.214642824605107,66.07,0.0,4.205736931413412,66.67,0.0,4.214642934501171,62.5,0.0,4.151040077209473
2020-09-30,62.5,0.0,4.151039903983474,66.67,0.0,4.214642824605107,66.07,0.0,4.205736931413412,66.67,0.0,4.214642934501171,62.5,0.0,4.151040077209473
2020-10-01,62.5,0.0,4.151039903983474,66.67,0.0,4.214642824605107,66.07,0.0,4.205736931413412,66.67,0.0,4.214642934501171,62.5,0.0,4.151040077209473
2020-10-02,62.5,0.0,4.151039903983474,66.67,0.0,4.214642824605107,66.07,0.0,4.205736931413412,66.67,0.0,4.214642934501171,62.5,0.0,4.151040077209473
2020-10-03,62.5,0.0,4.151039903983474,66.67,0.0,4.214642824605107,66.07,0.0,4.205736931413412,66.67,0.0,4.214642934501171,62.5,0.0,4.151040077209473
2020-10-04,62.5,0.0,4.151039903983474,66.67,0.0,4.214642824605107,66.07,0.0,4.205736931413412,66.67,0.0,4.214642934501171,62.5,0.0,4.151040077209473
2020-10-05,62.5,0.0,4.151039903983474,66.67,0.0,4.214642824605107,66.07,0.0,4.205736931413412,66.67,0.0,4.214642934501171,62.5,0.0,4.151040077209473
2020-10-06,62.5,0.0,4.151039903983474,66.67,0.0,4.214642824605107,66.07,0.0,4.205736931413412,66.67,0.0,4.214642934501171,62.5,0.0,4.151040077209473
2020-10-07,62.5,0.0,4.151039903983474,66.67,0.0,4.214642824605107,66.07,0.0,4.205736931413412,66.67,0.0,4.214642934501171,62.5,0.0,4.151040077209473
2020-10-08,62.5,0.0,4.151039903983474,66.67,0.0,4.214642824605107,66.07,0.0,4.205736931413412,66.67,0.0,4.214642934501171,62.5,0.0,4.151040077209473
2020-10-09,62.5,0.0,4.151039903983474,66.67,0.0,4.214642824605107,66.07,0.0,4.205736931413412,66.67,0.0,4.214642934501171,62.5,0.0,4.151040077209473
2020-10-10,62.5,0.0,4.151039903983474,66.67,0.0,4.214642824605107,66.07,0.0,4.205736931413412,66.67,0.0,4.214642934501171,62.5,0.0,4.151040077209473
2020-10-11,62.5,0.0,4.151039903983474,66.67,0.0,4.214642824605107,66.07,0.0,4.205736931413412,66.67,0.0,4.214642934501171,62.5,0.0,4.151040077209473
2020-10-12,62.5,0.0,4.151039903983474,66.67,0.0,4.214642824605107,66.07,0.0,4.205736931413412,66.67,0.0,4.214642934501171,62.5,0.0,4.151040077209473
2020-10-13,66.2,0.056633342,4.20767324604094,66.67,0.0,4.214642824605107,68.45,0.03487022,4.240607149899006,69.44,0.040118333,4.254761267453432,62.5,0.0,4.151040077209473
2020-10-14,66.2,0.0,4.20767324604094,66.67,0.0,4.214642824605107,68.45,0.0,4.240607149899006,69.44,0.0,4.254761267453432,62.5,0.0,4.151040077209473
2020-10-15,66.2,0.0,4.20767324604094,66.67,0.0,4.214642824605107,68.45,0.0,4.240607149899006,69.44,0.0,4.254761267453432,62.5,0.0,4.151040077209473
2020-10-16,66.2,0.0,4.20767324604094,66.67,0.0,4.214642824605107,68.45,0.0,4.240607149899006,69.44,0.0,4.254761267453432,62.5,0.0,4.151040077209473
2020-10-17,66.2,0.0,4.20767324604094,66.67,0.0,4.214642824605107,68.45,0.0,4.240607149899006,69.44,0.0,4.254761267453432,62.5,0.0,4.151040077209473
2020-10-18,66.2,0.0,4.20767324604094,66.67,0.0,4.214642824605107,68.45,0.0,4.240607149899006,69.44,0.0,4.254761267453432,62.5,0.0,4.151040077209473
2020-10-19,66.2,0.0,4.20767324604094,66.67,0.0,4.214642824605107,68.45,0.0,4.240607149899006,69.44,0.0,4.254761267453432,62.5,0.0,4.151040077209473
2020-10-20,66.2,0.0,4.20767324604094,66.67,0.0,4.214642824605107,68.45,0.0,4.240607149899006,69.44,0.0,4.254761267453432,62.5,0.0,4.151040077209473
2020-10-21,66.2,0.0,4.20767324604094,66.67,0.0,4.214642824605107,68.45,0.0,4.240607149899006,69.44,0.0,4.254761267453432,62.5,0.0,4.151040077209473
2020-10-22,66.2,0.0,4.20767324604094,66.67,0.0,4.214642824605107,68.45,0.0,4.240607149899006,69.44,0.0,4.254761267453432,62.5,0.0,4.151040077209473
2020-10-23,66.2,0.0,4.20767324604094,66.67,0.0,4.214642824605107,68.45,0.0,4.240607149899006,69.44,0.0,4.254761267453432,62.5,0.0,4.151040077209473
2020-10-24,66.2,0.0,4.20767324604094,66.67,0.0,4.214642824605107,68.45,0.0,4.240607149899006,69.44,0.0,4.254761267453432,62.5,0.0,4.151040077209473
2020-10-25,66.2,0.0,4.20767324604094,66.67,0.0,4.214642824605107,68.45,0.0,4.240607149899006,69.44,0.0,4.254761267453432,62.5,0.0,4.151040077209473
2020-10-26,62.5,-0.056633342,4.151039903983474,66.67,0.0,4.214642824605107,66.07,-0.03487022,4.205736931413412,66.67,-0.040118333,4.214642934501171,62.5,0.0,4.151040077209473
2020-10-27,62.5,0.0,4.151039903983474,66.67,0.0,4.214642824605107,66.07,0.0,4.205736931413412,66.67,0.0,4.214642934501171,62.5,0.0,4.151040077209473
2020-10-28,62.5,0.0,4.151039903983474,66.67,0.0,4.214642824605107,66.07,0.0,4.205736931413412,66.67,0.0,4.214642934501171,62.5,0.0,4.151040077209473
2020-10-29,62.5,0.0,4.151039903983474,66.67,0.0,4.214642824605107,66.07,0.0,4.205736931413412,66.67,0.0,4.214642934501171,62.5,0.0,4.151040077209473
2020-10-30,62.5,0.0,4.151039903983474,66.67,0.0,4.214642824605107,66.07,0.0,4.205736931413412,66.67,0.0,4.214642934501171,62.5,0.0,4.151040077209473
2020-10-31,62.5,0.0,4.151039903983474,66.67,0.0,4.214642824605107,66.07,0.0,4.205736931413412,66.67,0.0,4.214642934501171,62.5,0.0,4.151040077209473
2020-11-01,62.5,0.0,4.151039903983474,66.67,0.0,4.214642824605107,66.07,0.0,4.205736931413412,66.67,0.0,4.214642934501171,62.5,0.0,4.151040077209473
2020-11-02,62.5,0.0,4.151039903983474,66.67,0.0,4.214642824605107,66.07,0.0,4.205736931413412,66.67,0.0,4.214642934501171,62.5,0.0,4.151040077209473
2020-11-03,62.5,0.0,4.151039903983474,66.67,0.0,4.214642824605107,66.07,0.0,4.205736931413412,66.67,0.0,4.214642934501171,62.5,0.0,4.151040077209473
2020-11-04,62.5,0.0,4.151039903983474,66.67,0.0,4.214642824605107,66.07,0.0,4.205736931413412,66.67,0.0,4.214642934501171,62.5,0.0,4.151040077209473
2020-11-05,62.5,0.0,4.151039903983474,66.67,0.0,4.214642824605107,66.07,0.0,4.205736931413412,66.67,0.0,4.214642934501171,62.5,0.0,4.151040077209473
2020-11-06,62.5,0.0,4.151039903983474,66.67,0.0,4.214642824605107,66.07,0.0,4.205736931413412,66.67,0.0,4.214642934501171,62.5,0.0,4.151040077209473
2020-11-07,62.5,0.0,4.151039903983474,66.67,0.0,4.214642824605107,66.07,0.0,4.205736931413412,66.67,0.0,4.214642934501171,62.5,0.0,4.151040077209473
2020-11-08,62.5,0.0,4.151039903983474,66.67,0.0,4.214642824605107,66.07,0.0,4.205736931413412,66.67,0.0,4.214642934501171,62.5,0.0,4.151040077209473
2020-11-09,65.28,0.042848285,4.193888189271092,71.43,0.06797763,4.282620454207063,67.86,0.026338607,4.232075538486242,68.75,0.030274471,4.244917405769229,62.5,0.0,4.151040077209473
2020-11-10,65.28,0.0,4.193888189271092,71.43,0.0,4.282620454207063,67.86,0.0,4.232075538486242,68.75,0.0,4.244917405769229,62.5,0.0,4.151040077209473
2020-11-11,65.28,0.0,4.193888189271092,71.43,0.0,4.282620454207063,67.86,0.0,4.232075538486242,68.75,0.0,4.244917405769229,62.5,0.0,4.151040077209473
2020-11-12,65.28,0.0,4.193888189271092,71.43,0.0,4.282620454207063,67.86,0.0,4.232075538486242,68.75,0.0,4.244917405769229,62.5,0.0,4.151040077209473
2020-11-13,65.28,0.0,4.193888189271092,71.43,0.0,4.282620454207063,67.86,0.0,4.232075538486242,68.75,0.0,4.244917405769229,62.5,0.0,4.151040077209473
2020-11-14,65.28,0.0,4.193888189271092,71.43,0.0,4.282620454207063,67.86,0.0,4.232075538486242,68.75,0.0,4.244917405769229,62.5,0.0,4.151040077209473
2020-11-15,65.28,0.0,4.193888189271092,71.43,0.0,4.282620454207063,67.86,0.0,4.232075538486242,68.75,0.0,4.244917405769229,62.5,0.0,4.151040077209473
2020-11-16,75.46,0.14287953,4.33676772005856,76.9,0.072805375,4.355425829067826,74.4,0.090731815,4.322807352989912,76.39,0.10394015,4.348857557401061,62.5,0.0,4.151040077209473
2020-11-17,75.46,0.0,4.33676772005856,76.9,0.0,4.355425829067826,74.4,0.0,4.322807352989912,76.39,0.0,4.348857557401061,62.5,0.0,4.151040077209473
2020-11-18,75.46,0.0,4.33676772005856,76.9,0.0,4.355425829067826,74.4,0.0,4.322807352989912,76.39,0.0,4.348857557401061,62.5,0.0,4.151040077209473
2020-11-19,75.46,0.0,4.33676772005856,76.9,0.0,4.355425829067826,74.4,0.0,4.322807352989912,76.39,0.0,4.348857557401061,62.5,0.0,4.151040077209473
2020-11-20,75.46,0.0,4.33676772005856,76.9,0.0,4.355425829067826,74.4,0.0,4.322807352989912,76.39,0.0,4.348857557401061,62.5,0.0,4.151040077209473
2020-11-21,75.46,0.0,4.33676772005856,76.9,0.0,4.355425829067826,74.4,0.0,4.322807352989912,76.39,0.0,4.348857557401061,62.5,0.0,4.151040077209473
2020-11-22,75.46,0.0,4.33676772005856,76.9,0.0,4.355425829067826,74.4,0.0,4.322807352989912,76.39,0.0,4.348857557401061,62.5,0.0,4.151040077209473
2020-11-23,75.46,0.0,4.33676772005856,76.9,0.0,4.355425829067826,74.4,0.0,4.322807352989912,76.39,0.0,4.348857557401061,62.5,0.0,4.151040077209473
2020-11-24,75.46,0.0,4.33676772005856,76.9,0.0,4.355425829067826,74.4,0.0,4.322807352989912,76.39,0.0,4.348857557401061,62.5,0.0,4.151040077209473
2020-11-25,75.46,0.0,4.33676772005856,76.9,0.0,4.355425829067826,74.4,0.0,4.322807352989912,76.39,0.0,4.348857557401061,62.5,0.0,4.151040077209473
2020-11-26,75.46,0.0,4.33676772005856,76.9,0.0,4.355425829067826,74.4,0.0,4.322807352989912,76.39,0.0,4.348857557401061,62.5,0.0,4.151040077209473
2020-11-27,75.46,0.0,4.33676772005856,76.9,0.0,4.355425829067826,74.4,0.0,4.322807352989912,76.39,0.0,4.348857557401061,62.5,0.0,4.151040077209473
2020-11-28,75.46,0.0,4.33676772005856,76.9,0.0,4.355425829067826,74.4,0.0,4.322807352989912,76.39,0.0,4.348857557401061,62.5,0.0,4.151040077209473
2020-11-29,75.46,0.0,4.33676772005856,76.9,0.0,4.355425829067826,74.4,0.0,4.322807352989912,76.39,0.0,4.348857557401061,62.5,0.0,4.151040077209473
